candidate_id,variant,omitted_component,score,rank,observed_weight_fraction
VST-00404d88e053db71,all_components,none,0.845548408721151,165.0,0.85
VST-007054e1d4147def,all_components,none,0.8412537323671759,232.0,0.85
VST-036f6d04d9c53b9f,all_components,none,0.8441446071165521,212.0,0.85
VST-03ed4c8cfa516e76,all_components,none,0.789258473708528,247.0,0.85
VST-047c7cccd59bb4f8,all_components,none,0.8464543146718491,136.0,0.85
VST-0485f8c0adcbd9df,all_components,none,0.8441446071165521,213.0,0.85
VST-04b44972473503e3,all_components,none,0.845548408721151,166.0,0.85
VST-05773aada3f016db,all_components,none,0.8412537323671759,233.0,0.85
VST-05b99c897b142721,all_components,none,0.846915388633402,110.0,0.85
VST-05edd1617c88ef7b,all_components,none,0.8464543146718491,137.0,0.85
VST-062ea14755aa8fb5,all_components,none,0.8478212945841,100.0,0.85
VST-0711102ad2e7e3a0,all_components,none,0.8464543146718491,138.0,0.85
VST-08294a9909671800,all_components,none,0.8464543146718491,139.0,0.85
VST-094a717e7aead924,all_components,none,0.842777627204301,215.0,0.85
VST-0a56b550e18f154e,all_components,none,0.8464543146718491,140.0,0.85
VST-0b4a5b34bfa7e0c2,all_components,none,0.842777627204301,216.0,0.85
VST-0bbf7217b051108f,all_components,none,0.8412537323671759,234.0,0.85
VST-0bf1ec26dd4e63a9,all_components,none,0.84891064729205,4.0,0.85
VST-0c72d8ecb3dc9087,all_components,none,0.8444590560132009,191.0,0.85
VST-0c98e548e0bcc301,all_components,none,0.844459056013201,192.0,0.85
VST-0df2b61a3df2b6ad,all_components,none,0.84891064729205,5.0,0.85
VST-0f42c4959c6946ee,all_components,none,0.84891064729205,6.0,0.85
VST-0f67f9aa2e71fd93,all_components,none,0.84891064729205,7.0,0.85
VST-0fe9e374c5692e69,all_components,none,0.789258473708528,248.0,0.85
VST-10e957c0601232dd,all_components,none,0.7884829508503262,253.0,0.85
VST-11a1f54a9e842c28,all_components,none,0.8464543146718491,141.0,0.85
VST-1235e74e861a555f,all_components,none,0.846915388633402,111.0,0.85
VST-12b9f79552b46501,all_components,none,0.8478212945841,101.0,0.85
VST-13bc9e72fde1741c,all_components,none,0.8464543146718491,142.0,0.85
VST-14d4a7bb392244ad,all_components,none,0.845548408721151,167.0,0.85
VST-1614cebe9524b7f1,all_components,none,0.8478212945841,102.0,0.85
VST-1733d9298c05f71f,all_components,none,0.842777627204301,217.0,0.85
VST-1826fb9b1a0685d7,all_components,none,0.842777627204301,218.0,0.85
VST-1a03de7ffb16fbb6,all_components,none,0.84891064729205,8.0,0.85
VST-1a7fa12b2b0e5555,all_components,none,0.845548408721151,168.0,0.85
VST-1aa0d67c1728df8f,all_components,none,0.846915388633402,112.0,0.85
VST-1ab6bcde24624e54,all_components,none,0.84891064729205,9.0,0.85
VST-1ba59ea65fda799a,all_components,none,0.8444590560132009,193.0,0.85
VST-1c7a1bc42c9ce091,all_components,none,0.844459056013201,194.0,0.85
VST-1d1284837f4da8f5,all_components,none,0.8478212945841,103.0,0.85
VST-1d709cd97cd88e9b,all_components,none,0.845548408721151,169.0,0.85
VST-1de7216ed97beffe,all_components,none,0.8395723035582761,241.0,0.85
VST-1ebc6287141a1c57,all_components,none,0.8421596383178741,230.0,0.85
VST-1f79b12047b029be,all_components,none,0.84891064729205,10.0,0.85
VST-203ebb90daaa875c,all_components,none,0.842777627204301,219.0,0.85
VST-20516e76f738c908,all_components,none,0.846915388633402,113.0,0.85
VST-2197f2e713f87ca5,all_components,none,0.84891064729205,11.0,0.85
VST-230b82bf2fc98ed0,all_components,none,0.8444590560132009,195.0,0.85
VST-2310b41e9822d690,all_components,none,0.8478212945841,104.0,0.85
VST-240e20eb666f9c85,all_components,none,0.84891064729205,12.0,0.85
VST-249d7e4bd2d6e50b,all_components,none,0.8464543146718491,143.0,0.85
VST-24ba0576a5c2acb0,all_components,none,0.84891064729205,13.0,0.85
VST-263f5393c32c4ae1,all_components,none,0.8412537323671759,235.0,0.85
VST-282f637f252058e1,all_components,none,0.846915388633402,114.0,0.85
VST-29c7635dd5ccf48b,all_components,none,0.846915388633402,115.0,0.85
VST-2a3c27fe8ee65ed0,all_components,none,0.789258473708528,249.0,0.85
VST-2b2ec41725cf1abb,all_components,none,0.8464543146718491,144.0,0.85
VST-2b3568cdc187cc3a,all_components,none,0.84891064729205,14.0,0.85
VST-2c252939df26b41d,all_components,none,0.84891064729205,15.0,0.85
VST-2d4a384209d52826,all_components,none,0.845548408721151,170.0,0.85
VST-2e9f052157f9bf29,all_components,none,0.85,1.0,0.85
VST-2ebaa2f0f0ff1b49,all_components,none,0.8412537323671759,236.0,0.85
VST-2ef5158024ade344,all_components,none,0.84891064729205,16.0,0.85
VST-3163b78bf7ee1dc5,all_components,none,0.84891064729205,17.0,0.85
VST-31ef08300a9dfd1a,all_components,none,0.84891064729205,18.0,0.85
VST-325341ec9337420b,all_components,none,0.845548408721151,171.0,0.85
VST-33cfa6d0982c9513,all_components,none,0.846915388633402,116.0,0.85
VST-33e65750b0dcdac0,all_components,none,0.842777627204301,220.0,0.85
VST-373e70d307a3ef2c,all_components,none,0.844459056013201,196.0,0.85
VST-376b1770ac828a8c,all_components,none,0.84891064729205,19.0,0.85
VST-3777b42b0a7de238,all_components,none,0.846915388633402,117.0,0.85
VST-37bf49ddbe7486e9,all_components,none,0.8464543146718491,145.0,0.85
VST-37e9317a0f663727,all_components,none,0.846915388633402,118.0,0.85
VST-39b8e81a7d803f8e,all_components,none,0.84891064729205,20.0,0.85
VST-39fdf6d9ae8c3c0a,all_components,none,0.844459056013201,197.0,0.85
VST-3a05e8146637b989,all_components,none,0.84891064729205,21.0,0.85
VST-3c43f917dee00628,all_components,none,0.846915388633402,119.0,0.85
VST-3cc728e3a51c1108,all_components,none,0.84891064729205,22.0,0.85
VST-3d1ca7c710ae6e86,all_components,none,0.84891064729205,23.0,0.85
VST-3de09fe66384236b,all_components,none,0.834128227880088,246.0,0.85
VST-4021c12f3302104c,all_components,none,0.845548408721151,172.0,0.85
VST-415f0e8a9b47ccfd,all_components,none,0.846915388633402,120.0,0.85
VST-418f1f2a53815241,all_components,none,0.842777627204301,221.0,0.85
VST-4391fbaea4ff25b8,all_components,none,0.8444590560132009,198.0,0.85
VST-45dbce4ec075ef9c,all_components,none,0.845548408721151,173.0,0.85
VST-46ecca803ca813bb,all_components,none,0.842777627204301,222.0,0.85
VST-49e236e977152335,all_components,none,0.84891064729205,24.0,0.85
VST-4a527ce754156eb0,all_components,none,0.846915388633402,121.0,0.85
VST-4a5cae2eb79cff92,all_components,none,0.84891064729205,25.0,0.85
VST-4a7669fd4a3ceb1e,all_components,none,0.846915388633402,122.0,0.85
VST-4aa6a3cc307461ab,all_components,none,0.84891064729205,26.0,0.85
VST-4b7d9d68bd023f15,all_components,none,0.84891064729205,27.0,0.85
VST-4bf9338dda42cbed,all_components,none,0.84891064729205,28.0,0.85
VST-4d32369fb3ae6a0d,all_components,none,0.845548408721151,174.0,0.85
VST-4ecaf684df02550a,all_components,none,0.84891064729205,29.0,0.85
VST-52a09045c26473d1,all_components,none,0.84891064729205,30.0,0.85
VST-52aca0eacb4f5f03,all_components,none,0.845548408721151,175.0,0.85
VST-532556435fcd8b49,all_components,none,0.730705323646025,257.0,0.85
VST-54b5914e21a1a192,all_components,none,0.84891064729205,31.0,0.85
VST-55c714ca79bbb960,all_components,none,0.845548408721151,176.0,0.85
VST-56d60db41fb4e4e1,all_components,none,0.84891064729205,32.0,0.85
VST-58e34018807c40a2,all_components,none,0.8444590560132009,199.0,0.85
VST-597a5cd0a9e8ee69,all_components,none,0.84891064729205,33.0,0.85
VST-59a37954b99ff1a8,all_components,none,0.84891064729205,34.0,0.85
VST-5a51a96147f40f42,all_components,none,0.8444590560132009,200.0,0.85
VST-5abc068c14b4c8ca,all_components,none,0.84891064729205,35.0,0.85
VST-5b0c902d0b27748e,all_components,none,0.84891064729205,36.0,0.85
VST-5b43582f8db2b13e,all_components,none,0.84891064729205,37.0,0.85
VST-5c0c206c16972f39,all_components,none,0.8444590560132009,201.0,0.85
VST-5c3509aa3351b5f7,all_components,none,0.7351207122794271,255.0,0.85
VST-5d9176551b6dbdfd,all_components,none,0.84891064729205,38.0,0.85
VST-5e4034e33559c37a,all_components,none,0.85,2.0,0.85
VST-600cfa63d24df854,all_components,none,0.8478212945841,105.0,0.85
VST-60775d923bdf2965,all_components,none,0.84891064729205,39.0,0.85
VST-62614f1d9314372b,all_components,none,0.842777627204301,223.0,0.85
VST-64180409fb9d34c6,all_components,none,0.846915388633402,123.0,0.85
VST-64f0f7691329ca42,all_components,none,0.8395723035582761,242.0,0.85
VST-653941ca0f2028d6,all_components,none,0.8464543146718491,146.0,0.85
VST-65a353a6fb9629cf,all_components,none,0.846915388633402,124.0,0.85
VST-6725c99f721cc4f1,all_components,none,0.84891064729205,40.0,0.85
VST-673e398e74fcf10b,all_components,none,0.84891064729205,41.0,0.85
VST-68a665e63a79a788,all_components,none,0.84891064729205,42.0,0.85
VST-6b2eeda107745f94,all_components,none,0.8441446071165521,214.0,0.85
VST-6e6d74a0618023e6,all_components,none,0.84891064729205,43.0,0.85
VST-6eb43191a8550e77,all_components,none,0.84891064729205,44.0,0.85
VST-6ed72cbebe2c789c,all_components,none,0.836123486538736,245.0,0.85
VST-6f648ec4222c10e5,all_components,none,0.846915388633402,125.0,0.85
VST-702ced0bbfd459fb,all_components,none,0.846915388633402,126.0,0.85
VST-72c344f5ebab072c,all_components,none,0.84891064729205,45.0,0.85
VST-72e4a9f29fd1a303,all_components,none,0.84891064729205,46.0,0.85
VST-72ed46577362f845,all_components,none,0.8464543146718491,147.0,0.85
VST-73876fa22678f917,all_components,none,0.846915388633402,127.0,0.85
VST-74d3b26f9485c990,all_components,none,0.84891064729205,47.0,0.85
VST-7567f3c32ab9716b,all_components,none,0.8464543146718491,148.0,0.85
VST-7663146b5e4d027e,all_components,none,0.846915388633402,128.0,0.85
VST-76977c9a0e77a665,all_components,none,0.845548408721151,177.0,0.85
VST-777d438d018891e2,all_components,none,0.84891064729205,48.0,0.85
VST-7a5a97c25dd01554,all_components,none,0.8464543146718491,149.0,0.85
VST-7a93331d0f1d0d9f,all_components,none,0.84891064729205,49.0,0.85
VST-7ac03d514962242a,all_components,none,0.84891064729205,50.0,0.85
VST-7c4d0cf766d74db1,all_components,none,0.8464543146718491,150.0,0.85
VST-7ca830d5c47bd4fc,all_components,none,0.84891064729205,51.0,0.85
VST-7de126e33810507f,all_components,none,0.845548408721151,178.0,0.85
VST-7de12e0ca3ba269a,all_components,none,0.84891064729205,52.0,0.85
VST-7e1b22e5ce36f92e,all_components,none,0.845548408721151,179.0,0.85
VST-7ed0acda3d841594,all_components,none,0.8412537323671759,237.0,0.85
VST-7f7b6e25497fc40b,all_components,none,0.84891064729205,53.0,0.85
VST-808abc5d9a92d25b,all_components,none,0.8478212945841,106.0,0.85
VST-82dfe45db6836cf3,all_components,none,0.845548408721151,180.0,0.85
VST-82fc8dd61159f90f,all_components,none,0.84891064729205,54.0,0.85
VST-836b8f22d99f2c57,all_components,none,0.84891064729205,55.0,0.85
VST-840ee5d4fca969aa,all_components,none,0.842777627204301,224.0,0.85
VST-865f74875d928647,all_components,none,0.845548408721151,181.0,0.85
VST-868e335152cc2ff7,all_components,none,0.84891064729205,56.0,0.85
VST-875bb8d78fabbed1,all_components,none,0.84891064729205,57.0,0.85
VST-87a39737fb141918,all_components,none,0.84891064729205,58.0,0.85
VST-8847eda3dbded5ed,all_components,none,0.84891064729205,59.0,0.85
VST-89884ea3f3df2232,all_components,none,0.84891064729205,60.0,0.85
VST-899df3f1eddd8937,all_components,none,0.789258473708528,250.0,0.85
VST-89d1117ab452af42,all_components,none,0.8444590560132009,202.0,0.85
VST-8a1588fa1aebe584,all_components,none,0.8478212945841,107.0,0.85
VST-8b17c882e9781436,all_components,none,0.842777627204301,225.0,0.85
VST-8cbc0c381ee91b7e,all_components,none,0.8421596383178741,231.0,0.85
VST-8da1bffa43ea7a25,all_components,none,0.845548408721151,182.0,0.85
VST-8e8151383cb1c427,all_components,none,0.8464543146718491,151.0,0.85
VST-9033bd512722ae70,all_components,none,0.84891064729205,61.0,0.85
VST-904110e44f42a7b7,all_components,none,0.844459056013201,203.0,0.85
VST-9285a919a02ebf2c,all_components,none,0.8444590560132009,204.0,0.85
VST-936222e2f772abd7,all_components,none,0.844459056013201,205.0,0.85
VST-9422b19b5e62ecca,all_components,none,0.84891064729205,62.0,0.85
VST-969ffa1f37e1ba1a,all_components,none,0.8464543146718491,152.0,0.85
VST-971e88f3e0cba2b7,all_components,none,0.789258473708528,251.0,0.85
VST-987130218dfffaa4,all_components,none,0.84891064729205,63.0,0.85
VST-98cb136df8c26835,all_components,none,0.8412537323671759,238.0,0.85
VST-9915a2db480e34fd,all_components,none,0.84891064729205,64.0,0.85
VST-9941989ca6eb7f98,all_components,none,0.845548408721151,183.0,0.85
VST-9aaa493a268c04d7,all_components,none,0.845548408721151,184.0,0.85
VST-9b2fe3f28849fe07,all_components,none,0.84891064729205,65.0,0.85
VST-9b88002aa480c821,all_components,none,0.8464543146718491,153.0,0.85
VST-9cd67af4bd66d50a,all_components,none,0.85,3.0,0.85
VST-9d1d422650f0fd0f,all_components,none,0.84891064729205,66.0,0.85
VST-9d3ca2ef0acfd3ec,all_components,none,0.84891064729205,67.0,0.85
VST-9d3cc3fbfd32544e,all_components,none,0.84891064729205,68.0,0.85
VST-9e78c30122a798a2,all_components,none,0.84891064729205,69.0,0.85
VST-9ed9c9a6c89a5969,all_components,none,0.84891064729205,70.0,0.85
VST-9fa817f601e7e604,all_components,none,0.8395723035582761,243.0,0.85
VST-a0482af9f2dca640,all_components,none,0.8464543146718491,154.0,0.85
VST-a0e68a62911f9940,all_components,none,0.846915388633402,129.0,0.85
VST-a4732ba0c72b0576,all_components,none,0.84891064729205,71.0,0.85
VST-a512968a7e1a7152,all_components,none,0.842777627204301,226.0,0.85
VST-a72a9a55313b664a,all_components,none,0.84891064729205,72.0,0.85
VST-a72dcc46e168081b,all_components,none,0.84891064729205,73.0,0.85
VST-a8fcd33fea500b1a,all_components,none,0.84891064729205,74.0,0.85
VST-ab3524e568a65cfc,all_components,none,0.8464543146718491,155.0,0.85
VST-ab5e0a7300c5f8fd,all_components,none,0.846915388633402,130.0,0.85
VST-ad0b11a489874b36,all_components,none,0.844459056013201,206.0,0.85
VST-adc0ba73c6e724c6,all_components,none,0.84891064729205,75.0,0.85
VST-af7933782e7be4af,all_components,none,0.84891064729205,76.0,0.85
VST-afb177ff86e6ef87,all_components,none,0.84891064729205,77.0,0.85
VST-b2c199ec1112f217,all_components,none,0.8478212945841,108.0,0.85
VST-b35b70cb79d09e30,all_components,none,0.8464543146718491,156.0,0.85
VST-b3626e384c690189,all_components,none,0.84891064729205,78.0,0.85
VST-b3c226e1dbf82116,all_components,none,0.84891064729205,79.0,0.85
VST-b4d8ba737daaa589,all_components,none,0.846915388633402,131.0,0.85
VST-b5f85040a55c7d15,all_components,none,0.84891064729205,80.0,0.85
VST-b882ce9e10c11321,all_components,none,0.84891064729205,81.0,0.85
VST-b98fd329d0681d9c,all_components,none,0.84891064729205,82.0,0.85
VST-ba561bf9733fcc67,all_components,none,0.84891064729205,83.0,0.85
VST-ba5a29a851401a8e,all_components,none,0.84891064729205,84.0,0.85
VST-ba6360f34e122944,all_components,none,0.842777627204301,227.0,0.85
VST-bc87c7a2c7b5c1de,all_components,none,0.84891064729205,85.0,0.85
VST-bd3c796e91be5a39,all_components,none,0.84891064729205,86.0,0.85
VST-bdef556f17216ce0,all_components,none,0.844459056013201,207.0,0.85
VST-be80546e55cc02c0,all_components,none,0.845548408721151,185.0,0.85
VST-c023e659ea9ab993,all_components,none,0.8464543146718491,157.0,0.85
VST-c03e8899750a60c6,all_components,none,0.845548408721151,186.0,0.85
VST-c0a01004e18e27fa,all_components,none,0.844459056013201,208.0,0.85
VST-c1e79742f4385cd5,all_components,none,0.8464543146718491,158.0,0.85
VST-c4a2b6c36f30efd0,all_components,none,0.845548408721151,187.0,0.85
VST-c4add79c19079290,all_components,none,0.7884829508503262,254.0,0.85
VST-c53b11f616dfaf0d,all_components,none,0.8464543146718491,159.0,0.85
VST-c8f52b54ab0f045f,all_components,none,0.846915388633402,132.0,0.85
VST-c9b45f692a7abf52,all_components,none,0.84891064729205,87.0,0.85
VST-ca0de3c804cdc227,all_components,none,0.8464543146718491,160.0,0.85
VST-cb0df8655873fbbb,all_components,none,0.8464543146718491,161.0,0.85
VST-ce6bc359b9b14607,all_components,none,0.8444590560132009,209.0,0.85
VST-d43c7c042dd1f65d,all_components,none,0.84891064729205,88.0,0.85
VST-d48124c847ae62ae,all_components,none,0.846915388633402,133.0,0.85
VST-d586de8e1e168918,all_components,none,0.842777627204301,228.0,0.85
VST-d6724e2760409914,all_components,none,0.8478212945841,109.0,0.85
VST-da36fcdb2df1e3a1,all_components,none,0.8412537323671759,239.0,0.85
VST-dbd17f1838aab588,all_components,none,0.84891064729205,89.0,0.85
VST-dfaaebc13e82abe8,all_components,none,0.84891064729205,90.0,0.85
VST-e0a21202a289e74a,all_components,none,0.84891064729205,91.0,0.85
VST-e16166bf204a5e53,all_components,none,0.84891064729205,92.0,0.85
VST-e38a020100fd8650,all_components,none,0.8444590560132009,210.0,0.85
VST-e413ec0ea5f14c46,all_components,none,0.7336671539185351,256.0,0.85
VST-e5013681b230beb4,all_components,none,0.789258473708528,252.0,0.85
VST-e6cf09023f4da271,all_components,none,0.84891064729205,93.0,0.85
VST-e8d279d481ed3ef9,all_components,none,0.8412537323671759,240.0,0.85
VST-e9134c63f22d5f91,all_components,none,0.84891064729205,94.0,0.85
VST-eb4e2052c0ebaa3b,all_components,none,0.8464543146718491,162.0,0.85
VST-eb624e15ae3875db,all_components,none,0.844459056013201,211.0,0.85
VST-eb766b8e59cb1a08,all_components,none,0.84891064729205,95.0,0.85
VST-ecf42a7471eb961f,all_components,none,0.845548408721151,188.0,0.85
VST-eeaf0ed50e4a816f,all_components,none,0.8464543146718491,163.0,0.85
VST-f124bdf2ca672480,all_components,none,0.845548408721151,189.0,0.85
VST-f351411bf1647679,all_components,none,0.84891064729205,96.0,0.85
VST-f689e03c9c66844f,all_components,none,0.846915388633402,134.0,0.85
VST-f6e5465ee383e2d3,all_components,none,0.845548408721151,190.0,0.85
VST-f727f9fa7c989a65,all_components,none,0.8464543146718491,164.0,0.85
VST-f78c79443168dd2c,all_components,none,0.839572303558276,244.0,0.85
VST-f89f34b331378e0b,all_components,none,0.84891064729205,97.0,0.85
VST-fb232d65c8ed6bf4,all_components,none,0.84891064729205,98.0,0.85
VST-fc90436ddf2f900b,all_components,none,0.842777627204301,229.0,0.85
VST-fd50f49d1629b504,all_components,none,0.84891064729205,99.0,0.85
VST-fead3c9086c42153,all_components,none,0.846915388633402,135.0,0.85
VST-00404d88e053db71,without_conservation,conservation,0.7793548696016442,165.0,0.7857142857142857
VST-007054e1d4147def,without_conservation,conservation,0.7732196176673943,232.0,0.7857142857142857
VST-036f6d04d9c53b9f,without_conservation,conservation,0.7773494387379318,212.0,0.7857142857142857
VST-03ed4c8cfa516e76,without_conservation,conservation,0.6989406767264685,247.0,0.7857142857142857
VST-047c7cccd59bb4f8,without_conservation,conservation,0.7806490209597845,136.0,0.7857142857142857
VST-0485f8c0adcbd9df,without_conservation,conservation,0.7773494387379318,213.0,0.7857142857142857
VST-04b44972473503e3,without_conservation,conservation,0.7793548696016442,166.0,0.7857142857142857
VST-05773aada3f016db,without_conservation,conservation,0.7732196176673943,233.0,0.7857142857142857
VST-05b99c897b142721,without_conservation,conservation,0.7813076980477172,110.0,0.7857142857142857
VST-05edd1617c88ef7b,without_conservation,conservation,0.7806490209597844,137.0,0.7857142857142857
VST-062ea14755aa8fb5,without_conservation,conservation,0.7826018494058573,100.0,0.7857142857142857
VST-0711102ad2e7e3a0,without_conservation,conservation,0.7806490209597844,138.0,0.7857142857142857
VST-08294a9909671800,without_conservation,conservation,0.7806490209597844,139.0,0.7857142857142857
VST-094a717e7aead924,without_conservation,conservation,0.7753966102918588,215.0,0.7857142857142857
VST-0a56b550e18f154e,without_conservation,conservation,0.7806490209597844,140.0,0.7857142857142857
VST-0b4a5b34bfa7e0c2,without_conservation,conservation,0.7753966102918588,216.0,0.7857142857142857
VST-0bbf7217b051108f,without_conservation,conservation,0.7732196176673943,234.0,0.7857142857142857
VST-0bf1ec26dd4e63a9,without_conservation,conservation,0.7841580675600716,4.0,0.7857142857142857
VST-0c72d8ecb3dc9087,without_conservation,conservation,0.77779865144743,191.0,0.7857142857142857
VST-0c98e548e0bcc301,without_conservation,conservation,0.77779865144743,192.0,0.7857142857142857
VST-0df2b61a3df2b6ad,without_conservation,conservation,0.7841580675600716,5.0,0.7857142857142857
VST-0f42c4959c6946ee,without_conservation,conservation,0.7841580675600716,6.0,0.7857142857142857
VST-0f67f9aa2e71fd93,without_conservation,conservation,0.7841580675600716,7.0,0.7857142857142857
VST-0fe9e374c5692e69,without_conservation,conservation,0.6989406767264685,248.0,0.7857142857142857
VST-10e957c0601232dd,without_conservation,conservation,0.6978327869290375,253.0,0.7857142857142857
VST-11a1f54a9e842c28,without_conservation,conservation,0.7806490209597845,141.0,0.7857142857142857
VST-1235e74e861a555f,without_conservation,conservation,0.7813076980477172,111.0,0.7857142857142857
VST-12b9f79552b46501,without_conservation,conservation,0.7826018494058573,101.0,0.7857142857142857
VST-13bc9e72fde1741c,without_conservation,conservation,0.7806490209597844,142.0,0.7857142857142857
VST-14d4a7bb392244ad,without_conservation,conservation,0.7793548696016442,167.0,0.7857142857142857
VST-1614cebe9524b7f1,without_conservation,conservation,0.7826018494058573,102.0,0.7857142857142857
VST-1733d9298c05f71f,without_conservation,conservation,0.7753966102918588,217.0,0.7857142857142857
VST-1826fb9b1a0685d7,without_conservation,conservation,0.7753966102918588,218.0,0.7857142857142857
VST-1a03de7ffb16fbb6,without_conservation,conservation,0.7841580675600716,8.0,0.7857142857142857
VST-1a7fa12b2b0e5555,without_conservation,conservation,0.7793548696016442,168.0,0.7857142857142857
VST-1aa0d67c1728df8f,without_conservation,conservation,0.7813076980477172,112.0,0.7857142857142857
VST-1ab6bcde24624e54,without_conservation,conservation,0.7841580675600716,9.0,0.7857142857142857
VST-1ba59ea65fda799a,without_conservation,conservation,0.77779865144743,193.0,0.7857142857142857
VST-1c7a1bc42c9ce091,without_conservation,conservation,0.77779865144743,194.0,0.7857142857142857
VST-1d1284837f4da8f5,without_conservation,conservation,0.7826018494058573,103.0,0.7857142857142857
VST-1d709cd97cd88e9b,without_conservation,conservation,0.7793548696016442,169.0,0.7857142857142857
VST-1de7216ed97beffe,without_conservation,conservation,0.770817576511823,241.0,0.7857142857142857
VST-1ebc6287141a1c57,without_conservation,conservation,0.7745137690255346,230.0,0.7857142857142857
VST-1f79b12047b029be,without_conservation,conservation,0.7841580675600716,10.0,0.7857142857142857
VST-203ebb90daaa875c,without_conservation,conservation,0.7753966102918588,219.0,0.7857142857142857
VST-20516e76f738c908,without_conservation,conservation,0.7813076980477172,113.0,0.7857142857142857
VST-2197f2e713f87ca5,without_conservation,conservation,0.7841580675600716,11.0,0.7857142857142857
VST-230b82bf2fc98ed0,without_conservation,conservation,0.77779865144743,195.0,0.7857142857142857
VST-2310b41e9822d690,without_conservation,conservation,0.7826018494058573,104.0,0.7857142857142857
VST-240e20eb666f9c85,without_conservation,conservation,0.7841580675600716,12.0,0.7857142857142857
VST-249d7e4bd2d6e50b,without_conservation,conservation,0.7806490209597845,143.0,0.7857142857142857
VST-24ba0576a5c2acb0,without_conservation,conservation,0.7841580675600716,13.0,0.7857142857142857
VST-263f5393c32c4ae1,without_conservation,conservation,0.7732196176673943,235.0,0.7857142857142857
VST-282f637f252058e1,without_conservation,conservation,0.7813076980477172,114.0,0.7857142857142857
VST-29c7635dd5ccf48b,without_conservation,conservation,0.7813076980477172,115.0,0.7857142857142857
VST-2a3c27fe8ee65ed0,without_conservation,conservation,0.6989406767264685,249.0,0.7857142857142857
VST-2b2ec41725cf1abb,without_conservation,conservation,0.7806490209597845,144.0,0.7857142857142857
VST-2b3568cdc187cc3a,without_conservation,conservation,0.7841580675600716,14.0,0.7857142857142857
VST-2c252939df26b41d,without_conservation,conservation,0.7841580675600716,15.0,0.7857142857142857
VST-2d4a384209d52826,without_conservation,conservation,0.7793548696016442,170.0,0.7857142857142857
VST-2e9f052157f9bf29,without_conservation,conservation,0.7857142857142857,1.0,0.7857142857142857
VST-2ebaa2f0f0ff1b49,without_conservation,conservation,0.7732196176673943,236.0,0.7857142857142857
VST-2ef5158024ade344,without_conservation,conservation,0.7841580675600716,16.0,0.7857142857142857
VST-3163b78bf7ee1dc5,without_conservation,conservation,0.7841580675600716,17.0,0.7857142857142857
VST-31ef08300a9dfd1a,without_conservation,conservation,0.7841580675600716,18.0,0.7857142857142857
VST-325341ec9337420b,without_conservation,conservation,0.7793548696016442,171.0,0.7857142857142857
VST-33cfa6d0982c9513,without_conservation,conservation,0.7813076980477172,116.0,0.7857142857142857
VST-33e65750b0dcdac0,without_conservation,conservation,0.7753966102918588,220.0,0.7857142857142857
VST-373e70d307a3ef2c,without_conservation,conservation,0.77779865144743,196.0,0.7857142857142857
VST-376b1770ac828a8c,without_conservation,conservation,0.7841580675600716,19.0,0.7857142857142857
VST-3777b42b0a7de238,without_conservation,conservation,0.7813076980477172,117.0,0.7857142857142857
VST-37bf49ddbe7486e9,without_conservation,conservation,0.7806490209597844,145.0,0.7857142857142857
VST-37e9317a0f663727,without_conservation,conservation,0.7813076980477172,118.0,0.7857142857142857
VST-39b8e81a7d803f8e,without_conservation,conservation,0.7841580675600716,20.0,0.7857142857142857
VST-39fdf6d9ae8c3c0a,without_conservation,conservation,0.77779865144743,197.0,0.7857142857142857
VST-3a05e8146637b989,without_conservation,conservation,0.7841580675600716,21.0,0.7857142857142857
VST-3c43f917dee00628,without_conservation,conservation,0.7813076980477172,119.0,0.7857142857142857
VST-3cc728e3a51c1108,without_conservation,conservation,0.7841580675600716,22.0,0.7857142857142857
VST-3d1ca7c710ae6e86,without_conservation,conservation,0.7841580675600716,23.0,0.7857142857142857
VST-3de09fe66384236b,without_conservation,conservation,0.7630403255429828,246.0,0.7857142857142857
VST-4021c12f3302104c,without_conservation,conservation,0.7793548696016442,172.0,0.7857142857142857
VST-415f0e8a9b47ccfd,without_conservation,conservation,0.7813076980477172,120.0,0.7857142857142857
VST-418f1f2a53815241,without_conservation,conservation,0.7753966102918588,221.0,0.7857142857142857
VST-4391fbaea4ff25b8,without_conservation,conservation,0.77779865144743,198.0,0.7857142857142857
VST-45dbce4ec075ef9c,without_conservation,conservation,0.7793548696016442,173.0,0.7857142857142857
VST-46ecca803ca813bb,without_conservation,conservation,0.7753966102918588,222.0,0.7857142857142857
VST-49e236e977152335,without_conservation,conservation,0.7841580675600716,24.0,0.7857142857142857
VST-4a527ce754156eb0,without_conservation,conservation,0.7813076980477172,121.0,0.7857142857142857
VST-4a5cae2eb79cff92,without_conservation,conservation,0.7841580675600716,25.0,0.7857142857142857
VST-4a7669fd4a3ceb1e,without_conservation,conservation,0.7813076980477172,122.0,0.7857142857142857
VST-4aa6a3cc307461ab,without_conservation,conservation,0.7841580675600716,26.0,0.7857142857142857
VST-4b7d9d68bd023f15,without_conservation,conservation,0.7841580675600716,27.0,0.7857142857142857
VST-4bf9338dda42cbed,without_conservation,conservation,0.7841580675600716,28.0,0.7857142857142857
VST-4d32369fb3ae6a0d,without_conservation,conservation,0.7793548696016442,174.0,0.7857142857142857
VST-4ecaf684df02550a,without_conservation,conservation,0.7841580675600716,29.0,0.7857142857142857
VST-52a09045c26473d1,without_conservation,conservation,0.7841580675600716,30.0,0.7857142857142857
VST-52aca0eacb4f5f03,without_conservation,conservation,0.7793548696016442,175.0,0.7857142857142857
VST-532556435fcd8b49,without_conservation,conservation,0.6152933194943216,257.0,0.7857142857142857
VST-54b5914e21a1a192,without_conservation,conservation,0.7841580675600716,31.0,0.7857142857142857
VST-55c714ca79bbb960,without_conservation,conservation,0.7793548696016442,176.0,0.7857142857142857
VST-56d60db41fb4e4e1,without_conservation,conservation,0.7841580675600716,32.0,0.7857142857142857
VST-58e34018807c40a2,without_conservation,conservation,0.77779865144743,199.0,0.7857142857142857
VST-597a5cd0a9e8ee69,without_conservation,conservation,0.7841580675600716,33.0,0.7857142857142857
VST-59a37954b99ff1a8,without_conservation,conservation,0.7841580675600716,34.0,0.7857142857142857
VST-5a51a96147f40f42,without_conservation,conservation,0.77779865144743,200.0,0.7857142857142857
VST-5abc068c14b4c8ca,without_conservation,conservation,0.7841580675600716,35.0,0.7857142857142857
VST-5b0c902d0b27748e,without_conservation,conservation,0.7841580675600716,36.0,0.7857142857142857
VST-5b43582f8db2b13e,without_conservation,conservation,0.7841580675600716,37.0,0.7857142857142857
VST-5c0c206c16972f39,without_conservation,conservation,0.77779865144743,201.0,0.7857142857142857
VST-5c3509aa3351b5f7,without_conservation,conservation,0.6216010175420387,255.0,0.7857142857142857
VST-5d9176551b6dbdfd,without_conservation,conservation,0.7841580675600716,38.0,0.7857142857142857
VST-5e4034e33559c37a,without_conservation,conservation,0.7857142857142857,2.0,0.7857142857142857
VST-600cfa63d24df854,without_conservation,conservation,0.7826018494058573,105.0,0.7857142857142857
VST-60775d923bdf2965,without_conservation,conservation,0.7841580675600716,39.0,0.7857142857142857
VST-62614f1d9314372b,without_conservation,conservation,0.7753966102918588,223.0,0.7857142857142857
VST-64180409fb9d34c6,without_conservation,conservation,0.7813076980477172,123.0,0.7857142857142857
VST-64f0f7691329ca42,without_conservation,conservation,0.770817576511823,242.0,0.7857142857142857
VST-653941ca0f2028d6,without_conservation,conservation,0.7806490209597845,146.0,0.7857142857142857
VST-65a353a6fb9629cf,without_conservation,conservation,0.7813076980477172,124.0,0.7857142857142857
VST-6725c99f721cc4f1,without_conservation,conservation,0.7841580675600716,40.0,0.7857142857142857
VST-673e398e74fcf10b,without_conservation,conservation,0.7841580675600716,41.0,0.7857142857142857
VST-68a665e63a79a788,without_conservation,conservation,0.7841580675600716,42.0,0.7857142857142857
VST-6b2eeda107745f94,without_conservation,conservation,0.7773494387379318,214.0,0.7857142857142857
VST-6e6d74a0618023e6,without_conservation,conservation,0.7841580675600716,43.0,0.7857142857142857
VST-6eb43191a8550e77,without_conservation,conservation,0.7841580675600716,44.0,0.7857142857142857
VST-6ed72cbebe2c789c,without_conservation,conservation,0.7658906950553374,245.0,0.7857142857142857
VST-6f648ec4222c10e5,without_conservation,conservation,0.7813076980477172,125.0,0.7857142857142857
VST-702ced0bbfd459fb,without_conservation,conservation,0.7813076980477172,126.0,0.7857142857142857
VST-72c344f5ebab072c,without_conservation,conservation,0.7841580675600716,45.0,0.7857142857142857
VST-72e4a9f29fd1a303,without_conservation,conservation,0.7841580675600716,46.0,0.7857142857142857
VST-72ed46577362f845,without_conservation,conservation,0.7806490209597844,147.0,0.7857142857142857
VST-73876fa22678f917,without_conservation,conservation,0.7813076980477172,127.0,0.7857142857142857
VST-74d3b26f9485c990,without_conservation,conservation,0.7841580675600716,47.0,0.7857142857142857
VST-7567f3c32ab9716b,without_conservation,conservation,0.7806490209597844,148.0,0.7857142857142857
VST-7663146b5e4d027e,without_conservation,conservation,0.7813076980477172,128.0,0.7857142857142857
VST-76977c9a0e77a665,without_conservation,conservation,0.7793548696016442,177.0,0.7857142857142857
VST-777d438d018891e2,without_conservation,conservation,0.7841580675600716,48.0,0.7857142857142857
VST-7a5a97c25dd01554,without_conservation,conservation,0.7806490209597844,149.0,0.7857142857142857
VST-7a93331d0f1d0d9f,without_conservation,conservation,0.7841580675600716,49.0,0.7857142857142857
VST-7ac03d514962242a,without_conservation,conservation,0.7841580675600716,50.0,0.7857142857142857
VST-7c4d0cf766d74db1,without_conservation,conservation,0.7806490209597844,150.0,0.7857142857142857
VST-7ca830d5c47bd4fc,without_conservation,conservation,0.7841580675600716,51.0,0.7857142857142857
VST-7de126e33810507f,without_conservation,conservation,0.7793548696016442,178.0,0.7857142857142857
VST-7de12e0ca3ba269a,without_conservation,conservation,0.7841580675600716,52.0,0.7857142857142857
VST-7e1b22e5ce36f92e,without_conservation,conservation,0.7793548696016442,179.0,0.7857142857142857
VST-7ed0acda3d841594,without_conservation,conservation,0.7732196176673943,237.0,0.7857142857142857
VST-7f7b6e25497fc40b,without_conservation,conservation,0.7841580675600716,53.0,0.7857142857142857
VST-808abc5d9a92d25b,without_conservation,conservation,0.7826018494058573,106.0,0.7857142857142857
VST-82dfe45db6836cf3,without_conservation,conservation,0.7793548696016442,180.0,0.7857142857142857
VST-82fc8dd61159f90f,without_conservation,conservation,0.7841580675600716,54.0,0.7857142857142857
VST-836b8f22d99f2c57,without_conservation,conservation,0.7841580675600716,55.0,0.7857142857142857
VST-840ee5d4fca969aa,without_conservation,conservation,0.7753966102918588,224.0,0.7857142857142857
VST-865f74875d928647,without_conservation,conservation,0.7793548696016442,181.0,0.7857142857142857
VST-868e335152cc2ff7,without_conservation,conservation,0.7841580675600716,56.0,0.7857142857142857
VST-875bb8d78fabbed1,without_conservation,conservation,0.7841580675600716,57.0,0.7857142857142857
VST-87a39737fb141918,without_conservation,conservation,0.7841580675600716,58.0,0.7857142857142857
VST-8847eda3dbded5ed,without_conservation,conservation,0.7841580675600716,59.0,0.7857142857142857
VST-89884ea3f3df2232,without_conservation,conservation,0.7841580675600716,60.0,0.7857142857142857
VST-899df3f1eddd8937,without_conservation,conservation,0.6989406767264685,250.0,0.7857142857142857
VST-89d1117ab452af42,without_conservation,conservation,0.77779865144743,202.0,0.7857142857142857
VST-8a1588fa1aebe584,without_conservation,conservation,0.7826018494058573,107.0,0.7857142857142857
VST-8b17c882e9781436,without_conservation,conservation,0.7753966102918588,225.0,0.7857142857142857
VST-8cbc0c381ee91b7e,without_conservation,conservation,0.7745137690255344,231.0,0.7857142857142857
VST-8da1bffa43ea7a25,without_conservation,conservation,0.7793548696016442,182.0,0.7857142857142857
VST-8e8151383cb1c427,without_conservation,conservation,0.7806490209597844,151.0,0.7857142857142857
VST-9033bd512722ae70,without_conservation,conservation,0.7841580675600716,61.0,0.7857142857142857
VST-904110e44f42a7b7,without_conservation,conservation,0.77779865144743,203.0,0.7857142857142857
VST-9285a919a02ebf2c,without_conservation,conservation,0.77779865144743,204.0,0.7857142857142857
VST-936222e2f772abd7,without_conservation,conservation,0.77779865144743,205.0,0.7857142857142857
VST-9422b19b5e62ecca,without_conservation,conservation,0.7841580675600716,62.0,0.7857142857142857
VST-969ffa1f37e1ba1a,without_conservation,conservation,0.7806490209597844,152.0,0.7857142857142857
VST-971e88f3e0cba2b7,without_conservation,conservation,0.6989406767264685,251.0,0.7857142857142857
VST-987130218dfffaa4,without_conservation,conservation,0.7841580675600716,63.0,0.7857142857142857
VST-98cb136df8c26835,without_conservation,conservation,0.7732196176673943,238.0,0.7857142857142857
VST-9915a2db480e34fd,without_conservation,conservation,0.7841580675600716,64.0,0.7857142857142857
VST-9941989ca6eb7f98,without_conservation,conservation,0.7793548696016442,183.0,0.7857142857142857
VST-9aaa493a268c04d7,without_conservation,conservation,0.7793548696016442,184.0,0.7857142857142857
VST-9b2fe3f28849fe07,without_conservation,conservation,0.7841580675600716,65.0,0.7857142857142857
VST-9b88002aa480c821,without_conservation,conservation,0.7806490209597844,153.0,0.7857142857142857
VST-9cd67af4bd66d50a,without_conservation,conservation,0.7857142857142857,3.0,0.7857142857142857
VST-9d1d422650f0fd0f,without_conservation,conservation,0.7841580675600716,66.0,0.7857142857142857
VST-9d3ca2ef0acfd3ec,without_conservation,conservation,0.7841580675600716,67.0,0.7857142857142857
VST-9d3cc3fbfd32544e,without_conservation,conservation,0.7841580675600716,68.0,0.7857142857142857
VST-9e78c30122a798a2,without_conservation,conservation,0.7841580675600716,69.0,0.7857142857142857
VST-9ed9c9a6c89a5969,without_conservation,conservation,0.7841580675600716,70.0,0.7857142857142857
VST-9fa817f601e7e604,without_conservation,conservation,0.770817576511823,243.0,0.7857142857142857
VST-a0482af9f2dca640,without_conservation,conservation,0.7806490209597845,154.0,0.7857142857142857
VST-a0e68a62911f9940,without_conservation,conservation,0.7813076980477172,129.0,0.7857142857142857
VST-a4732ba0c72b0576,without_conservation,conservation,0.7841580675600716,71.0,0.7857142857142857
VST-a512968a7e1a7152,without_conservation,conservation,0.7753966102918588,226.0,0.7857142857142857
VST-a72a9a55313b664a,without_conservation,conservation,0.7841580675600716,72.0,0.7857142857142857
VST-a72dcc46e168081b,without_conservation,conservation,0.7841580675600716,73.0,0.7857142857142857
VST-a8fcd33fea500b1a,without_conservation,conservation,0.7841580675600716,74.0,0.7857142857142857
VST-ab3524e568a65cfc,without_conservation,conservation,0.7806490209597845,155.0,0.7857142857142857
VST-ab5e0a7300c5f8fd,without_conservation,conservation,0.7813076980477172,130.0,0.7857142857142857
VST-ad0b11a489874b36,without_conservation,conservation,0.77779865144743,206.0,0.7857142857142857
VST-adc0ba73c6e724c6,without_conservation,conservation,0.7841580675600716,75.0,0.7857142857142857
VST-af7933782e7be4af,without_conservation,conservation,0.7841580675600716,76.0,0.7857142857142857
VST-afb177ff86e6ef87,without_conservation,conservation,0.7841580675600716,77.0,0.7857142857142857
VST-b2c199ec1112f217,without_conservation,conservation,0.7826018494058573,108.0,0.7857142857142857
VST-b35b70cb79d09e30,without_conservation,conservation,0.7806490209597844,156.0,0.7857142857142857
VST-b3626e384c690189,without_conservation,conservation,0.7841580675600716,78.0,0.7857142857142857
VST-b3c226e1dbf82116,without_conservation,conservation,0.7841580675600716,79.0,0.7857142857142857
VST-b4d8ba737daaa589,without_conservation,conservation,0.7813076980477172,131.0,0.7857142857142857
VST-b5f85040a55c7d15,without_conservation,conservation,0.7841580675600716,80.0,0.7857142857142857
VST-b882ce9e10c11321,without_conservation,conservation,0.7841580675600716,81.0,0.7857142857142857
VST-b98fd329d0681d9c,without_conservation,conservation,0.7841580675600716,82.0,0.7857142857142857
VST-ba561bf9733fcc67,without_conservation,conservation,0.7841580675600716,83.0,0.7857142857142857
VST-ba5a29a851401a8e,without_conservation,conservation,0.7841580675600716,84.0,0.7857142857142857
VST-ba6360f34e122944,without_conservation,conservation,0.7753966102918588,227.0,0.7857142857142857
VST-bc87c7a2c7b5c1de,without_conservation,conservation,0.7841580675600716,85.0,0.7857142857142857
VST-bd3c796e91be5a39,without_conservation,conservation,0.7841580675600716,86.0,0.7857142857142857
VST-bdef556f17216ce0,without_conservation,conservation,0.77779865144743,207.0,0.7857142857142857
VST-be80546e55cc02c0,without_conservation,conservation,0.7793548696016442,185.0,0.7857142857142857
VST-c023e659ea9ab993,without_conservation,conservation,0.7806490209597844,157.0,0.7857142857142857
VST-c03e8899750a60c6,without_conservation,conservation,0.7793548696016442,186.0,0.7857142857142857
VST-c0a01004e18e27fa,without_conservation,conservation,0.77779865144743,208.0,0.7857142857142857
VST-c1e79742f4385cd5,without_conservation,conservation,0.7806490209597844,158.0,0.7857142857142857
VST-c4a2b6c36f30efd0,without_conservation,conservation,0.7793548696016442,187.0,0.7857142857142857
VST-c4add79c19079290,without_conservation,conservation,0.6978327869290375,254.0,0.7857142857142857
VST-c53b11f616dfaf0d,without_conservation,conservation,0.7806490209597844,159.0,0.7857142857142857
VST-c8f52b54ab0f045f,without_conservation,conservation,0.7813076980477172,132.0,0.7857142857142857
VST-c9b45f692a7abf52,without_conservation,conservation,0.7841580675600716,87.0,0.7857142857142857
VST-ca0de3c804cdc227,without_conservation,conservation,0.7806490209597845,160.0,0.7857142857142857
VST-cb0df8655873fbbb,without_conservation,conservation,0.7806490209597844,161.0,0.7857142857142857
VST-ce6bc359b9b14607,without_conservation,conservation,0.77779865144743,209.0,0.7857142857142857
VST-d43c7c042dd1f65d,without_conservation,conservation,0.7841580675600716,88.0,0.7857142857142857
VST-d48124c847ae62ae,without_conservation,conservation,0.7813076980477172,133.0,0.7857142857142857
VST-d586de8e1e168918,without_conservation,conservation,0.7753966102918588,228.0,0.7857142857142857
VST-d6724e2760409914,without_conservation,conservation,0.7826018494058573,109.0,0.7857142857142857
VST-da36fcdb2df1e3a1,without_conservation,conservation,0.7732196176673943,239.0,0.7857142857142857
VST-dbd17f1838aab588,without_conservation,conservation,0.7841580675600716,89.0,0.7857142857142857
VST-dfaaebc13e82abe8,without_conservation,conservation,0.7841580675600716,90.0,0.7857142857142857
VST-e0a21202a289e74a,without_conservation,conservation,0.7841580675600716,91.0,0.7857142857142857
VST-e16166bf204a5e53,without_conservation,conservation,0.7841580675600716,92.0,0.7857142857142857
VST-e38a020100fd8650,without_conservation,conservation,0.77779865144743,210.0,0.7857142857142857
VST-e413ec0ea5f14c46,without_conservation,conservation,0.6195245055979074,256.0,0.7857142857142857
VST-e5013681b230beb4,without_conservation,conservation,0.6989406767264685,252.0,0.7857142857142857
VST-e6cf09023f4da271,without_conservation,conservation,0.7841580675600716,93.0,0.7857142857142857
VST-e8d279d481ed3ef9,without_conservation,conservation,0.7732196176673943,240.0,0.7857142857142857
VST-e9134c63f22d5f91,without_conservation,conservation,0.7841580675600716,94.0,0.7857142857142857
VST-eb4e2052c0ebaa3b,without_conservation,conservation,0.7806490209597845,162.0,0.7857142857142857
VST-eb624e15ae3875db,without_conservation,conservation,0.77779865144743,211.0,0.7857142857142857
VST-eb766b8e59cb1a08,without_conservation,conservation,0.7841580675600716,95.0,0.7857142857142857
VST-ecf42a7471eb961f,without_conservation,conservation,0.7793548696016442,188.0,0.7857142857142857
VST-eeaf0ed50e4a816f,without_conservation,conservation,0.7806490209597844,163.0,0.7857142857142857
VST-f124bdf2ca672480,without_conservation,conservation,0.7793548696016442,189.0,0.7857142857142857
VST-f351411bf1647679,without_conservation,conservation,0.7841580675600716,96.0,0.7857142857142857
VST-f689e03c9c66844f,without_conservation,conservation,0.7813076980477172,134.0,0.7857142857142857
VST-f6e5465ee383e2d3,without_conservation,conservation,0.7793548696016442,190.0,0.7857142857142857
VST-f727f9fa7c989a65,without_conservation,conservation,0.7806490209597844,164.0,0.7857142857142857
VST-f78c79443168dd2c,without_conservation,conservation,0.7708175765118229,244.0,0.7857142857142857
VST-f89f34b331378e0b,without_conservation,conservation,0.7841580675600716,97.0,0.7857142857142857
VST-fb232d65c8ed6bf4,without_conservation,conservation,0.7841580675600716,98.0,0.7857142857142857
VST-fc90436ddf2f900b,without_conservation,conservation,0.7753966102918588,229.0,0.7857142857142857
VST-fd50f49d1629b504,without_conservation,conservation,0.7841580675600716,99.0,0.7857142857142857
VST-fead3c9086c42153,without_conservation,conservation,0.7813076980477172,135.0,0.7857142857142857
VST-00404d88e053db71,without_viral_uniqueness,viral_uniqueness,0.8182922455542951,165.0,0.8235294117647058
VST-007054e1d4147def,without_viral_uniqueness,viral_uniqueness,0.813239685137854,232.0,0.8235294117647058
VST-036f6d04d9c53b9f,without_viral_uniqueness,viral_uniqueness,0.8166407142547673,212.0,0.8235294117647058
VST-03ed4c8cfa516e76,without_viral_uniqueness,viral_uniqueness,0.7520687925982682,247.0,0.8235294117647058
VST-047c7cccd59bb4f8,without_viral_uniqueness,viral_uniqueness,0.8193580172609989,136.0,0.8235294117647058
VST-0485f8c0adcbd9df,without_viral_uniqueness,viral_uniqueness,0.8166407142547673,213.0,0.8235294117647058
VST-04b44972473503e3,without_viral_uniqueness,viral_uniqueness,0.8182922455542951,166.0,0.8235294117647058
VST-05773aada3f016db,without_viral_uniqueness,viral_uniqueness,0.813239685137854,233.0,0.8235294117647058
VST-05b99c897b142721,without_viral_uniqueness,viral_uniqueness,0.819900457215767,110.0,0.8235294117647058
VST-05edd1617c88ef7b,without_viral_uniqueness,viral_uniqueness,0.8193580172609989,137.0,0.8235294117647058
VST-062ea14755aa8fb5,without_viral_uniqueness,viral_uniqueness,0.8209662289224707,100.0,0.8235294117647058
VST-0711102ad2e7e3a0,without_viral_uniqueness,viral_uniqueness,0.8193580172609989,138.0,0.8235294117647058
VST-08294a9909671800,without_viral_uniqueness,viral_uniqueness,0.8193580172609989,139.0,0.8235294117647058
VST-094a717e7aead924,without_viral_uniqueness,viral_uniqueness,0.8150325025932953,215.0,0.8235294117647058
VST-0a56b550e18f154e,without_viral_uniqueness,viral_uniqueness,0.8193580172609989,140.0,0.8235294117647058
VST-0b4a5b34bfa7e0c2,without_viral_uniqueness,viral_uniqueness,0.8150325025932953,216.0,0.8235294117647058
VST-0bbf7217b051108f,without_viral_uniqueness,viral_uniqueness,0.813239685137854,234.0,0.8235294117647058
VST-0bf1ec26dd4e63a9,without_viral_uniqueness,viral_uniqueness,0.8222478203435882,4.0,0.8235294117647058
VST-0c72d8ecb3dc9087,without_viral_uniqueness,viral_uniqueness,0.8170106541331776,191.0,0.8235294117647058
VST-0c98e548e0bcc301,without_viral_uniqueness,viral_uniqueness,0.8170106541331776,192.0,0.8235294117647058
VST-0df2b61a3df2b6ad,without_viral_uniqueness,viral_uniqueness,0.8222478203435882,5.0,0.8235294117647058
VST-0f42c4959c6946ee,without_viral_uniqueness,viral_uniqueness,0.8222478203435882,6.0,0.8235294117647058
VST-0f67f9aa2e71fd93,without_viral_uniqueness,viral_uniqueness,0.8222478203435882,7.0,0.8235294117647058
VST-0fe9e374c5692e69,without_viral_uniqueness,viral_uniqueness,0.7520687925982682,248.0,0.8235294117647058
VST-10e957c0601232dd,without_viral_uniqueness,viral_uniqueness,0.7511564127650896,253.0,0.8235294117647058
VST-11a1f54a9e842c28,without_viral_uniqueness,viral_uniqueness,0.8193580172609989,141.0,0.8235294117647058
VST-1235e74e861a555f,without_viral_uniqueness,viral_uniqueness,0.819900457215767,111.0,0.8235294117647058
VST-12b9f79552b46501,without_viral_uniqueness,viral_uniqueness,0.8209662289224707,101.0,0.8235294117647058
VST-13bc9e72fde1741c,without_viral_uniqueness,viral_uniqueness,0.8193580172609989,142.0,0.8235294117647058
VST-14d4a7bb392244ad,without_viral_uniqueness,viral_uniqueness,0.8182922455542951,167.0,0.8235294117647058
VST-1614cebe9524b7f1,without_viral_uniqueness,viral_uniqueness,0.8209662289224707,102.0,0.8235294117647058
VST-1733d9298c05f71f,without_viral_uniqueness,viral_uniqueness,0.8150325025932953,217.0,0.8235294117647058
VST-1826fb9b1a0685d7,without_viral_uniqueness,viral_uniqueness,0.8150325025932953,218.0,0.8235294117647058
VST-1a03de7ffb16fbb6,without_viral_uniqueness,viral_uniqueness,0.8222478203435882,8.0,0.8235294117647058
VST-1a7fa12b2b0e5555,without_viral_uniqueness,viral_uniqueness,0.8182922455542951,168.0,0.8235294117647058
VST-1aa0d67c1728df8f,without_viral_uniqueness,viral_uniqueness,0.819900457215767,112.0,0.8235294117647058
VST-1ab6bcde24624e54,without_viral_uniqueness,viral_uniqueness,0.8222478203435882,9.0,0.8235294117647058
VST-1ba59ea65fda799a,without_viral_uniqueness,viral_uniqueness,0.8170106541331776,193.0,0.8235294117647058
VST-1c7a1bc42c9ce091,without_viral_uniqueness,viral_uniqueness,0.8170106541331776,194.0,0.8235294117647058
VST-1d1284837f4da8f5,without_viral_uniqueness,viral_uniqueness,0.8209662289224707,103.0,0.8235294117647058
VST-1d709cd97cd88e9b,without_viral_uniqueness,viral_uniqueness,0.8182922455542951,169.0,0.8235294117647058
VST-1de7216ed97beffe,without_viral_uniqueness,viral_uniqueness,0.8112615335979718,241.0,0.8235294117647058
VST-1ebc6287141a1c57,without_viral_uniqueness,viral_uniqueness,0.8143054568445578,230.0,0.8235294117647058
VST-1f79b12047b029be,without_viral_uniqueness,viral_uniqueness,0.8222478203435882,10.0,0.8235294117647058
VST-203ebb90daaa875c,without_viral_uniqueness,viral_uniqueness,0.8150325025932953,219.0,0.8235294117647058
VST-20516e76f738c908,without_viral_uniqueness,viral_uniqueness,0.819900457215767,113.0,0.8235294117647058
VST-2197f2e713f87ca5,without_viral_uniqueness,viral_uniqueness,0.8222478203435882,11.0,0.8235294117647058
VST-230b82bf2fc98ed0,without_viral_uniqueness,viral_uniqueness,0.8170106541331776,195.0,0.8235294117647058
VST-2310b41e9822d690,without_viral_uniqueness,viral_uniqueness,0.8209662289224707,104.0,0.8235294117647058
VST-240e20eb666f9c85,without_viral_uniqueness,viral_uniqueness,0.8222478203435882,12.0,0.8235294117647058
VST-249d7e4bd2d6e50b,without_viral_uniqueness,viral_uniqueness,0.8193580172609989,143.0,0.8235294117647058
VST-24ba0576a5c2acb0,without_viral_uniqueness,viral_uniqueness,0.8222478203435882,13.0,0.8235294117647058
VST-263f5393c32c4ae1,without_viral_uniqueness,viral_uniqueness,0.813239685137854,235.0,0.8235294117647058
VST-282f637f252058e1,without_viral_uniqueness,viral_uniqueness,0.819900457215767,114.0,0.8235294117647058
VST-29c7635dd5ccf48b,without_viral_uniqueness,viral_uniqueness,0.819900457215767,115.0,0.8235294117647058
VST-2a3c27fe8ee65ed0,without_viral_uniqueness,viral_uniqueness,0.7520687925982682,249.0,0.8235294117647058
VST-2b2ec41725cf1abb,without_viral_uniqueness,viral_uniqueness,0.8193580172609989,144.0,0.8235294117647058
VST-2b3568cdc187cc3a,without_viral_uniqueness,viral_uniqueness,0.8222478203435882,14.0,0.8235294117647058
VST-2c252939df26b41d,without_viral_uniqueness,viral_uniqueness,0.8222478203435882,15.0,0.8235294117647058
VST-2d4a384209d52826,without_viral_uniqueness,viral_uniqueness,0.8182922455542951,170.0,0.8235294117647058
VST-2e9f052157f9bf29,without_viral_uniqueness,viral_uniqueness,0.8235294117647058,1.0,0.8235294117647058
VST-2ebaa2f0f0ff1b49,without_viral_uniqueness,viral_uniqueness,0.813239685137854,236.0,0.8235294117647058
VST-2ef5158024ade344,without_viral_uniqueness,viral_uniqueness,0.8222478203435882,16.0,0.8235294117647058
VST-3163b78bf7ee1dc5,without_viral_uniqueness,viral_uniqueness,0.8222478203435882,17.0,0.8235294117647058
VST-31ef08300a9dfd1a,without_viral_uniqueness,viral_uniqueness,0.8222478203435882,18.0,0.8235294117647058
VST-325341ec9337420b,without_viral_uniqueness,viral_uniqueness,0.8182922455542951,171.0,0.8235294117647058
VST-33cfa6d0982c9513,without_viral_uniqueness,viral_uniqueness,0.819900457215767,116.0,0.8235294117647058
VST-33e65750b0dcdac0,without_viral_uniqueness,viral_uniqueness,0.8150325025932953,220.0,0.8235294117647058
VST-373e70d307a3ef2c,without_viral_uniqueness,viral_uniqueness,0.8170106541331776,196.0,0.8235294117647058
VST-376b1770ac828a8c,without_viral_uniqueness,viral_uniqueness,0.8222478203435882,19.0,0.8235294117647058
VST-3777b42b0a7de238,without_viral_uniqueness,viral_uniqueness,0.819900457215767,117.0,0.8235294117647058
VST-37bf49ddbe7486e9,without_viral_uniqueness,viral_uniqueness,0.8193580172609989,145.0,0.8235294117647058
VST-37e9317a0f663727,without_viral_uniqueness,viral_uniqueness,0.819900457215767,118.0,0.8235294117647058
VST-39b8e81a7d803f8e,without_viral_uniqueness,viral_uniqueness,0.8222478203435882,20.0,0.8235294117647058
VST-39fdf6d9ae8c3c0a,without_viral_uniqueness,viral_uniqueness,0.8170106541331776,197.0,0.8235294117647058
VST-3a05e8146637b989,without_viral_uniqueness,viral_uniqueness,0.8222478203435882,21.0,0.8235294117647058
VST-3c43f917dee00628,without_viral_uniqueness,viral_uniqueness,0.819900457215767,119.0,0.8235294117647058
VST-3cc728e3a51c1108,without_viral_uniqueness,viral_uniqueness,0.8222478203435882,22.0,0.8235294117647058
VST-3d1ca7c710ae6e86,without_viral_uniqueness,viral_uniqueness,0.8222478203435882,23.0,0.8235294117647058
VST-3de09fe66384236b,without_viral_uniqueness,viral_uniqueness,0.8048567386824564,246.0,0.8235294117647058
VST-4021c12f3302104c,without_viral_uniqueness,viral_uniqueness,0.8182922455542951,172.0,0.8235294117647058
VST-415f0e8a9b47ccfd,without_viral_uniqueness,viral_uniqueness,0.819900457215767,120.0,0.8235294117647058
VST-418f1f2a53815241,without_viral_uniqueness,viral_uniqueness,0.8150325025932953,221.0,0.8235294117647058
VST-4391fbaea4ff25b8,without_viral_uniqueness,viral_uniqueness,0.8170106541331776,198.0,0.8235294117647058
VST-45dbce4ec075ef9c,without_viral_uniqueness,viral_uniqueness,0.8182922455542951,173.0,0.8235294117647058
VST-46ecca803ca813bb,without_viral_uniqueness,viral_uniqueness,0.8150325025932953,222.0,0.8235294117647058
VST-49e236e977152335,without_viral_uniqueness,viral_uniqueness,0.8222478203435882,24.0,0.8235294117647058
VST-4a527ce754156eb0,without_viral_uniqueness,viral_uniqueness,0.819900457215767,121.0,0.8235294117647058
VST-4a5cae2eb79cff92,without_viral_uniqueness,viral_uniqueness,0.8222478203435882,25.0,0.8235294117647058
VST-4a7669fd4a3ceb1e,without_viral_uniqueness,viral_uniqueness,0.819900457215767,122.0,0.8235294117647058
VST-4aa6a3cc307461ab,without_viral_uniqueness,viral_uniqueness,0.8222478203435882,26.0,0.8235294117647058
VST-4b7d9d68bd023f15,without_viral_uniqueness,viral_uniqueness,0.8222478203435882,27.0,0.8235294117647058
VST-4bf9338dda42cbed,without_viral_uniqueness,viral_uniqueness,0.8222478203435882,28.0,0.8235294117647058
VST-4d32369fb3ae6a0d,without_viral_uniqueness,viral_uniqueness,0.8182922455542951,174.0,0.8235294117647058
VST-4ecaf684df02550a,without_viral_uniqueness,viral_uniqueness,0.8222478203435882,29.0,0.8235294117647058
VST-52a09045c26473d1,without_viral_uniqueness,viral_uniqueness,0.8222478203435882,30.0,0.8235294117647058
VST-52aca0eacb4f5f03,without_viral_uniqueness,viral_uniqueness,0.8182922455542951,175.0,0.8235294117647058
VST-532556435fcd8b49,without_viral_uniqueness,viral_uniqueness,0.6831827337012059,257.0,0.8235294117647058
VST-54b5914e21a1a192,without_viral_uniqueness,viral_uniqueness,0.8222478203435882,31.0,0.8235294117647058
VST-55c714ca79bbb960,without_viral_uniqueness,viral_uniqueness,0.8182922455542951,176.0,0.8235294117647058
VST-56d60db41fb4e4e1,without_viral_uniqueness,viral_uniqueness,0.8222478203435882,32.0,0.8235294117647058
VST-58e34018807c40a2,without_viral_uniqueness,viral_uniqueness,0.8170106541331776,199.0,0.8235294117647058
VST-597a5cd0a9e8ee69,without_viral_uniqueness,viral_uniqueness,0.8222478203435882,33.0,0.8235294117647058
VST-59a37954b99ff1a8,without_viral_uniqueness,viral_uniqueness,0.8222478203435882,34.0,0.8235294117647058
VST-5a51a96147f40f42,without_viral_uniqueness,viral_uniqueness,0.8170106541331776,200.0,0.8235294117647058
VST-5abc068c14b4c8ca,without_viral_uniqueness,viral_uniqueness,0.8222478203435882,35.0,0.8235294117647058
VST-5b0c902d0b27748e,without_viral_uniqueness,viral_uniqueness,0.8222478203435882,36.0,0.8235294117647058
VST-5b43582f8db2b13e,without_viral_uniqueness,viral_uniqueness,0.8222478203435882,37.0,0.8235294117647058
VST-5c0c206c16972f39,without_viral_uniqueness,viral_uniqueness,0.8170106541331776,201.0,0.8235294117647058
VST-5c3509aa3351b5f7,without_viral_uniqueness,viral_uniqueness,0.6883773085640319,255.0,0.8235294117647058
VST-5d9176551b6dbdfd,without_viral_uniqueness,viral_uniqueness,0.8222478203435882,38.0,0.8235294117647058
VST-5e4034e33559c37a,without_viral_uniqueness,viral_uniqueness,0.8235294117647058,2.0,0.8235294117647058
VST-600cfa63d24df854,without_viral_uniqueness,viral_uniqueness,0.8209662289224707,105.0,0.8235294117647058
VST-60775d923bdf2965,without_viral_uniqueness,viral_uniqueness,0.8222478203435882,39.0,0.8235294117647058
VST-62614f1d9314372b,without_viral_uniqueness,viral_uniqueness,0.8150325025932953,223.0,0.8235294117647058
VST-64180409fb9d34c6,without_viral_uniqueness,viral_uniqueness,0.819900457215767,123.0,0.8235294117647058
VST-64f0f7691329ca42,without_viral_uniqueness,viral_uniqueness,0.8112615335979718,242.0,0.8235294117647058
VST-653941ca0f2028d6,without_viral_uniqueness,viral_uniqueness,0.8193580172609989,146.0,0.8235294117647058
VST-65a353a6fb9629cf,without_viral_uniqueness,viral_uniqueness,0.819900457215767,124.0,0.8235294117647058
VST-6725c99f721cc4f1,without_viral_uniqueness,viral_uniqueness,0.8222478203435882,40.0,0.8235294117647058
VST-673e398e74fcf10b,without_viral_uniqueness,viral_uniqueness,0.8222478203435882,41.0,0.8235294117647058
VST-68a665e63a79a788,without_viral_uniqueness,viral_uniqueness,0.8222478203435882,42.0,0.8235294117647058
VST-6b2eeda107745f94,without_viral_uniqueness,viral_uniqueness,0.8166407142547673,214.0,0.8235294117647058
VST-6e6d74a0618023e6,without_viral_uniqueness,viral_uniqueness,0.8222478203435882,43.0,0.8235294117647058
VST-6eb43191a8550e77,without_viral_uniqueness,viral_uniqueness,0.8222478203435882,44.0,0.8235294117647058
VST-6ed72cbebe2c789c,without_viral_uniqueness,viral_uniqueness,0.8072041018102777,245.0,0.8235294117647058
VST-6f648ec4222c10e5,without_viral_uniqueness,viral_uniqueness,0.819900457215767,125.0,0.8235294117647058
VST-702ced0bbfd459fb,without_viral_uniqueness,viral_uniqueness,0.819900457215767,126.0,0.8235294117647058
VST-72c344f5ebab072c,without_viral_uniqueness,viral_uniqueness,0.8222478203435882,45.0,0.8235294117647058
VST-72e4a9f29fd1a303,without_viral_uniqueness,viral_uniqueness,0.8222478203435882,46.0,0.8235294117647058
VST-72ed46577362f845,without_viral_uniqueness,viral_uniqueness,0.8193580172609989,147.0,0.8235294117647058
VST-73876fa22678f917,without_viral_uniqueness,viral_uniqueness,0.819900457215767,127.0,0.8235294117647058
VST-74d3b26f9485c990,without_viral_uniqueness,viral_uniqueness,0.8222478203435882,47.0,0.8235294117647058
VST-7567f3c32ab9716b,without_viral_uniqueness,viral_uniqueness,0.8193580172609989,148.0,0.8235294117647058
VST-7663146b5e4d027e,without_viral_uniqueness,viral_uniqueness,0.819900457215767,128.0,0.8235294117647058
VST-76977c9a0e77a665,without_viral_uniqueness,viral_uniqueness,0.8182922455542951,177.0,0.8235294117647058
VST-777d438d018891e2,without_viral_uniqueness,viral_uniqueness,0.8222478203435882,48.0,0.8235294117647058
VST-7a5a97c25dd01554,without_viral_uniqueness,viral_uniqueness,0.8193580172609989,149.0,0.8235294117647058
VST-7a93331d0f1d0d9f,without_viral_uniqueness,viral_uniqueness,0.8222478203435882,49.0,0.8235294117647058
VST-7ac03d514962242a,without_viral_uniqueness,viral_uniqueness,0.8222478203435882,50.0,0.8235294117647058
VST-7c4d0cf766d74db1,without_viral_uniqueness,viral_uniqueness,0.8193580172609989,150.0,0.8235294117647058
VST-7ca830d5c47bd4fc,without_viral_uniqueness,viral_uniqueness,0.8222478203435882,51.0,0.8235294117647058
VST-7de126e33810507f,without_viral_uniqueness,viral_uniqueness,0.8182922455542951,178.0,0.8235294117647058
VST-7de12e0ca3ba269a,without_viral_uniqueness,viral_uniqueness,0.8222478203435882,52.0,0.8235294117647058
VST-7e1b22e5ce36f92e,without_viral_uniqueness,viral_uniqueness,0.8182922455542951,179.0,0.8235294117647058
VST-7ed0acda3d841594,without_viral_uniqueness,viral_uniqueness,0.813239685137854,237.0,0.8235294117647058
VST-7f7b6e25497fc40b,without_viral_uniqueness,viral_uniqueness,0.8222478203435882,53.0,0.8235294117647058
VST-808abc5d9a92d25b,without_viral_uniqueness,viral_uniqueness,0.8209662289224707,106.0,0.8235294117647058
VST-82dfe45db6836cf3,without_viral_uniqueness,viral_uniqueness,0.8182922455542951,180.0,0.8235294117647058
VST-82fc8dd61159f90f,without_viral_uniqueness,viral_uniqueness,0.8222478203435882,54.0,0.8235294117647058
VST-836b8f22d99f2c57,without_viral_uniqueness,viral_uniqueness,0.8222478203435882,55.0,0.8235294117647058
VST-840ee5d4fca969aa,without_viral_uniqueness,viral_uniqueness,0.8150325025932953,224.0,0.8235294117647058
VST-865f74875d928647,without_viral_uniqueness,viral_uniqueness,0.8182922455542951,181.0,0.8235294117647058
VST-868e335152cc2ff7,without_viral_uniqueness,viral_uniqueness,0.8222478203435882,56.0,0.8235294117647058
VST-875bb8d78fabbed1,without_viral_uniqueness,viral_uniqueness,0.8222478203435882,57.0,0.8235294117647058
VST-87a39737fb141918,without_viral_uniqueness,viral_uniqueness,0.8222478203435882,58.0,0.8235294117647058
VST-8847eda3dbded5ed,without_viral_uniqueness,viral_uniqueness,0.8222478203435882,59.0,0.8235294117647058
VST-89884ea3f3df2232,without_viral_uniqueness,viral_uniqueness,0.8222478203435882,60.0,0.8235294117647058
VST-899df3f1eddd8937,without_viral_uniqueness,viral_uniqueness,0.7520687925982682,250.0,0.8235294117647058
VST-89d1117ab452af42,without_viral_uniqueness,viral_uniqueness,0.8170106541331776,202.0,0.8235294117647058
VST-8a1588fa1aebe584,without_viral_uniqueness,viral_uniqueness,0.8209662289224707,107.0,0.8235294117647058
VST-8b17c882e9781436,without_viral_uniqueness,viral_uniqueness,0.8150325025932953,225.0,0.8235294117647058
VST-8cbc0c381ee91b7e,without_viral_uniqueness,viral_uniqueness,0.8143054568445578,231.0,0.8235294117647058
VST-8da1bffa43ea7a25,without_viral_uniqueness,viral_uniqueness,0.8182922455542951,182.0,0.8235294117647058
VST-8e8151383cb1c427,without_viral_uniqueness,viral_uniqueness,0.8193580172609989,151.0,0.8235294117647058
VST-9033bd512722ae70,without_viral_uniqueness,viral_uniqueness,0.8222478203435882,61.0,0.8235294117647058
VST-904110e44f42a7b7,without_viral_uniqueness,viral_uniqueness,0.8170106541331776,203.0,0.8235294117647058
VST-9285a919a02ebf2c,without_viral_uniqueness,viral_uniqueness,0.8170106541331776,204.0,0.8235294117647058
VST-936222e2f772abd7,without_viral_uniqueness,viral_uniqueness,0.8170106541331776,205.0,0.8235294117647058
VST-9422b19b5e62ecca,without_viral_uniqueness,viral_uniqueness,0.8222478203435882,62.0,0.8235294117647058
VST-969ffa1f37e1ba1a,without_viral_uniqueness,viral_uniqueness,0.8193580172609989,152.0,0.8235294117647058
VST-971e88f3e0cba2b7,without_viral_uniqueness,viral_uniqueness,0.7520687925982682,251.0,0.8235294117647058
VST-987130218dfffaa4,without_viral_uniqueness,viral_uniqueness,0.8222478203435882,63.0,0.8235294117647058
VST-98cb136df8c26835,without_viral_uniqueness,viral_uniqueness,0.813239685137854,238.0,0.8235294117647058
VST-9915a2db480e34fd,without_viral_uniqueness,viral_uniqueness,0.8222478203435882,64.0,0.8235294117647058
VST-9941989ca6eb7f98,without_viral_uniqueness,viral_uniqueness,0.8182922455542951,183.0,0.8235294117647058
VST-9aaa493a268c04d7,without_viral_uniqueness,viral_uniqueness,0.8182922455542951,184.0,0.8235294117647058
VST-9b2fe3f28849fe07,without_viral_uniqueness,viral_uniqueness,0.8222478203435882,65.0,0.8235294117647058
VST-9b88002aa480c821,without_viral_uniqueness,viral_uniqueness,0.8193580172609989,153.0,0.8235294117647058
VST-9cd67af4bd66d50a,without_viral_uniqueness,viral_uniqueness,0.8235294117647058,3.0,0.8235294117647058
VST-9d1d422650f0fd0f,without_viral_uniqueness,viral_uniqueness,0.8222478203435882,66.0,0.8235294117647058
VST-9d3ca2ef0acfd3ec,without_viral_uniqueness,viral_uniqueness,0.8222478203435882,67.0,0.8235294117647058
VST-9d3cc3fbfd32544e,without_viral_uniqueness,viral_uniqueness,0.8222478203435882,68.0,0.8235294117647058
VST-9e78c30122a798a2,without_viral_uniqueness,viral_uniqueness,0.8222478203435882,69.0,0.8235294117647058
VST-9ed9c9a6c89a5969,without_viral_uniqueness,viral_uniqueness,0.8222478203435882,70.0,0.8235294117647058
VST-9fa817f601e7e604,without_viral_uniqueness,viral_uniqueness,0.8112615335979718,243.0,0.8235294117647058
VST-a0482af9f2dca640,without_viral_uniqueness,viral_uniqueness,0.8193580172609989,154.0,0.8235294117647058
VST-a0e68a62911f9940,without_viral_uniqueness,viral_uniqueness,0.819900457215767,129.0,0.8235294117647058
VST-a4732ba0c72b0576,without_viral_uniqueness,viral_uniqueness,0.8222478203435882,71.0,0.8235294117647058
VST-a512968a7e1a7152,without_viral_uniqueness,viral_uniqueness,0.8150325025932953,226.0,0.8235294117647058
VST-a72a9a55313b664a,without_viral_uniqueness,viral_uniqueness,0.8222478203435882,72.0,0.8235294117647058
VST-a72dcc46e168081b,without_viral_uniqueness,viral_uniqueness,0.8222478203435882,73.0,0.8235294117647058
VST-a8fcd33fea500b1a,without_viral_uniqueness,viral_uniqueness,0.8222478203435882,74.0,0.8235294117647058
VST-ab3524e568a65cfc,without_viral_uniqueness,viral_uniqueness,0.8193580172609989,155.0,0.8235294117647058
VST-ab5e0a7300c5f8fd,without_viral_uniqueness,viral_uniqueness,0.819900457215767,130.0,0.8235294117647058
VST-ad0b11a489874b36,without_viral_uniqueness,viral_uniqueness,0.8170106541331776,206.0,0.8235294117647058
VST-adc0ba73c6e724c6,without_viral_uniqueness,viral_uniqueness,0.8222478203435882,75.0,0.8235294117647058
VST-af7933782e7be4af,without_viral_uniqueness,viral_uniqueness,0.8222478203435882,76.0,0.8235294117647058
VST-afb177ff86e6ef87,without_viral_uniqueness,viral_uniqueness,0.8222478203435882,77.0,0.8235294117647058
VST-b2c199ec1112f217,without_viral_uniqueness,viral_uniqueness,0.8209662289224707,108.0,0.8235294117647058
VST-b35b70cb79d09e30,without_viral_uniqueness,viral_uniqueness,0.8193580172609989,156.0,0.8235294117647058
VST-b3626e384c690189,without_viral_uniqueness,viral_uniqueness,0.8222478203435882,78.0,0.8235294117647058
VST-b3c226e1dbf82116,without_viral_uniqueness,viral_uniqueness,0.8222478203435882,79.0,0.8235294117647058
VST-b4d8ba737daaa589,without_viral_uniqueness,viral_uniqueness,0.819900457215767,131.0,0.8235294117647058
VST-b5f85040a55c7d15,without_viral_uniqueness,viral_uniqueness,0.8222478203435882,80.0,0.8235294117647058
VST-b882ce9e10c11321,without_viral_uniqueness,viral_uniqueness,0.8222478203435882,81.0,0.8235294117647058
VST-b98fd329d0681d9c,without_viral_uniqueness,viral_uniqueness,0.8222478203435882,82.0,0.8235294117647058
VST-ba561bf9733fcc67,without_viral_uniqueness,viral_uniqueness,0.8222478203435882,83.0,0.8235294117647058
VST-ba5a29a851401a8e,without_viral_uniqueness,viral_uniqueness,0.8222478203435882,84.0,0.8235294117647058
VST-ba6360f34e122944,without_viral_uniqueness,viral_uniqueness,0.8150325025932953,227.0,0.8235294117647058
VST-bc87c7a2c7b5c1de,without_viral_uniqueness,viral_uniqueness,0.8222478203435882,85.0,0.8235294117647058
VST-bd3c796e91be5a39,without_viral_uniqueness,viral_uniqueness,0.8222478203435882,86.0,0.8235294117647058
VST-bdef556f17216ce0,without_viral_uniqueness,viral_uniqueness,0.8170106541331776,207.0,0.8235294117647058
VST-be80546e55cc02c0,without_viral_uniqueness,viral_uniqueness,0.8182922455542951,185.0,0.8235294117647058
VST-c023e659ea9ab993,without_viral_uniqueness,viral_uniqueness,0.8193580172609989,157.0,0.8235294117647058
VST-c03e8899750a60c6,without_viral_uniqueness,viral_uniqueness,0.8182922455542951,186.0,0.8235294117647058
VST-c0a01004e18e27fa,without_viral_uniqueness,viral_uniqueness,0.8170106541331776,208.0,0.8235294117647058
VST-c1e79742f4385cd5,without_viral_uniqueness,viral_uniqueness,0.8193580172609989,158.0,0.8235294117647058
VST-c4a2b6c36f30efd0,without_viral_uniqueness,viral_uniqueness,0.8182922455542951,187.0,0.8235294117647058
VST-c4add79c19079290,without_viral_uniqueness,viral_uniqueness,0.7511564127650896,254.0,0.8235294117647058
VST-c53b11f616dfaf0d,without_viral_uniqueness,viral_uniqueness,0.8193580172609989,159.0,0.8235294117647058
VST-c8f52b54ab0f045f,without_viral_uniqueness,viral_uniqueness,0.819900457215767,132.0,0.8235294117647058
VST-c9b45f692a7abf52,without_viral_uniqueness,viral_uniqueness,0.8222478203435882,87.0,0.8235294117647058
VST-ca0de3c804cdc227,without_viral_uniqueness,viral_uniqueness,0.8193580172609989,160.0,0.8235294117647058
VST-cb0df8655873fbbb,without_viral_uniqueness,viral_uniqueness,0.8193580172609989,161.0,0.8235294117647058
VST-ce6bc359b9b14607,without_viral_uniqueness,viral_uniqueness,0.8170106541331776,209.0,0.8235294117647058
VST-d43c7c042dd1f65d,without_viral_uniqueness,viral_uniqueness,0.8222478203435882,88.0,0.8235294117647058
VST-d48124c847ae62ae,without_viral_uniqueness,viral_uniqueness,0.819900457215767,133.0,0.8235294117647058
VST-d586de8e1e168918,without_viral_uniqueness,viral_uniqueness,0.8150325025932953,228.0,0.8235294117647058
VST-d6724e2760409914,without_viral_uniqueness,viral_uniqueness,0.8209662289224707,109.0,0.8235294117647058
VST-da36fcdb2df1e3a1,without_viral_uniqueness,viral_uniqueness,0.813239685137854,239.0,0.8235294117647058
VST-dbd17f1838aab588,without_viral_uniqueness,viral_uniqueness,0.8222478203435882,89.0,0.8235294117647058
VST-dfaaebc13e82abe8,without_viral_uniqueness,viral_uniqueness,0.8222478203435882,90.0,0.8235294117647058
VST-e0a21202a289e74a,without_viral_uniqueness,viral_uniqueness,0.8222478203435882,91.0,0.8235294117647058
VST-e16166bf204a5e53,without_viral_uniqueness,viral_uniqueness,0.8222478203435882,92.0,0.8235294117647058
VST-e38a020100fd8650,without_viral_uniqueness,viral_uniqueness,0.8170106541331776,210.0,0.8235294117647058
VST-e413ec0ea5f14c46,without_viral_uniqueness,viral_uniqueness,0.686667239904159,256.0,0.8235294117647058
VST-e5013681b230beb4,without_viral_uniqueness,viral_uniqueness,0.7520687925982682,252.0,0.8235294117647058
VST-e6cf09023f4da271,without_viral_uniqueness,viral_uniqueness,0.8222478203435882,93.0,0.8235294117647058
VST-e8d279d481ed3ef9,without_viral_uniqueness,viral_uniqueness,0.813239685137854,240.0,0.8235294117647058
VST-e9134c63f22d5f91,without_viral_uniqueness,viral_uniqueness,0.8222478203435882,94.0,0.8235294117647058
VST-eb4e2052c0ebaa3b,without_viral_uniqueness,viral_uniqueness,0.8193580172609989,162.0,0.8235294117647058
VST-eb624e15ae3875db,without_viral_uniqueness,viral_uniqueness,0.8170106541331776,211.0,0.8235294117647058
VST-eb766b8e59cb1a08,without_viral_uniqueness,viral_uniqueness,0.8222478203435882,95.0,0.8235294117647058
VST-ecf42a7471eb961f,without_viral_uniqueness,viral_uniqueness,0.8182922455542951,188.0,0.8235294117647058
VST-eeaf0ed50e4a816f,without_viral_uniqueness,viral_uniqueness,0.8193580172609989,163.0,0.8235294117647058
VST-f124bdf2ca672480,without_viral_uniqueness,viral_uniqueness,0.8182922455542951,189.0,0.8235294117647058
VST-f351411bf1647679,without_viral_uniqueness,viral_uniqueness,0.8222478203435882,96.0,0.8235294117647058
VST-f689e03c9c66844f,without_viral_uniqueness,viral_uniqueness,0.819900457215767,134.0,0.8235294117647058
VST-f6e5465ee383e2d3,without_viral_uniqueness,viral_uniqueness,0.8182922455542951,190.0,0.8235294117647058
VST-f727f9fa7c989a65,without_viral_uniqueness,viral_uniqueness,0.8193580172609989,164.0,0.8235294117647058
VST-f78c79443168dd2c,without_viral_uniqueness,viral_uniqueness,0.8112615335979718,244.0,0.8235294117647058
VST-f89f34b331378e0b,without_viral_uniqueness,viral_uniqueness,0.8222478203435882,97.0,0.8235294117647058
VST-fb232d65c8ed6bf4,without_viral_uniqueness,viral_uniqueness,0.8222478203435882,98.0,0.8235294117647058
VST-fc90436ddf2f900b,without_viral_uniqueness,viral_uniqueness,0.8150325025932953,229.0,0.8235294117647058
VST-fd50f49d1629b504,without_viral_uniqueness,viral_uniqueness,0.8222478203435882,99.0,0.8235294117647058
VST-fead3c9086c42153,without_viral_uniqueness,viral_uniqueness,0.819900457215767,135.0,0.8235294117647058
VST-00404d88e053db71,without_gc,gc,0.8182922455542951,165.0,0.8235294117647058
VST-007054e1d4147def,without_gc,gc,0.813239685137854,232.0,0.8235294117647058
VST-036f6d04d9c53b9f,without_gc,gc,0.8166407142547673,212.0,0.8235294117647058
VST-03ed4c8cfa516e76,without_gc,gc,0.8108923220100328,245.0,0.8235294117647058
VST-047c7cccd59bb4f8,without_gc,gc,0.8193580172609989,136.0,0.8235294117647058
VST-0485f8c0adcbd9df,without_gc,gc,0.8166407142547673,213.0,0.8235294117647058
VST-04b44972473503e3,without_gc,gc,0.8182922455542951,166.0,0.8235294117647058
VST-05773aada3f016db,without_gc,gc,0.813239685137854,233.0,0.8235294117647058
VST-05b99c897b142721,without_gc,gc,0.819900457215767,110.0,0.8235294117647058
VST-05edd1617c88ef7b,without_gc,gc,0.8193580172609989,137.0,0.8235294117647058
VST-062ea14755aa8fb5,without_gc,gc,0.8209662289224707,100.0,0.8235294117647058
VST-0711102ad2e7e3a0,without_gc,gc,0.8193580172609989,138.0,0.8235294117647058
VST-08294a9909671800,without_gc,gc,0.8193580172609989,139.0,0.8235294117647058
VST-094a717e7aead924,without_gc,gc,0.8150325025932953,215.0,0.8235294117647058
VST-0a56b550e18f154e,without_gc,gc,0.8193580172609989,140.0,0.8235294117647058
VST-0b4a5b34bfa7e0c2,without_gc,gc,0.8150325025932953,216.0,0.8235294117647058
VST-0bbf7217b051108f,without_gc,gc,0.813239685137854,234.0,0.8235294117647058
VST-0bf1ec26dd4e63a9,without_gc,gc,0.8222478203435882,4.0,0.8235294117647058
VST-0c72d8ecb3dc9087,without_gc,gc,0.8170106541331776,191.0,0.8235294117647058
VST-0c98e548e0bcc301,without_gc,gc,0.8170106541331776,192.0,0.8235294117647058
VST-0df2b61a3df2b6ad,without_gc,gc,0.8222478203435882,5.0,0.8235294117647058
VST-0f42c4959c6946ee,without_gc,gc,0.8222478203435882,6.0,0.8235294117647058
VST-0f67f9aa2e71fd93,without_gc,gc,0.8222478203435882,7.0,0.8235294117647058
VST-0fe9e374c5692e69,without_gc,gc,0.8108923220100328,246.0,0.8235294117647058
VST-10e957c0601232dd,without_gc,gc,0.8099799421768542,251.0,0.8235294117647058
VST-11a1f54a9e842c28,without_gc,gc,0.8193580172609989,141.0,0.8235294117647058
VST-1235e74e861a555f,without_gc,gc,0.819900457215767,111.0,0.8235294117647058
VST-12b9f79552b46501,without_gc,gc,0.8209662289224707,101.0,0.8235294117647058
VST-13bc9e72fde1741c,without_gc,gc,0.8193580172609989,142.0,0.8235294117647058
VST-14d4a7bb392244ad,without_gc,gc,0.8182922455542951,167.0,0.8235294117647058
VST-1614cebe9524b7f1,without_gc,gc,0.8209662289224707,102.0,0.8235294117647058
VST-1733d9298c05f71f,without_gc,gc,0.8150325025932953,217.0,0.8235294117647058
VST-1826fb9b1a0685d7,without_gc,gc,0.8150325025932953,218.0,0.8235294117647058
VST-1a03de7ffb16fbb6,without_gc,gc,0.8222478203435882,8.0,0.8235294117647058
VST-1a7fa12b2b0e5555,without_gc,gc,0.8182922455542951,168.0,0.8235294117647058
VST-1aa0d67c1728df8f,without_gc,gc,0.819900457215767,112.0,0.8235294117647058
VST-1ab6bcde24624e54,without_gc,gc,0.8222478203435882,9.0,0.8235294117647058
VST-1ba59ea65fda799a,without_gc,gc,0.8170106541331776,193.0,0.8235294117647058
VST-1c7a1bc42c9ce091,without_gc,gc,0.8170106541331776,194.0,0.8235294117647058
VST-1d1284837f4da8f5,without_gc,gc,0.8209662289224707,103.0,0.8235294117647058
VST-1d709cd97cd88e9b,without_gc,gc,0.8182922455542951,169.0,0.8235294117647058
VST-1de7216ed97beffe,without_gc,gc,0.8112615335979718,241.0,0.8235294117647058
VST-1ebc6287141a1c57,without_gc,gc,0.8143054568445578,230.0,0.8235294117647058
VST-1f79b12047b029be,without_gc,gc,0.8222478203435882,10.0,0.8235294117647058
VST-203ebb90daaa875c,without_gc,gc,0.8150325025932953,219.0,0.8235294117647058
VST-20516e76f738c908,without_gc,gc,0.819900457215767,113.0,0.8235294117647058
VST-2197f2e713f87ca5,without_gc,gc,0.8222478203435882,11.0,0.8235294117647058
VST-230b82bf2fc98ed0,without_gc,gc,0.8170106541331776,195.0,0.8235294117647058
VST-2310b41e9822d690,without_gc,gc,0.8209662289224707,104.0,0.8235294117647058
VST-240e20eb666f9c85,without_gc,gc,0.8222478203435882,12.0,0.8235294117647058
VST-249d7e4bd2d6e50b,without_gc,gc,0.8193580172609989,143.0,0.8235294117647058
VST-24ba0576a5c2acb0,without_gc,gc,0.8222478203435882,13.0,0.8235294117647058
VST-263f5393c32c4ae1,without_gc,gc,0.813239685137854,235.0,0.8235294117647058
VST-282f637f252058e1,without_gc,gc,0.819900457215767,114.0,0.8235294117647058
VST-29c7635dd5ccf48b,without_gc,gc,0.819900457215767,115.0,0.8235294117647058
VST-2a3c27fe8ee65ed0,without_gc,gc,0.8108923220100328,247.0,0.8235294117647058
VST-2b2ec41725cf1abb,without_gc,gc,0.8193580172609989,144.0,0.8235294117647058
VST-2b3568cdc187cc3a,without_gc,gc,0.8222478203435882,14.0,0.8235294117647058
VST-2c252939df26b41d,without_gc,gc,0.8222478203435882,15.0,0.8235294117647058
VST-2d4a384209d52826,without_gc,gc,0.8182922455542951,170.0,0.8235294117647058
VST-2e9f052157f9bf29,without_gc,gc,0.8235294117647058,1.0,0.8235294117647058
VST-2ebaa2f0f0ff1b49,without_gc,gc,0.813239685137854,236.0,0.8235294117647058
VST-2ef5158024ade344,without_gc,gc,0.8222478203435882,16.0,0.8235294117647058
VST-3163b78bf7ee1dc5,without_gc,gc,0.8222478203435882,17.0,0.8235294117647058
VST-31ef08300a9dfd1a,without_gc,gc,0.8222478203435882,18.0,0.8235294117647058
VST-325341ec9337420b,without_gc,gc,0.8182922455542951,171.0,0.8235294117647058
VST-33cfa6d0982c9513,without_gc,gc,0.819900457215767,116.0,0.8235294117647058
VST-33e65750b0dcdac0,without_gc,gc,0.8150325025932953,220.0,0.8235294117647058
VST-373e70d307a3ef2c,without_gc,gc,0.8170106541331776,196.0,0.8235294117647058
VST-376b1770ac828a8c,without_gc,gc,0.8222478203435882,19.0,0.8235294117647058
VST-3777b42b0a7de238,without_gc,gc,0.819900457215767,117.0,0.8235294117647058
VST-37bf49ddbe7486e9,without_gc,gc,0.8193580172609989,145.0,0.8235294117647058
VST-37e9317a0f663727,without_gc,gc,0.819900457215767,118.0,0.8235294117647058
VST-39b8e81a7d803f8e,without_gc,gc,0.8222478203435882,20.0,0.8235294117647058
VST-39fdf6d9ae8c3c0a,without_gc,gc,0.8170106541331776,197.0,0.8235294117647058
VST-3a05e8146637b989,without_gc,gc,0.8222478203435882,21.0,0.8235294117647058
VST-3c43f917dee00628,without_gc,gc,0.819900457215767,119.0,0.8235294117647058
VST-3cc728e3a51c1108,without_gc,gc,0.8222478203435882,22.0,0.8235294117647058
VST-3d1ca7c710ae6e86,without_gc,gc,0.8222478203435882,23.0,0.8235294117647058
VST-3de09fe66384236b,without_gc,gc,0.8048567386824564,255.0,0.8235294117647058
VST-4021c12f3302104c,without_gc,gc,0.8182922455542951,172.0,0.8235294117647058
VST-415f0e8a9b47ccfd,without_gc,gc,0.819900457215767,120.0,0.8235294117647058
VST-418f1f2a53815241,without_gc,gc,0.8150325025932953,221.0,0.8235294117647058
VST-4391fbaea4ff25b8,without_gc,gc,0.8170106541331776,198.0,0.8235294117647058
VST-45dbce4ec075ef9c,without_gc,gc,0.8182922455542951,173.0,0.8235294117647058
VST-46ecca803ca813bb,without_gc,gc,0.8150325025932953,222.0,0.8235294117647058
VST-49e236e977152335,without_gc,gc,0.8222478203435882,24.0,0.8235294117647058
VST-4a527ce754156eb0,without_gc,gc,0.819900457215767,121.0,0.8235294117647058
VST-4a5cae2eb79cff92,without_gc,gc,0.8222478203435882,25.0,0.8235294117647058
VST-4a7669fd4a3ceb1e,without_gc,gc,0.819900457215767,122.0,0.8235294117647058
VST-4aa6a3cc307461ab,without_gc,gc,0.8222478203435882,26.0,0.8235294117647058
VST-4b7d9d68bd023f15,without_gc,gc,0.8222478203435882,27.0,0.8235294117647058
VST-4bf9338dda42cbed,without_gc,gc,0.8222478203435882,28.0,0.8235294117647058
VST-4d32369fb3ae6a0d,without_gc,gc,0.8182922455542951,174.0,0.8235294117647058
VST-4ecaf684df02550a,without_gc,gc,0.8222478203435882,29.0,0.8235294117647058
VST-52a09045c26473d1,without_gc,gc,0.8222478203435882,30.0,0.8235294117647058
VST-52aca0eacb4f5f03,without_gc,gc,0.8182922455542951,175.0,0.8235294117647058
VST-532556435fcd8b49,without_gc,gc,0.8008297925247353,257.0,0.8235294117647058
VST-54b5914e21a1a192,without_gc,gc,0.8222478203435882,31.0,0.8235294117647058
VST-55c714ca79bbb960,without_gc,gc,0.8182922455542951,176.0,0.8235294117647058
VST-56d60db41fb4e4e1,without_gc,gc,0.8222478203435882,32.0,0.8235294117647058
VST-58e34018807c40a2,without_gc,gc,0.8170106541331776,199.0,0.8235294117647058
VST-597a5cd0a9e8ee69,without_gc,gc,0.8222478203435882,33.0,0.8235294117647058
VST-59a37954b99ff1a8,without_gc,gc,0.8222478203435882,34.0,0.8235294117647058
VST-5a51a96147f40f42,without_gc,gc,0.8170106541331776,200.0,0.8235294117647058
VST-5abc068c14b4c8ca,without_gc,gc,0.8222478203435882,35.0,0.8235294117647058
VST-5b0c902d0b27748e,without_gc,gc,0.8222478203435882,36.0,0.8235294117647058
VST-5b43582f8db2b13e,without_gc,gc,0.8222478203435882,37.0,0.8235294117647058
VST-5c0c206c16972f39,without_gc,gc,0.8170106541331776,201.0,0.8235294117647058
VST-5c3509aa3351b5f7,without_gc,gc,0.8060243673875612,254.0,0.8235294117647058
VST-5d9176551b6dbdfd,without_gc,gc,0.8222478203435882,38.0,0.8235294117647058
VST-5e4034e33559c37a,without_gc,gc,0.8235294117647058,2.0,0.8235294117647058
VST-600cfa63d24df854,without_gc,gc,0.8209662289224707,105.0,0.8235294117647058
VST-60775d923bdf2965,without_gc,gc,0.8222478203435882,39.0,0.8235294117647058
VST-62614f1d9314372b,without_gc,gc,0.8150325025932953,223.0,0.8235294117647058
VST-64180409fb9d34c6,without_gc,gc,0.819900457215767,123.0,0.8235294117647058
VST-64f0f7691329ca42,without_gc,gc,0.8112615335979718,242.0,0.8235294117647058
VST-653941ca0f2028d6,without_gc,gc,0.8193580172609989,146.0,0.8235294117647058
VST-65a353a6fb9629cf,without_gc,gc,0.819900457215767,124.0,0.8235294117647058
VST-6725c99f721cc4f1,without_gc,gc,0.8222478203435882,40.0,0.8235294117647058
VST-673e398e74fcf10b,without_gc,gc,0.8222478203435882,41.0,0.8235294117647058
VST-68a665e63a79a788,without_gc,gc,0.8222478203435882,42.0,0.8235294117647058
VST-6b2eeda107745f94,without_gc,gc,0.8166407142547673,214.0,0.8235294117647058
VST-6e6d74a0618023e6,without_gc,gc,0.8222478203435882,43.0,0.8235294117647058
VST-6eb43191a8550e77,without_gc,gc,0.8222478203435882,44.0,0.8235294117647058
VST-6ed72cbebe2c789c,without_gc,gc,0.8072041018102777,253.0,0.8235294117647058
VST-6f648ec4222c10e5,without_gc,gc,0.819900457215767,125.0,0.8235294117647058
VST-702ced0bbfd459fb,without_gc,gc,0.819900457215767,126.0,0.8235294117647058
VST-72c344f5ebab072c,without_gc,gc,0.8222478203435882,45.0,0.8235294117647058
VST-72e4a9f29fd1a303,without_gc,gc,0.8222478203435882,46.0,0.8235294117647058
VST-72ed46577362f845,without_gc,gc,0.8193580172609989,147.0,0.8235294117647058
VST-73876fa22678f917,without_gc,gc,0.819900457215767,127.0,0.8235294117647058
VST-74d3b26f9485c990,without_gc,gc,0.8222478203435882,47.0,0.8235294117647058
VST-7567f3c32ab9716b,without_gc,gc,0.8193580172609989,148.0,0.8235294117647058
VST-7663146b5e4d027e,without_gc,gc,0.819900457215767,128.0,0.8235294117647058
VST-76977c9a0e77a665,without_gc,gc,0.8182922455542951,177.0,0.8235294117647058
VST-777d438d018891e2,without_gc,gc,0.8222478203435882,48.0,0.8235294117647058
VST-7a5a97c25dd01554,without_gc,gc,0.8193580172609989,149.0,0.8235294117647058
VST-7a93331d0f1d0d9f,without_gc,gc,0.8222478203435882,49.0,0.8235294117647058
VST-7ac03d514962242a,without_gc,gc,0.8222478203435882,50.0,0.8235294117647058
VST-7c4d0cf766d74db1,without_gc,gc,0.8193580172609989,150.0,0.8235294117647058
VST-7ca830d5c47bd4fc,without_gc,gc,0.8222478203435882,51.0,0.8235294117647058
VST-7de126e33810507f,without_gc,gc,0.8182922455542951,178.0,0.8235294117647058
VST-7de12e0ca3ba269a,without_gc,gc,0.8222478203435882,52.0,0.8235294117647058
VST-7e1b22e5ce36f92e,without_gc,gc,0.8182922455542951,179.0,0.8235294117647058
VST-7ed0acda3d841594,without_gc,gc,0.813239685137854,237.0,0.8235294117647058
VST-7f7b6e25497fc40b,without_gc,gc,0.8222478203435882,53.0,0.8235294117647058
VST-808abc5d9a92d25b,without_gc,gc,0.8209662289224707,106.0,0.8235294117647058
VST-82dfe45db6836cf3,without_gc,gc,0.8182922455542951,180.0,0.8235294117647058
VST-82fc8dd61159f90f,without_gc,gc,0.8222478203435882,54.0,0.8235294117647058
VST-836b8f22d99f2c57,without_gc,gc,0.8222478203435882,55.0,0.8235294117647058
VST-840ee5d4fca969aa,without_gc,gc,0.8150325025932953,224.0,0.8235294117647058
VST-865f74875d928647,without_gc,gc,0.8182922455542951,181.0,0.8235294117647058
VST-868e335152cc2ff7,without_gc,gc,0.8222478203435882,56.0,0.8235294117647058
VST-875bb8d78fabbed1,without_gc,gc,0.8222478203435882,57.0,0.8235294117647058
VST-87a39737fb141918,without_gc,gc,0.8222478203435882,58.0,0.8235294117647058
VST-8847eda3dbded5ed,without_gc,gc,0.8222478203435882,59.0,0.8235294117647058
VST-89884ea3f3df2232,without_gc,gc,0.8222478203435882,60.0,0.8235294117647058
VST-899df3f1eddd8937,without_gc,gc,0.8108923220100328,248.0,0.8235294117647058
VST-89d1117ab452af42,without_gc,gc,0.8170106541331776,202.0,0.8235294117647058
VST-8a1588fa1aebe584,without_gc,gc,0.8209662289224707,107.0,0.8235294117647058
VST-8b17c882e9781436,without_gc,gc,0.8150325025932953,225.0,0.8235294117647058
VST-8cbc0c381ee91b7e,without_gc,gc,0.8143054568445578,231.0,0.8235294117647058
VST-8da1bffa43ea7a25,without_gc,gc,0.8182922455542951,182.0,0.8235294117647058
VST-8e8151383cb1c427,without_gc,gc,0.8193580172609989,151.0,0.8235294117647058
VST-9033bd512722ae70,without_gc,gc,0.8222478203435882,61.0,0.8235294117647058
VST-904110e44f42a7b7,without_gc,gc,0.8170106541331776,203.0,0.8235294117647058
VST-9285a919a02ebf2c,without_gc,gc,0.8170106541331776,204.0,0.8235294117647058
VST-936222e2f772abd7,without_gc,gc,0.8170106541331776,205.0,0.8235294117647058
VST-9422b19b5e62ecca,without_gc,gc,0.8222478203435882,62.0,0.8235294117647058
VST-969ffa1f37e1ba1a,without_gc,gc,0.8193580172609989,152.0,0.8235294117647058
VST-971e88f3e0cba2b7,without_gc,gc,0.8108923220100328,249.0,0.8235294117647058
VST-987130218dfffaa4,without_gc,gc,0.8222478203435882,63.0,0.8235294117647058
VST-98cb136df8c26835,without_gc,gc,0.813239685137854,238.0,0.8235294117647058
VST-9915a2db480e34fd,without_gc,gc,0.8222478203435882,64.0,0.8235294117647058
VST-9941989ca6eb7f98,without_gc,gc,0.8182922455542951,183.0,0.8235294117647058
VST-9aaa493a268c04d7,without_gc,gc,0.8182922455542951,184.0,0.8235294117647058
VST-9b2fe3f28849fe07,without_gc,gc,0.8222478203435882,65.0,0.8235294117647058
VST-9b88002aa480c821,without_gc,gc,0.8193580172609989,153.0,0.8235294117647058
VST-9cd67af4bd66d50a,without_gc,gc,0.8235294117647058,3.0,0.8235294117647058
VST-9d1d422650f0fd0f,without_gc,gc,0.8222478203435882,66.0,0.8235294117647058
VST-9d3ca2ef0acfd3ec,without_gc,gc,0.8222478203435882,67.0,0.8235294117647058
VST-9d3cc3fbfd32544e,without_gc,gc,0.8222478203435882,68.0,0.8235294117647058
VST-9e78c30122a798a2,without_gc,gc,0.8222478203435882,69.0,0.8235294117647058
VST-9ed9c9a6c89a5969,without_gc,gc,0.8222478203435882,70.0,0.8235294117647058
VST-9fa817f601e7e604,without_gc,gc,0.8112615335979718,243.0,0.8235294117647058
VST-a0482af9f2dca640,without_gc,gc,0.8193580172609989,154.0,0.8235294117647058
VST-a0e68a62911f9940,without_gc,gc,0.819900457215767,129.0,0.8235294117647058
VST-a4732ba0c72b0576,without_gc,gc,0.8222478203435882,71.0,0.8235294117647058
VST-a512968a7e1a7152,without_gc,gc,0.8150325025932953,226.0,0.8235294117647058
VST-a72a9a55313b664a,without_gc,gc,0.8222478203435882,72.0,0.8235294117647058
VST-a72dcc46e168081b,without_gc,gc,0.8222478203435882,73.0,0.8235294117647058
VST-a8fcd33fea500b1a,without_gc,gc,0.8222478203435882,74.0,0.8235294117647058
VST-ab3524e568a65cfc,without_gc,gc,0.8193580172609989,155.0,0.8235294117647058
VST-ab5e0a7300c5f8fd,without_gc,gc,0.819900457215767,130.0,0.8235294117647058
VST-ad0b11a489874b36,without_gc,gc,0.8170106541331776,206.0,0.8235294117647058
VST-adc0ba73c6e724c6,without_gc,gc,0.8222478203435882,75.0,0.8235294117647058
VST-af7933782e7be4af,without_gc,gc,0.8222478203435882,76.0,0.8235294117647058
VST-afb177ff86e6ef87,without_gc,gc,0.8222478203435882,77.0,0.8235294117647058
VST-b2c199ec1112f217,without_gc,gc,0.8209662289224707,108.0,0.8235294117647058
VST-b35b70cb79d09e30,without_gc,gc,0.8193580172609989,156.0,0.8235294117647058
VST-b3626e384c690189,without_gc,gc,0.8222478203435882,78.0,0.8235294117647058
VST-b3c226e1dbf82116,without_gc,gc,0.8222478203435882,79.0,0.8235294117647058
VST-b4d8ba737daaa589,without_gc,gc,0.819900457215767,131.0,0.8235294117647058
VST-b5f85040a55c7d15,without_gc,gc,0.8222478203435882,80.0,0.8235294117647058
VST-b882ce9e10c11321,without_gc,gc,0.8222478203435882,81.0,0.8235294117647058
VST-b98fd329d0681d9c,without_gc,gc,0.8222478203435882,82.0,0.8235294117647058
VST-ba561bf9733fcc67,without_gc,gc,0.8222478203435882,83.0,0.8235294117647058
VST-ba5a29a851401a8e,without_gc,gc,0.8222478203435882,84.0,0.8235294117647058
VST-ba6360f34e122944,without_gc,gc,0.8150325025932953,227.0,0.8235294117647058
VST-bc87c7a2c7b5c1de,without_gc,gc,0.8222478203435882,85.0,0.8235294117647058
VST-bd3c796e91be5a39,without_gc,gc,0.8222478203435882,86.0,0.8235294117647058
VST-bdef556f17216ce0,without_gc,gc,0.8170106541331776,207.0,0.8235294117647058
VST-be80546e55cc02c0,without_gc,gc,0.8182922455542951,185.0,0.8235294117647058
VST-c023e659ea9ab993,without_gc,gc,0.8193580172609989,157.0,0.8235294117647058
VST-c03e8899750a60c6,without_gc,gc,0.8182922455542951,186.0,0.8235294117647058
VST-c0a01004e18e27fa,without_gc,gc,0.8170106541331776,208.0,0.8235294117647058
VST-c1e79742f4385cd5,without_gc,gc,0.8193580172609989,158.0,0.8235294117647058
VST-c4a2b6c36f30efd0,without_gc,gc,0.8182922455542951,187.0,0.8235294117647058
VST-c4add79c19079290,without_gc,gc,0.8099799421768542,252.0,0.8235294117647058
VST-c53b11f616dfaf0d,without_gc,gc,0.8193580172609989,159.0,0.8235294117647058
VST-c8f52b54ab0f045f,without_gc,gc,0.819900457215767,132.0,0.8235294117647058
VST-c9b45f692a7abf52,without_gc,gc,0.8222478203435882,87.0,0.8235294117647058
VST-ca0de3c804cdc227,without_gc,gc,0.8193580172609989,160.0,0.8235294117647058
VST-cb0df8655873fbbb,without_gc,gc,0.8193580172609989,161.0,0.8235294117647058
VST-ce6bc359b9b14607,without_gc,gc,0.8170106541331776,209.0,0.8235294117647058
VST-d43c7c042dd1f65d,without_gc,gc,0.8222478203435882,88.0,0.8235294117647058
VST-d48124c847ae62ae,without_gc,gc,0.819900457215767,133.0,0.8235294117647058
VST-d586de8e1e168918,without_gc,gc,0.8150325025932953,228.0,0.8235294117647058
VST-d6724e2760409914,without_gc,gc,0.8209662289224707,109.0,0.8235294117647058
VST-da36fcdb2df1e3a1,without_gc,gc,0.813239685137854,239.0,0.8235294117647058
VST-dbd17f1838aab588,without_gc,gc,0.8222478203435882,89.0,0.8235294117647058
VST-dfaaebc13e82abe8,without_gc,gc,0.8222478203435882,90.0,0.8235294117647058
VST-e0a21202a289e74a,without_gc,gc,0.8222478203435882,91.0,0.8235294117647058
VST-e16166bf204a5e53,without_gc,gc,0.8222478203435882,92.0,0.8235294117647058
VST-e38a020100fd8650,without_gc,gc,0.8170106541331776,210.0,0.8235294117647058
VST-e413ec0ea5f14c46,without_gc,gc,0.8043142987276883,256.0,0.8235294117647058
VST-e5013681b230beb4,without_gc,gc,0.8108923220100328,250.0,0.8235294117647058
VST-e6cf09023f4da271,without_gc,gc,0.8222478203435882,93.0,0.8235294117647058
VST-e8d279d481ed3ef9,without_gc,gc,0.813239685137854,240.0,0.8235294117647058
VST-e9134c63f22d5f91,without_gc,gc,0.8222478203435882,94.0,0.8235294117647058
VST-eb4e2052c0ebaa3b,without_gc,gc,0.8193580172609989,162.0,0.8235294117647058
VST-eb624e15ae3875db,without_gc,gc,0.8170106541331776,211.0,0.8235294117647058
VST-eb766b8e59cb1a08,without_gc,gc,0.8222478203435882,95.0,0.8235294117647058
VST-ecf42a7471eb961f,without_gc,gc,0.8182922455542951,188.0,0.8235294117647058
VST-eeaf0ed50e4a816f,without_gc,gc,0.8193580172609989,163.0,0.8235294117647058
VST-f124bdf2ca672480,without_gc,gc,0.8182922455542951,189.0,0.8235294117647058
VST-f351411bf1647679,without_gc,gc,0.8222478203435882,96.0,0.8235294117647058
VST-f689e03c9c66844f,without_gc,gc,0.819900457215767,134.0,0.8235294117647058
VST-f6e5465ee383e2d3,without_gc,gc,0.8182922455542951,190.0,0.8235294117647058
VST-f727f9fa7c989a65,without_gc,gc,0.8193580172609989,164.0,0.8235294117647058
VST-f78c79443168dd2c,without_gc,gc,0.8112615335979718,244.0,0.8235294117647058
VST-f89f34b331378e0b,without_gc,gc,0.8222478203435882,97.0,0.8235294117647058
VST-fb232d65c8ed6bf4,without_gc,gc,0.8222478203435882,98.0,0.8235294117647058
VST-fc90436ddf2f900b,without_gc,gc,0.8150325025932953,229.0,0.8235294117647058
VST-fd50f49d1629b504,without_gc,gc,0.8222478203435882,99.0,0.8235294117647058
VST-fead3c9086c42153,without_gc,gc,0.819900457215767,135.0,0.8235294117647058
VST-00404d88e053db71,without_sequence_complexity,sequence_complexity,0.8235294117647058,1.0,0.8235294117647058
VST-007054e1d4147def,without_sequence_complexity,sequence_complexity,0.8235294117647058,2.0,0.8235294117647058
VST-036f6d04d9c53b9f,without_sequence_complexity,sequence_complexity,0.8235294117647058,3.0,0.8235294117647058
VST-03ed4c8cfa516e76,without_sequence_complexity,sequence_complexity,0.7647058823529412,247.0,0.8235294117647058
VST-047c7cccd59bb4f8,without_sequence_complexity,sequence_complexity,0.8235294117647058,4.0,0.8235294117647058
VST-0485f8c0adcbd9df,without_sequence_complexity,sequence_complexity,0.8235294117647058,5.0,0.8235294117647058
VST-04b44972473503e3,without_sequence_complexity,sequence_complexity,0.8235294117647058,6.0,0.8235294117647058
VST-05773aada3f016db,without_sequence_complexity,sequence_complexity,0.8235294117647058,7.0,0.8235294117647058
VST-05b99c897b142721,without_sequence_complexity,sequence_complexity,0.8235294117647058,8.0,0.8235294117647058
VST-05edd1617c88ef7b,without_sequence_complexity,sequence_complexity,0.8235294117647058,9.0,0.8235294117647058
VST-062ea14755aa8fb5,without_sequence_complexity,sequence_complexity,0.8235294117647058,10.0,0.8235294117647058
VST-0711102ad2e7e3a0,without_sequence_complexity,sequence_complexity,0.8235294117647058,11.0,0.8235294117647058
VST-08294a9909671800,without_sequence_complexity,sequence_complexity,0.8235294117647058,12.0,0.8235294117647058
VST-094a717e7aead924,without_sequence_complexity,sequence_complexity,0.8235294117647058,13.0,0.8235294117647058
VST-0a56b550e18f154e,without_sequence_complexity,sequence_complexity,0.8235294117647058,14.0,0.8235294117647058
VST-0b4a5b34bfa7e0c2,without_sequence_complexity,sequence_complexity,0.8235294117647058,15.0,0.8235294117647058
VST-0bbf7217b051108f,without_sequence_complexity,sequence_complexity,0.8235294117647058,16.0,0.8235294117647058
VST-0bf1ec26dd4e63a9,without_sequence_complexity,sequence_complexity,0.8235294117647058,17.0,0.8235294117647058
VST-0c72d8ecb3dc9087,without_sequence_complexity,sequence_complexity,0.8235294117647058,18.0,0.8235294117647058
VST-0c98e548e0bcc301,without_sequence_complexity,sequence_complexity,0.8235294117647058,19.0,0.8235294117647058
VST-0df2b61a3df2b6ad,without_sequence_complexity,sequence_complexity,0.8235294117647058,20.0,0.8235294117647058
VST-0f42c4959c6946ee,without_sequence_complexity,sequence_complexity,0.8235294117647058,21.0,0.8235294117647058
VST-0f67f9aa2e71fd93,without_sequence_complexity,sequence_complexity,0.8235294117647058,22.0,0.8235294117647058
VST-0fe9e374c5692e69,without_sequence_complexity,sequence_complexity,0.7647058823529412,248.0,0.8235294117647058
VST-10e957c0601232dd,without_sequence_complexity,sequence_complexity,0.7647058823529412,249.0,0.8235294117647058
VST-11a1f54a9e842c28,without_sequence_complexity,sequence_complexity,0.8235294117647058,23.0,0.8235294117647058
VST-1235e74e861a555f,without_sequence_complexity,sequence_complexity,0.8235294117647058,24.0,0.8235294117647058
VST-12b9f79552b46501,without_sequence_complexity,sequence_complexity,0.8235294117647058,25.0,0.8235294117647058
VST-13bc9e72fde1741c,without_sequence_complexity,sequence_complexity,0.8235294117647058,26.0,0.8235294117647058
VST-14d4a7bb392244ad,without_sequence_complexity,sequence_complexity,0.8235294117647058,27.0,0.8235294117647058
VST-1614cebe9524b7f1,without_sequence_complexity,sequence_complexity,0.8235294117647058,28.0,0.8235294117647058
VST-1733d9298c05f71f,without_sequence_complexity,sequence_complexity,0.8235294117647058,29.0,0.8235294117647058
VST-1826fb9b1a0685d7,without_sequence_complexity,sequence_complexity,0.8235294117647058,30.0,0.8235294117647058
VST-1a03de7ffb16fbb6,without_sequence_complexity,sequence_complexity,0.8235294117647058,31.0,0.8235294117647058
VST-1a7fa12b2b0e5555,without_sequence_complexity,sequence_complexity,0.8235294117647058,32.0,0.8235294117647058
VST-1aa0d67c1728df8f,without_sequence_complexity,sequence_complexity,0.8235294117647058,33.0,0.8235294117647058
VST-1ab6bcde24624e54,without_sequence_complexity,sequence_complexity,0.8235294117647058,34.0,0.8235294117647058
VST-1ba59ea65fda799a,without_sequence_complexity,sequence_complexity,0.8235294117647058,35.0,0.8235294117647058
VST-1c7a1bc42c9ce091,without_sequence_complexity,sequence_complexity,0.8235294117647058,36.0,0.8235294117647058
VST-1d1284837f4da8f5,without_sequence_complexity,sequence_complexity,0.8235294117647058,37.0,0.8235294117647058
VST-1d709cd97cd88e9b,without_sequence_complexity,sequence_complexity,0.8235294117647058,38.0,0.8235294117647058
VST-1de7216ed97beffe,without_sequence_complexity,sequence_complexity,0.8235294117647058,39.0,0.8235294117647058
VST-1ebc6287141a1c57,without_sequence_complexity,sequence_complexity,0.8235294117647058,40.0,0.8235294117647058
VST-1f79b12047b029be,without_sequence_complexity,sequence_complexity,0.8235294117647058,41.0,0.8235294117647058
VST-203ebb90daaa875c,without_sequence_complexity,sequence_complexity,0.8235294117647058,42.0,0.8235294117647058
VST-20516e76f738c908,without_sequence_complexity,sequence_complexity,0.8235294117647058,43.0,0.8235294117647058
VST-2197f2e713f87ca5,without_sequence_complexity,sequence_complexity,0.8235294117647058,44.0,0.8235294117647058
VST-230b82bf2fc98ed0,without_sequence_complexity,sequence_complexity,0.8235294117647058,45.0,0.8235294117647058
VST-2310b41e9822d690,without_sequence_complexity,sequence_complexity,0.8235294117647058,46.0,0.8235294117647058
VST-240e20eb666f9c85,without_sequence_complexity,sequence_complexity,0.8235294117647058,47.0,0.8235294117647058
VST-249d7e4bd2d6e50b,without_sequence_complexity,sequence_complexity,0.8235294117647058,48.0,0.8235294117647058
VST-24ba0576a5c2acb0,without_sequence_complexity,sequence_complexity,0.8235294117647058,49.0,0.8235294117647058
VST-263f5393c32c4ae1,without_sequence_complexity,sequence_complexity,0.8235294117647058,50.0,0.8235294117647058
VST-282f637f252058e1,without_sequence_complexity,sequence_complexity,0.8235294117647058,51.0,0.8235294117647058
VST-29c7635dd5ccf48b,without_sequence_complexity,sequence_complexity,0.8235294117647058,52.0,0.8235294117647058
VST-2a3c27fe8ee65ed0,without_sequence_complexity,sequence_complexity,0.7647058823529412,250.0,0.8235294117647058
VST-2b2ec41725cf1abb,without_sequence_complexity,sequence_complexity,0.8235294117647058,53.0,0.8235294117647058
VST-2b3568cdc187cc3a,without_sequence_complexity,sequence_complexity,0.8235294117647058,54.0,0.8235294117647058
VST-2c252939df26b41d,without_sequence_complexity,sequence_complexity,0.8235294117647058,55.0,0.8235294117647058
VST-2d4a384209d52826,without_sequence_complexity,sequence_complexity,0.8235294117647058,56.0,0.8235294117647058
VST-2e9f052157f9bf29,without_sequence_complexity,sequence_complexity,0.8235294117647058,57.0,0.8235294117647058
VST-2ebaa2f0f0ff1b49,without_sequence_complexity,sequence_complexity,0.8235294117647058,58.0,0.8235294117647058
VST-2ef5158024ade344,without_sequence_complexity,sequence_complexity,0.8235294117647058,59.0,0.8235294117647058
VST-3163b78bf7ee1dc5,without_sequence_complexity,sequence_complexity,0.8235294117647058,60.0,0.8235294117647058
VST-31ef08300a9dfd1a,without_sequence_complexity,sequence_complexity,0.8235294117647058,61.0,0.8235294117647058
VST-325341ec9337420b,without_sequence_complexity,sequence_complexity,0.8235294117647058,62.0,0.8235294117647058
VST-33cfa6d0982c9513,without_sequence_complexity,sequence_complexity,0.8235294117647058,63.0,0.8235294117647058
VST-33e65750b0dcdac0,without_sequence_complexity,sequence_complexity,0.8235294117647058,64.0,0.8235294117647058
VST-373e70d307a3ef2c,without_sequence_complexity,sequence_complexity,0.8235294117647058,65.0,0.8235294117647058
VST-376b1770ac828a8c,without_sequence_complexity,sequence_complexity,0.8235294117647058,66.0,0.8235294117647058
VST-3777b42b0a7de238,without_sequence_complexity,sequence_complexity,0.8235294117647058,67.0,0.8235294117647058
VST-37bf49ddbe7486e9,without_sequence_complexity,sequence_complexity,0.8235294117647058,68.0,0.8235294117647058
VST-37e9317a0f663727,without_sequence_complexity,sequence_complexity,0.8235294117647058,69.0,0.8235294117647058
VST-39b8e81a7d803f8e,without_sequence_complexity,sequence_complexity,0.8235294117647058,70.0,0.8235294117647058
VST-39fdf6d9ae8c3c0a,without_sequence_complexity,sequence_complexity,0.8235294117647058,71.0,0.8235294117647058
VST-3a05e8146637b989,without_sequence_complexity,sequence_complexity,0.8235294117647058,72.0,0.8235294117647058
VST-3c43f917dee00628,without_sequence_complexity,sequence_complexity,0.8235294117647058,73.0,0.8235294117647058
VST-3cc728e3a51c1108,without_sequence_complexity,sequence_complexity,0.8235294117647058,74.0,0.8235294117647058
VST-3d1ca7c710ae6e86,without_sequence_complexity,sequence_complexity,0.8235294117647058,75.0,0.8235294117647058
VST-3de09fe66384236b,without_sequence_complexity,sequence_complexity,0.8235294117647058,76.0,0.8235294117647058
VST-4021c12f3302104c,without_sequence_complexity,sequence_complexity,0.8235294117647058,77.0,0.8235294117647058
VST-415f0e8a9b47ccfd,without_sequence_complexity,sequence_complexity,0.8235294117647058,78.0,0.8235294117647058
VST-418f1f2a53815241,without_sequence_complexity,sequence_complexity,0.8235294117647058,79.0,0.8235294117647058
VST-4391fbaea4ff25b8,without_sequence_complexity,sequence_complexity,0.8235294117647058,80.0,0.8235294117647058
VST-45dbce4ec075ef9c,without_sequence_complexity,sequence_complexity,0.8235294117647058,81.0,0.8235294117647058
VST-46ecca803ca813bb,without_sequence_complexity,sequence_complexity,0.8235294117647058,82.0,0.8235294117647058
VST-49e236e977152335,without_sequence_complexity,sequence_complexity,0.8235294117647058,83.0,0.8235294117647058
VST-4a527ce754156eb0,without_sequence_complexity,sequence_complexity,0.8235294117647058,84.0,0.8235294117647058
VST-4a5cae2eb79cff92,without_sequence_complexity,sequence_complexity,0.8235294117647058,85.0,0.8235294117647058
VST-4a7669fd4a3ceb1e,without_sequence_complexity,sequence_complexity,0.8235294117647058,86.0,0.8235294117647058
VST-4aa6a3cc307461ab,without_sequence_complexity,sequence_complexity,0.8235294117647058,87.0,0.8235294117647058
VST-4b7d9d68bd023f15,without_sequence_complexity,sequence_complexity,0.8235294117647058,88.0,0.8235294117647058
VST-4bf9338dda42cbed,without_sequence_complexity,sequence_complexity,0.8235294117647058,89.0,0.8235294117647058
VST-4d32369fb3ae6a0d,without_sequence_complexity,sequence_complexity,0.8235294117647058,90.0,0.8235294117647058
VST-4ecaf684df02550a,without_sequence_complexity,sequence_complexity,0.8235294117647058,91.0,0.8235294117647058
VST-52a09045c26473d1,without_sequence_complexity,sequence_complexity,0.8235294117647058,92.0,0.8235294117647058
VST-52aca0eacb4f5f03,without_sequence_complexity,sequence_complexity,0.8235294117647058,93.0,0.8235294117647058
VST-532556435fcd8b49,without_sequence_complexity,sequence_complexity,0.7058823529411765,255.0,0.8235294117647058
VST-54b5914e21a1a192,without_sequence_complexity,sequence_complexity,0.8235294117647058,94.0,0.8235294117647058
VST-55c714ca79bbb960,without_sequence_complexity,sequence_complexity,0.8235294117647058,95.0,0.8235294117647058
VST-56d60db41fb4e4e1,without_sequence_complexity,sequence_complexity,0.8235294117647058,96.0,0.8235294117647058
VST-58e34018807c40a2,without_sequence_complexity,sequence_complexity,0.8235294117647058,97.0,0.8235294117647058
VST-597a5cd0a9e8ee69,without_sequence_complexity,sequence_complexity,0.8235294117647058,98.0,0.8235294117647058
VST-59a37954b99ff1a8,without_sequence_complexity,sequence_complexity,0.8235294117647058,99.0,0.8235294117647058
VST-5a51a96147f40f42,without_sequence_complexity,sequence_complexity,0.8235294117647058,100.0,0.8235294117647058
VST-5abc068c14b4c8ca,without_sequence_complexity,sequence_complexity,0.8235294117647058,101.0,0.8235294117647058
VST-5b0c902d0b27748e,without_sequence_complexity,sequence_complexity,0.8235294117647058,102.0,0.8235294117647058
VST-5b43582f8db2b13e,without_sequence_complexity,sequence_complexity,0.8235294117647058,103.0,0.8235294117647058
VST-5c0c206c16972f39,without_sequence_complexity,sequence_complexity,0.8235294117647058,104.0,0.8235294117647058
VST-5c3509aa3351b5f7,without_sequence_complexity,sequence_complexity,0.7058823529411765,256.0,0.8235294117647058
VST-5d9176551b6dbdfd,without_sequence_complexity,sequence_complexity,0.8235294117647058,105.0,0.8235294117647058
VST-5e4034e33559c37a,without_sequence_complexity,sequence_complexity,0.8235294117647058,106.0,0.8235294117647058
VST-600cfa63d24df854,without_sequence_complexity,sequence_complexity,0.8235294117647058,107.0,0.8235294117647058
VST-60775d923bdf2965,without_sequence_complexity,sequence_complexity,0.8235294117647058,108.0,0.8235294117647058
VST-62614f1d9314372b,without_sequence_complexity,sequence_complexity,0.8235294117647058,109.0,0.8235294117647058
VST-64180409fb9d34c6,without_sequence_complexity,sequence_complexity,0.8235294117647058,110.0,0.8235294117647058
VST-64f0f7691329ca42,without_sequence_complexity,sequence_complexity,0.8235294117647058,111.0,0.8235294117647058
VST-653941ca0f2028d6,without_sequence_complexity,sequence_complexity,0.8235294117647058,112.0,0.8235294117647058
VST-65a353a6fb9629cf,without_sequence_complexity,sequence_complexity,0.8235294117647058,113.0,0.8235294117647058
VST-6725c99f721cc4f1,without_sequence_complexity,sequence_complexity,0.8235294117647058,114.0,0.8235294117647058
VST-673e398e74fcf10b,without_sequence_complexity,sequence_complexity,0.8235294117647058,115.0,0.8235294117647058
VST-68a665e63a79a788,without_sequence_complexity,sequence_complexity,0.8235294117647058,116.0,0.8235294117647058
VST-6b2eeda107745f94,without_sequence_complexity,sequence_complexity,0.8235294117647058,117.0,0.8235294117647058
VST-6e6d74a0618023e6,without_sequence_complexity,sequence_complexity,0.8235294117647058,118.0,0.8235294117647058
VST-6eb43191a8550e77,without_sequence_complexity,sequence_complexity,0.8235294117647058,119.0,0.8235294117647058
VST-6ed72cbebe2c789c,without_sequence_complexity,sequence_complexity,0.8235294117647058,120.0,0.8235294117647058
VST-6f648ec4222c10e5,without_sequence_complexity,sequence_complexity,0.8235294117647058,121.0,0.8235294117647058
VST-702ced0bbfd459fb,without_sequence_complexity,sequence_complexity,0.8235294117647058,122.0,0.8235294117647058
VST-72c344f5ebab072c,without_sequence_complexity,sequence_complexity,0.8235294117647058,123.0,0.8235294117647058
VST-72e4a9f29fd1a303,without_sequence_complexity,sequence_complexity,0.8235294117647058,124.0,0.8235294117647058
VST-72ed46577362f845,without_sequence_complexity,sequence_complexity,0.8235294117647058,125.0,0.8235294117647058
VST-73876fa22678f917,without_sequence_complexity,sequence_complexity,0.8235294117647058,126.0,0.8235294117647058
VST-74d3b26f9485c990,without_sequence_complexity,sequence_complexity,0.8235294117647058,127.0,0.8235294117647058
VST-7567f3c32ab9716b,without_sequence_complexity,sequence_complexity,0.8235294117647058,128.0,0.8235294117647058
VST-7663146b5e4d027e,without_sequence_complexity,sequence_complexity,0.8235294117647058,129.0,0.8235294117647058
VST-76977c9a0e77a665,without_sequence_complexity,sequence_complexity,0.8235294117647058,130.0,0.8235294117647058
VST-777d438d018891e2,without_sequence_complexity,sequence_complexity,0.8235294117647058,131.0,0.8235294117647058
VST-7a5a97c25dd01554,without_sequence_complexity,sequence_complexity,0.8235294117647058,132.0,0.8235294117647058
VST-7a93331d0f1d0d9f,without_sequence_complexity,sequence_complexity,0.8235294117647058,133.0,0.8235294117647058
VST-7ac03d514962242a,without_sequence_complexity,sequence_complexity,0.8235294117647058,134.0,0.8235294117647058
VST-7c4d0cf766d74db1,without_sequence_complexity,sequence_complexity,0.8235294117647058,135.0,0.8235294117647058
VST-7ca830d5c47bd4fc,without_sequence_complexity,sequence_complexity,0.8235294117647058,136.0,0.8235294117647058
VST-7de126e33810507f,without_sequence_complexity,sequence_complexity,0.8235294117647058,137.0,0.8235294117647058
VST-7de12e0ca3ba269a,without_sequence_complexity,sequence_complexity,0.8235294117647058,138.0,0.8235294117647058
VST-7e1b22e5ce36f92e,without_sequence_complexity,sequence_complexity,0.8235294117647058,139.0,0.8235294117647058
VST-7ed0acda3d841594,without_sequence_complexity,sequence_complexity,0.8235294117647058,140.0,0.8235294117647058
VST-7f7b6e25497fc40b,without_sequence_complexity,sequence_complexity,0.8235294117647058,141.0,0.8235294117647058
VST-808abc5d9a92d25b,without_sequence_complexity,sequence_complexity,0.8235294117647058,142.0,0.8235294117647058
VST-82dfe45db6836cf3,without_sequence_complexity,sequence_complexity,0.8235294117647058,143.0,0.8235294117647058
VST-82fc8dd61159f90f,without_sequence_complexity,sequence_complexity,0.8235294117647058,144.0,0.8235294117647058
VST-836b8f22d99f2c57,without_sequence_complexity,sequence_complexity,0.8235294117647058,145.0,0.8235294117647058
VST-840ee5d4fca969aa,without_sequence_complexity,sequence_complexity,0.8235294117647058,146.0,0.8235294117647058
VST-865f74875d928647,without_sequence_complexity,sequence_complexity,0.8235294117647058,147.0,0.8235294117647058
VST-868e335152cc2ff7,without_sequence_complexity,sequence_complexity,0.8235294117647058,148.0,0.8235294117647058
VST-875bb8d78fabbed1,without_sequence_complexity,sequence_complexity,0.8235294117647058,149.0,0.8235294117647058
VST-87a39737fb141918,without_sequence_complexity,sequence_complexity,0.8235294117647058,150.0,0.8235294117647058
VST-8847eda3dbded5ed,without_sequence_complexity,sequence_complexity,0.8235294117647058,151.0,0.8235294117647058
VST-89884ea3f3df2232,without_sequence_complexity,sequence_complexity,0.8235294117647058,152.0,0.8235294117647058
VST-899df3f1eddd8937,without_sequence_complexity,sequence_complexity,0.7647058823529412,251.0,0.8235294117647058
VST-89d1117ab452af42,without_sequence_complexity,sequence_complexity,0.8235294117647058,153.0,0.8235294117647058
VST-8a1588fa1aebe584,without_sequence_complexity,sequence_complexity,0.8235294117647058,154.0,0.8235294117647058
VST-8b17c882e9781436,without_sequence_complexity,sequence_complexity,0.8235294117647058,155.0,0.8235294117647058
VST-8cbc0c381ee91b7e,without_sequence_complexity,sequence_complexity,0.8235294117647058,156.0,0.8235294117647058
VST-8da1bffa43ea7a25,without_sequence_complexity,sequence_complexity,0.8235294117647058,157.0,0.8235294117647058
VST-8e8151383cb1c427,without_sequence_complexity,sequence_complexity,0.8235294117647058,158.0,0.8235294117647058
VST-9033bd512722ae70,without_sequence_complexity,sequence_complexity,0.8235294117647058,159.0,0.8235294117647058
VST-904110e44f42a7b7,without_sequence_complexity,sequence_complexity,0.8235294117647058,160.0,0.8235294117647058
VST-9285a919a02ebf2c,without_sequence_complexity,sequence_complexity,0.8235294117647058,161.0,0.8235294117647058
VST-936222e2f772abd7,without_sequence_complexity,sequence_complexity,0.8235294117647058,162.0,0.8235294117647058
VST-9422b19b5e62ecca,without_sequence_complexity,sequence_complexity,0.8235294117647058,163.0,0.8235294117647058
VST-969ffa1f37e1ba1a,without_sequence_complexity,sequence_complexity,0.8235294117647058,164.0,0.8235294117647058
VST-971e88f3e0cba2b7,without_sequence_complexity,sequence_complexity,0.7647058823529412,252.0,0.8235294117647058
VST-987130218dfffaa4,without_sequence_complexity,sequence_complexity,0.8235294117647058,165.0,0.8235294117647058
VST-98cb136df8c26835,without_sequence_complexity,sequence_complexity,0.8235294117647058,166.0,0.8235294117647058
VST-9915a2db480e34fd,without_sequence_complexity,sequence_complexity,0.8235294117647058,167.0,0.8235294117647058
VST-9941989ca6eb7f98,without_sequence_complexity,sequence_complexity,0.8235294117647058,168.0,0.8235294117647058
VST-9aaa493a268c04d7,without_sequence_complexity,sequence_complexity,0.8235294117647058,169.0,0.8235294117647058
VST-9b2fe3f28849fe07,without_sequence_complexity,sequence_complexity,0.8235294117647058,170.0,0.8235294117647058
VST-9b88002aa480c821,without_sequence_complexity,sequence_complexity,0.8235294117647058,171.0,0.8235294117647058
VST-9cd67af4bd66d50a,without_sequence_complexity,sequence_complexity,0.8235294117647058,172.0,0.8235294117647058
VST-9d1d422650f0fd0f,without_sequence_complexity,sequence_complexity,0.8235294117647058,173.0,0.8235294117647058
VST-9d3ca2ef0acfd3ec,without_sequence_complexity,sequence_complexity,0.8235294117647058,174.0,0.8235294117647058
VST-9d3cc3fbfd32544e,without_sequence_complexity,sequence_complexity,0.8235294117647058,175.0,0.8235294117647058
VST-9e78c30122a798a2,without_sequence_complexity,sequence_complexity,0.8235294117647058,176.0,0.8235294117647058
VST-9ed9c9a6c89a5969,without_sequence_complexity,sequence_complexity,0.8235294117647058,177.0,0.8235294117647058
VST-9fa817f601e7e604,without_sequence_complexity,sequence_complexity,0.8235294117647058,178.0,0.8235294117647058
VST-a0482af9f2dca640,without_sequence_complexity,sequence_complexity,0.8235294117647058,179.0,0.8235294117647058
VST-a0e68a62911f9940,without_sequence_complexity,sequence_complexity,0.8235294117647058,180.0,0.8235294117647058
VST-a4732ba0c72b0576,without_sequence_complexity,sequence_complexity,0.8235294117647058,181.0,0.8235294117647058
VST-a512968a7e1a7152,without_sequence_complexity,sequence_complexity,0.8235294117647058,182.0,0.8235294117647058
VST-a72a9a55313b664a,without_sequence_complexity,sequence_complexity,0.8235294117647058,183.0,0.8235294117647058
VST-a72dcc46e168081b,without_sequence_complexity,sequence_complexity,0.8235294117647058,184.0,0.8235294117647058
VST-a8fcd33fea500b1a,without_sequence_complexity,sequence_complexity,0.8235294117647058,185.0,0.8235294117647058
VST-ab3524e568a65cfc,without_sequence_complexity,sequence_complexity,0.8235294117647058,186.0,0.8235294117647058
VST-ab5e0a7300c5f8fd,without_sequence_complexity,sequence_complexity,0.8235294117647058,187.0,0.8235294117647058
VST-ad0b11a489874b36,without_sequence_complexity,sequence_complexity,0.8235294117647058,188.0,0.8235294117647058
VST-adc0ba73c6e724c6,without_sequence_complexity,sequence_complexity,0.8235294117647058,189.0,0.8235294117647058
VST-af7933782e7be4af,without_sequence_complexity,sequence_complexity,0.8235294117647058,190.0,0.8235294117647058
VST-afb177ff86e6ef87,without_sequence_complexity,sequence_complexity,0.8235294117647058,191.0,0.8235294117647058
VST-b2c199ec1112f217,without_sequence_complexity,sequence_complexity,0.8235294117647058,192.0,0.8235294117647058
VST-b35b70cb79d09e30,without_sequence_complexity,sequence_complexity,0.8235294117647058,193.0,0.8235294117647058
VST-b3626e384c690189,without_sequence_complexity,sequence_complexity,0.8235294117647058,194.0,0.8235294117647058
VST-b3c226e1dbf82116,without_sequence_complexity,sequence_complexity,0.8235294117647058,195.0,0.8235294117647058
VST-b4d8ba737daaa589,without_sequence_complexity,sequence_complexity,0.8235294117647058,196.0,0.8235294117647058
VST-b5f85040a55c7d15,without_sequence_complexity,sequence_complexity,0.8235294117647058,197.0,0.8235294117647058
VST-b882ce9e10c11321,without_sequence_complexity,sequence_complexity,0.8235294117647058,198.0,0.8235294117647058
VST-b98fd329d0681d9c,without_sequence_complexity,sequence_complexity,0.8235294117647058,199.0,0.8235294117647058
VST-ba561bf9733fcc67,without_sequence_complexity,sequence_complexity,0.8235294117647058,200.0,0.8235294117647058
VST-ba5a29a851401a8e,without_sequence_complexity,sequence_complexity,0.8235294117647058,201.0,0.8235294117647058
VST-ba6360f34e122944,without_sequence_complexity,sequence_complexity,0.8235294117647058,202.0,0.8235294117647058
VST-bc87c7a2c7b5c1de,without_sequence_complexity,sequence_complexity,0.8235294117647058,203.0,0.8235294117647058
VST-bd3c796e91be5a39,without_sequence_complexity,sequence_complexity,0.8235294117647058,204.0,0.8235294117647058
VST-bdef556f17216ce0,without_sequence_complexity,sequence_complexity,0.8235294117647058,205.0,0.8235294117647058
VST-be80546e55cc02c0,without_sequence_complexity,sequence_complexity,0.8235294117647058,206.0,0.8235294117647058
VST-c023e659ea9ab993,without_sequence_complexity,sequence_complexity,0.8235294117647058,207.0,0.8235294117647058
VST-c03e8899750a60c6,without_sequence_complexity,sequence_complexity,0.8235294117647058,208.0,0.8235294117647058
VST-c0a01004e18e27fa,without_sequence_complexity,sequence_complexity,0.8235294117647058,209.0,0.8235294117647058
VST-c1e79742f4385cd5,without_sequence_complexity,sequence_complexity,0.8235294117647058,210.0,0.8235294117647058
VST-c4a2b6c36f30efd0,without_sequence_complexity,sequence_complexity,0.8235294117647058,211.0,0.8235294117647058
VST-c4add79c19079290,without_sequence_complexity,sequence_complexity,0.7647058823529412,253.0,0.8235294117647058
VST-c53b11f616dfaf0d,without_sequence_complexity,sequence_complexity,0.8235294117647058,212.0,0.8235294117647058
VST-c8f52b54ab0f045f,without_sequence_complexity,sequence_complexity,0.8235294117647058,213.0,0.8235294117647058
VST-c9b45f692a7abf52,without_sequence_complexity,sequence_complexity,0.8235294117647058,214.0,0.8235294117647058
VST-ca0de3c804cdc227,without_sequence_complexity,sequence_complexity,0.8235294117647058,215.0,0.8235294117647058
VST-cb0df8655873fbbb,without_sequence_complexity,sequence_complexity,0.8235294117647058,216.0,0.8235294117647058
VST-ce6bc359b9b14607,without_sequence_complexity,sequence_complexity,0.8235294117647058,217.0,0.8235294117647058
VST-d43c7c042dd1f65d,without_sequence_complexity,sequence_complexity,0.8235294117647058,218.0,0.8235294117647058
VST-d48124c847ae62ae,without_sequence_complexity,sequence_complexity,0.8235294117647058,219.0,0.8235294117647058
VST-d586de8e1e168918,without_sequence_complexity,sequence_complexity,0.8235294117647058,220.0,0.8235294117647058
VST-d6724e2760409914,without_sequence_complexity,sequence_complexity,0.8235294117647058,221.0,0.8235294117647058
VST-da36fcdb2df1e3a1,without_sequence_complexity,sequence_complexity,0.8235294117647058,222.0,0.8235294117647058
VST-dbd17f1838aab588,without_sequence_complexity,sequence_complexity,0.8235294117647058,223.0,0.8235294117647058
VST-dfaaebc13e82abe8,without_sequence_complexity,sequence_complexity,0.8235294117647058,224.0,0.8235294117647058
VST-e0a21202a289e74a,without_sequence_complexity,sequence_complexity,0.8235294117647058,225.0,0.8235294117647058
VST-e16166bf204a5e53,without_sequence_complexity,sequence_complexity,0.8235294117647058,226.0,0.8235294117647058
VST-e38a020100fd8650,without_sequence_complexity,sequence_complexity,0.8235294117647058,227.0,0.8235294117647058
VST-e413ec0ea5f14c46,without_sequence_complexity,sequence_complexity,0.7058823529411765,257.0,0.8235294117647058
VST-e5013681b230beb4,without_sequence_complexity,sequence_complexity,0.7647058823529412,254.0,0.8235294117647058
VST-e6cf09023f4da271,without_sequence_complexity,sequence_complexity,0.8235294117647058,228.0,0.8235294117647058
VST-e8d279d481ed3ef9,without_sequence_complexity,sequence_complexity,0.8235294117647058,229.0,0.8235294117647058
VST-e9134c63f22d5f91,without_sequence_complexity,sequence_complexity,0.8235294117647058,230.0,0.8235294117647058
VST-eb4e2052c0ebaa3b,without_sequence_complexity,sequence_complexity,0.8235294117647058,231.0,0.8235294117647058
VST-eb624e15ae3875db,without_sequence_complexity,sequence_complexity,0.8235294117647058,232.0,0.8235294117647058
VST-eb766b8e59cb1a08,without_sequence_complexity,sequence_complexity,0.8235294117647058,233.0,0.8235294117647058
VST-ecf42a7471eb961f,without_sequence_complexity,sequence_complexity,0.8235294117647058,234.0,0.8235294117647058
VST-eeaf0ed50e4a816f,without_sequence_complexity,sequence_complexity,0.8235294117647058,235.0,0.8235294117647058
VST-f124bdf2ca672480,without_sequence_complexity,sequence_complexity,0.8235294117647058,236.0,0.8235294117647058
VST-f351411bf1647679,without_sequence_complexity,sequence_complexity,0.8235294117647058,237.0,0.8235294117647058
VST-f689e03c9c66844f,without_sequence_complexity,sequence_complexity,0.8235294117647058,238.0,0.8235294117647058
VST-f6e5465ee383e2d3,without_sequence_complexity,sequence_complexity,0.8235294117647058,239.0,0.8235294117647058
VST-f727f9fa7c989a65,without_sequence_complexity,sequence_complexity,0.8235294117647058,240.0,0.8235294117647058
VST-f78c79443168dd2c,without_sequence_complexity,sequence_complexity,0.8235294117647058,241.0,0.8235294117647058
VST-f89f34b331378e0b,without_sequence_complexity,sequence_complexity,0.8235294117647058,242.0,0.8235294117647058
VST-fb232d65c8ed6bf4,without_sequence_complexity,sequence_complexity,0.8235294117647058,243.0,0.8235294117647058
VST-fc90436ddf2f900b,without_sequence_complexity,sequence_complexity,0.8235294117647058,244.0,0.8235294117647058
VST-fd50f49d1629b504,without_sequence_complexity,sequence_complexity,0.8235294117647058,245.0,0.8235294117647058
VST-fead3c9086c42153,without_sequence_complexity,sequence_complexity,0.8235294117647058,246.0,0.8235294117647058
VST-00404d88e053db71,without_annotation,annotation,0.8283871208012789,165.0,0.8333333333333333
VST-007054e1d4147def,without_annotation,annotation,0.823615258185751,232.0,0.8333333333333333
VST-036f6d04d9c53b9f,without_annotation,annotation,0.8268273412406135,212.0,0.8333333333333333
VST-03ed4c8cfa516e76,without_annotation,annotation,0.7658427485650311,247.0,0.8333333333333333
VST-047c7cccd59bb4f8,without_annotation,annotation,0.8293936829687212,136.0,0.8333333333333333
VST-0485f8c0adcbd9df,without_annotation,annotation,0.8268273412406135,213.0,0.8333333333333333
VST-04b44972473503e3,without_annotation,annotation,0.8283871208012789,166.0,0.8333333333333333
VST-05773aada3f016db,without_annotation,annotation,0.823615258185751,233.0,0.8333333333333333
VST-05b99c897b142721,without_annotation,annotation,0.8299059873704466,110.0,0.8333333333333333
VST-05edd1617c88ef7b,without_annotation,annotation,0.8293936829687212,137.0,0.8333333333333333
VST-062ea14755aa8fb5,without_annotation,annotation,0.830912549537889,100.0,0.8333333333333333
VST-0711102ad2e7e3a0,without_annotation,annotation,0.8293936829687212,138.0,0.8333333333333333
VST-08294a9909671800,without_annotation,annotation,0.8293936829687212,139.0,0.8333333333333333
VST-094a717e7aead924,without_annotation,annotation,0.8253084746714456,215.0,0.8333333333333333
VST-0a56b550e18f154e,without_annotation,annotation,0.8293936829687212,140.0,0.8333333333333333
VST-0b4a5b34bfa7e0c2,without_annotation,annotation,0.8253084746714456,216.0,0.8333333333333333
VST-0bbf7217b051108f,without_annotation,annotation,0.823615258185751,234.0,0.8333333333333333
VST-0bf1ec26dd4e63a9,without_annotation,annotation,0.8321229414356112,4.0,0.8333333333333333
VST-0c72d8ecb3dc9087,without_annotation,annotation,0.8271767289035565,191.0,0.8333333333333333
VST-0c98e548e0bcc301,without_annotation,annotation,0.8271767289035568,192.0,0.8333333333333333
VST-0df2b61a3df2b6ad,without_annotation,annotation,0.8321229414356112,5.0,0.8333333333333333
VST-0f42c4959c6946ee,without_annotation,annotation,0.8321229414356112,6.0,0.8333333333333333
VST-0f67f9aa2e71fd93,without_annotation,annotation,0.8321229414356112,7.0,0.8333333333333333
VST-0fe9e374c5692e69,without_annotation,annotation,0.7658427485650311,248.0,0.8333333333333333
VST-10e957c0601232dd,without_annotation,annotation,0.7649810565003624,253.0,0.8333333333333333
VST-11a1f54a9e842c28,without_annotation,annotation,0.8293936829687212,141.0,0.8333333333333333
VST-1235e74e861a555f,without_annotation,annotation,0.8299059873704466,111.0,0.8333333333333333
VST-12b9f79552b46501,without_annotation,annotation,0.830912549537889,101.0,0.8333333333333333
VST-13bc9e72fde1741c,without_annotation,annotation,0.8293936829687212,142.0,0.8333333333333333
VST-14d4a7bb392244ad,without_annotation,annotation,0.8283871208012789,167.0,0.8333333333333333
VST-1614cebe9524b7f1,without_annotation,annotation,0.830912549537889,102.0,0.8333333333333333
VST-1733d9298c05f71f,without_annotation,annotation,0.8253084746714456,217.0,0.8333333333333333
VST-1826fb9b1a0685d7,without_annotation,annotation,0.8253084746714456,218.0,0.8333333333333333
VST-1a03de7ffb16fbb6,without_annotation,annotation,0.8321229414356112,8.0,0.8333333333333333
VST-1a7fa12b2b0e5555,without_annotation,annotation,0.8283871208012789,168.0,0.8333333333333333
VST-1aa0d67c1728df8f,without_annotation,annotation,0.8299059873704466,112.0,0.8333333333333333
VST-1ab6bcde24624e54,without_annotation,annotation,0.8321229414356112,9.0,0.8333333333333333
VST-1ba59ea65fda799a,without_annotation,annotation,0.8271767289035565,193.0,0.8333333333333333
VST-1c7a1bc42c9ce091,without_annotation,annotation,0.8271767289035568,194.0,0.8333333333333333
VST-1d1284837f4da8f5,without_annotation,annotation,0.830912549537889,103.0,0.8333333333333333
VST-1d709cd97cd88e9b,without_annotation,annotation,0.8283871208012789,169.0,0.8333333333333333
VST-1de7216ed97beffe,without_annotation,annotation,0.8217470039536401,241.0,0.8333333333333333
VST-1ebc6287141a1c57,without_annotation,annotation,0.8246218203531934,230.0,0.8333333333333333
VST-1f79b12047b029be,without_annotation,annotation,0.8321229414356112,10.0,0.8333333333333333
VST-203ebb90daaa875c,without_annotation,annotation,0.8253084746714456,219.0,0.8333333333333333
VST-20516e76f738c908,without_annotation,annotation,0.8299059873704466,113.0,0.8333333333333333
VST-2197f2e713f87ca5,without_annotation,annotation,0.8321229414356112,11.0,0.8333333333333333
VST-230b82bf2fc98ed0,without_annotation,annotation,0.8271767289035565,195.0,0.8333333333333333
VST-2310b41e9822d690,without_annotation,annotation,0.830912549537889,104.0,0.8333333333333333
VST-240e20eb666f9c85,without_annotation,annotation,0.8321229414356112,12.0,0.8333333333333333
VST-249d7e4bd2d6e50b,without_annotation,annotation,0.8293936829687212,143.0,0.8333333333333333
VST-24ba0576a5c2acb0,without_annotation,annotation,0.8321229414356112,13.0,0.8333333333333333
VST-263f5393c32c4ae1,without_annotation,annotation,0.823615258185751,235.0,0.8333333333333333
VST-282f637f252058e1,without_annotation,annotation,0.8299059873704466,114.0,0.8333333333333333
VST-29c7635dd5ccf48b,without_annotation,annotation,0.8299059873704466,115.0,0.8333333333333333
VST-2a3c27fe8ee65ed0,without_annotation,annotation,0.7658427485650311,249.0,0.8333333333333333
VST-2b2ec41725cf1abb,without_annotation,annotation,0.8293936829687212,144.0,0.8333333333333333
VST-2b3568cdc187cc3a,without_annotation,annotation,0.8321229414356112,14.0,0.8333333333333333
VST-2c252939df26b41d,without_annotation,annotation,0.8321229414356112,15.0,0.8333333333333333
VST-2d4a384209d52826,without_annotation,annotation,0.8283871208012789,170.0,0.8333333333333333
VST-2e9f052157f9bf29,without_annotation,annotation,0.8333333333333333,1.0,0.8333333333333333
VST-2ebaa2f0f0ff1b49,without_annotation,annotation,0.823615258185751,236.0,0.8333333333333333
VST-2ef5158024ade344,without_annotation,annotation,0.8321229414356112,16.0,0.8333333333333333
VST-3163b78bf7ee1dc5,without_annotation,annotation,0.8321229414356112,17.0,0.8333333333333333
VST-31ef08300a9dfd1a,without_annotation,annotation,0.8321229414356112,18.0,0.8333333333333333
VST-325341ec9337420b,without_annotation,annotation,0.8283871208012789,171.0,0.8333333333333333
VST-33cfa6d0982c9513,without_annotation,annotation,0.8299059873704466,116.0,0.8333333333333333
VST-33e65750b0dcdac0,without_annotation,annotation,0.8253084746714456,220.0,0.8333333333333333
VST-373e70d307a3ef2c,without_annotation,annotation,0.8271767289035568,196.0,0.8333333333333333
VST-376b1770ac828a8c,without_annotation,annotation,0.8321229414356112,19.0,0.8333333333333333
VST-3777b42b0a7de238,without_annotation,annotation,0.8299059873704466,117.0,0.8333333333333333
VST-37bf49ddbe7486e9,without_annotation,annotation,0.8293936829687212,145.0,0.8333333333333333
VST-37e9317a0f663727,without_annotation,annotation,0.8299059873704466,118.0,0.8333333333333333
VST-39b8e81a7d803f8e,without_annotation,annotation,0.8321229414356112,20.0,0.8333333333333333
VST-39fdf6d9ae8c3c0a,without_annotation,annotation,0.8271767289035568,197.0,0.8333333333333333
VST-3a05e8146637b989,without_annotation,annotation,0.8321229414356112,21.0,0.8333333333333333
VST-3c43f917dee00628,without_annotation,annotation,0.8299059873704466,119.0,0.8333333333333333
VST-3cc728e3a51c1108,without_annotation,annotation,0.8321229414356112,22.0,0.8333333333333333
VST-3d1ca7c710ae6e86,without_annotation,annotation,0.8321229414356112,23.0,0.8333333333333333
VST-3de09fe66384236b,without_annotation,annotation,0.8156980309778755,246.0,0.8333333333333333
VST-4021c12f3302104c,without_annotation,annotation,0.8283871208012789,172.0,0.8333333333333333
VST-415f0e8a9b47ccfd,without_annotation,annotation,0.8299059873704466,120.0,0.8333333333333333
VST-418f1f2a53815241,without_annotation,annotation,0.8253084746714456,221.0,0.8333333333333333
VST-4391fbaea4ff25b8,without_annotation,annotation,0.8271767289035565,198.0,0.8333333333333333
VST-45dbce4ec075ef9c,without_annotation,annotation,0.8283871208012789,173.0,0.8333333333333333
VST-46ecca803ca813bb,without_annotation,annotation,0.8253084746714456,222.0,0.8333333333333333
VST-49e236e977152335,without_annotation,annotation,0.8321229414356112,24.0,0.8333333333333333
VST-4a527ce754156eb0,without_annotation,annotation,0.8299059873704466,121.0,0.8333333333333333
VST-4a5cae2eb79cff92,without_annotation,annotation,0.8321229414356112,25.0,0.8333333333333333
VST-4a7669fd4a3ceb1e,without_annotation,annotation,0.8299059873704466,122.0,0.8333333333333333
VST-4aa6a3cc307461ab,without_annotation,annotation,0.8321229414356112,26.0,0.8333333333333333
VST-4b7d9d68bd023f15,without_annotation,annotation,0.8321229414356112,27.0,0.8333333333333333
VST-4bf9338dda42cbed,without_annotation,annotation,0.8321229414356112,28.0,0.8333333333333333
VST-4d32369fb3ae6a0d,without_annotation,annotation,0.8283871208012789,174.0,0.8333333333333333
VST-4ecaf684df02550a,without_annotation,annotation,0.8321229414356112,29.0,0.8333333333333333
VST-52a09045c26473d1,without_annotation,annotation,0.8321229414356112,30.0,0.8333333333333333
VST-52aca0eacb4f5f03,without_annotation,annotation,0.8283871208012789,175.0,0.8333333333333333
VST-532556435fcd8b49,without_annotation,annotation,0.7007836929400278,257.0,0.8333333333333333
VST-54b5914e21a1a192,without_annotation,annotation,0.8321229414356112,31.0,0.8333333333333333
VST-55c714ca79bbb960,without_annotation,annotation,0.8283871208012789,176.0,0.8333333333333333
VST-56d60db41fb4e4e1,without_annotation,annotation,0.8321229414356112,32.0,0.8333333333333333
VST-58e34018807c40a2,without_annotation,annotation,0.8271767289035565,199.0,0.8333333333333333
VST-597a5cd0a9e8ee69,without_annotation,annotation,0.8321229414356112,33.0,0.8333333333333333
VST-59a37954b99ff1a8,without_annotation,annotation,0.8321229414356112,34.0,0.8333333333333333
VST-5a51a96147f40f42,without_annotation,annotation,0.8271767289035565,200.0,0.8333333333333333
VST-5abc068c14b4c8ca,without_annotation,annotation,0.8321229414356112,35.0,0.8333333333333333
VST-5b0c902d0b27748e,without_annotation,annotation,0.8321229414356112,36.0,0.8333333333333333
VST-5b43582f8db2b13e,without_annotation,annotation,0.8321229414356112,37.0,0.8333333333333333
VST-5c0c206c16972f39,without_annotation,annotation,0.8271767289035565,201.0,0.8333333333333333
VST-5c3509aa3351b5f7,without_annotation,annotation,0.7056896803104745,255.0,0.8333333333333333
VST-5d9176551b6dbdfd,without_annotation,annotation,0.8321229414356112,38.0,0.8333333333333333
VST-5e4034e33559c37a,without_annotation,annotation,0.8333333333333333,2.0,0.8333333333333333
VST-600cfa63d24df854,without_annotation,annotation,0.830912549537889,105.0,0.8333333333333333
VST-60775d923bdf2965,without_annotation,annotation,0.8321229414356112,39.0,0.8333333333333333
VST-62614f1d9314372b,without_annotation,annotation,0.8253084746714456,223.0,0.8333333333333333
VST-64180409fb9d34c6,without_annotation,annotation,0.8299059873704466,123.0,0.8333333333333333
VST-64f0f7691329ca42,without_annotation,annotation,0.8217470039536401,242.0,0.8333333333333333
VST-653941ca0f2028d6,without_annotation,annotation,0.8293936829687212,146.0,0.8333333333333333
VST-65a353a6fb9629cf,without_annotation,annotation,0.8299059873704466,124.0,0.8333333333333333
VST-6725c99f721cc4f1,without_annotation,annotation,0.8321229414356112,40.0,0.8333333333333333
VST-673e398e74fcf10b,without_annotation,annotation,0.8321229414356112,41.0,0.8333333333333333
VST-68a665e63a79a788,without_annotation,annotation,0.8321229414356112,42.0,0.8333333333333333
VST-6b2eeda107745f94,without_annotation,annotation,0.8268273412406135,214.0,0.8333333333333333
VST-6e6d74a0618023e6,without_annotation,annotation,0.8321229414356112,43.0,0.8333333333333333
VST-6eb43191a8550e77,without_annotation,annotation,0.8321229414356112,44.0,0.8333333333333333
VST-6ed72cbebe2c789c,without_annotation,annotation,0.81791498504304,245.0,0.8333333333333333
VST-6f648ec4222c10e5,without_annotation,annotation,0.8299059873704466,125.0,0.8333333333333333
VST-702ced0bbfd459fb,without_annotation,annotation,0.8299059873704466,126.0,0.8333333333333333
VST-72c344f5ebab072c,without_annotation,annotation,0.8321229414356112,45.0,0.8333333333333333
VST-72e4a9f29fd1a303,without_annotation,annotation,0.8321229414356112,46.0,0.8333333333333333
VST-72ed46577362f845,without_annotation,annotation,0.8293936829687212,147.0,0.8333333333333333
VST-73876fa22678f917,without_annotation,annotation,0.8299059873704466,127.0,0.8333333333333333
VST-74d3b26f9485c990,without_annotation,annotation,0.8321229414356112,47.0,0.8333333333333333
VST-7567f3c32ab9716b,without_annotation,annotation,0.8293936829687212,148.0,0.8333333333333333
VST-7663146b5e4d027e,without_annotation,annotation,0.8299059873704466,128.0,0.8333333333333333
VST-76977c9a0e77a665,without_annotation,annotation,0.8283871208012789,177.0,0.8333333333333333
VST-777d438d018891e2,without_annotation,annotation,0.8321229414356112,48.0,0.8333333333333333
VST-7a5a97c25dd01554,without_annotation,annotation,0.8293936829687212,149.0,0.8333333333333333
VST-7a93331d0f1d0d9f,without_annotation,annotation,0.8321229414356112,49.0,0.8333333333333333
VST-7ac03d514962242a,without_annotation,annotation,0.8321229414356112,50.0,0.8333333333333333
VST-7c4d0cf766d74db1,without_annotation,annotation,0.8293936829687212,150.0,0.8333333333333333
VST-7ca830d5c47bd4fc,without_annotation,annotation,0.8321229414356112,51.0,0.8333333333333333
VST-7de126e33810507f,without_annotation,annotation,0.8283871208012789,178.0,0.8333333333333333
VST-7de12e0ca3ba269a,without_annotation,annotation,0.8321229414356112,52.0,0.8333333333333333
VST-7e1b22e5ce36f92e,without_annotation,annotation,0.8283871208012789,179.0,0.8333333333333333
VST-7ed0acda3d841594,without_annotation,annotation,0.823615258185751,237.0,0.8333333333333333
VST-7f7b6e25497fc40b,without_annotation,annotation,0.8321229414356112,53.0,0.8333333333333333
VST-808abc5d9a92d25b,without_annotation,annotation,0.830912549537889,106.0,0.8333333333333333
VST-82dfe45db6836cf3,without_annotation,annotation,0.8283871208012789,180.0,0.8333333333333333
VST-82fc8dd61159f90f,without_annotation,annotation,0.8321229414356112,54.0,0.8333333333333333
VST-836b8f22d99f2c57,without_annotation,annotation,0.8321229414356112,55.0,0.8333333333333333
VST-840ee5d4fca969aa,without_annotation,annotation,0.8253084746714456,224.0,0.8333333333333333
VST-865f74875d928647,without_annotation,annotation,0.8283871208012789,181.0,0.8333333333333333
VST-868e335152cc2ff7,without_annotation,annotation,0.8321229414356112,56.0,0.8333333333333333
VST-875bb8d78fabbed1,without_annotation,annotation,0.8321229414356112,57.0,0.8333333333333333
VST-87a39737fb141918,without_annotation,annotation,0.8321229414356112,58.0,0.8333333333333333
VST-8847eda3dbded5ed,without_annotation,annotation,0.8321229414356112,59.0,0.8333333333333333
VST-89884ea3f3df2232,without_annotation,annotation,0.8321229414356112,60.0,0.8333333333333333
VST-899df3f1eddd8937,without_annotation,annotation,0.7658427485650311,250.0,0.8333333333333333
VST-89d1117ab452af42,without_annotation,annotation,0.8271767289035565,202.0,0.8333333333333333
VST-8a1588fa1aebe584,without_annotation,annotation,0.830912549537889,107.0,0.8333333333333333
VST-8b17c882e9781436,without_annotation,annotation,0.8253084746714456,225.0,0.8333333333333333
VST-8cbc0c381ee91b7e,without_annotation,annotation,0.8246218203531934,231.0,0.8333333333333333
VST-8da1bffa43ea7a25,without_annotation,annotation,0.8283871208012789,182.0,0.8333333333333333
VST-8e8151383cb1c427,without_annotation,annotation,0.8293936829687212,151.0,0.8333333333333333
VST-9033bd512722ae70,without_annotation,annotation,0.8321229414356112,61.0,0.8333333333333333
VST-904110e44f42a7b7,without_annotation,annotation,0.8271767289035568,203.0,0.8333333333333333
VST-9285a919a02ebf2c,without_annotation,annotation,0.8271767289035565,204.0,0.8333333333333333
VST-936222e2f772abd7,without_annotation,annotation,0.8271767289035568,205.0,0.8333333333333333
VST-9422b19b5e62ecca,without_annotation,annotation,0.8321229414356112,62.0,0.8333333333333333
VST-969ffa1f37e1ba1a,without_annotation,annotation,0.8293936829687212,152.0,0.8333333333333333
VST-971e88f3e0cba2b7,without_annotation,annotation,0.7658427485650311,251.0,0.8333333333333333
VST-987130218dfffaa4,without_annotation,annotation,0.8321229414356112,63.0,0.8333333333333333
VST-98cb136df8c26835,without_annotation,annotation,0.823615258185751,238.0,0.8333333333333333
VST-9915a2db480e34fd,without_annotation,annotation,0.8321229414356112,64.0,0.8333333333333333
VST-9941989ca6eb7f98,without_annotation,annotation,0.8283871208012789,183.0,0.8333333333333333
VST-9aaa493a268c04d7,without_annotation,annotation,0.8283871208012789,184.0,0.8333333333333333
VST-9b2fe3f28849fe07,without_annotation,annotation,0.8321229414356112,65.0,0.8333333333333333
VST-9b88002aa480c821,without_annotation,annotation,0.8293936829687212,153.0,0.8333333333333333
VST-9cd67af4bd66d50a,without_annotation,annotation,0.8333333333333333,3.0,0.8333333333333333
VST-9d1d422650f0fd0f,without_annotation,annotation,0.8321229414356112,66.0,0.8333333333333333
VST-9d3ca2ef0acfd3ec,without_annotation,annotation,0.8321229414356112,67.0,0.8333333333333333
VST-9d3cc3fbfd32544e,without_annotation,annotation,0.8321229414356112,68.0,0.8333333333333333
VST-9e78c30122a798a2,without_annotation,annotation,0.8321229414356112,69.0,0.8333333333333333
VST-9ed9c9a6c89a5969,without_annotation,annotation,0.8321229414356112,70.0,0.8333333333333333
VST-9fa817f601e7e604,without_annotation,annotation,0.8217470039536401,243.0,0.8333333333333333
VST-a0482af9f2dca640,without_annotation,annotation,0.8293936829687212,154.0,0.8333333333333333
VST-a0e68a62911f9940,without_annotation,annotation,0.8299059873704466,129.0,0.8333333333333333
VST-a4732ba0c72b0576,without_annotation,annotation,0.8321229414356112,71.0,0.8333333333333333
VST-a512968a7e1a7152,without_annotation,annotation,0.8253084746714456,226.0,0.8333333333333333
VST-a72a9a55313b664a,without_annotation,annotation,0.8321229414356112,72.0,0.8333333333333333
VST-a72dcc46e168081b,without_annotation,annotation,0.8321229414356112,73.0,0.8333333333333333
VST-a8fcd33fea500b1a,without_annotation,annotation,0.8321229414356112,74.0,0.8333333333333333
VST-ab3524e568a65cfc,without_annotation,annotation,0.8293936829687212,155.0,0.8333333333333333
VST-ab5e0a7300c5f8fd,without_annotation,annotation,0.8299059873704466,130.0,0.8333333333333333
VST-ad0b11a489874b36,without_annotation,annotation,0.8271767289035568,206.0,0.8333333333333333
VST-adc0ba73c6e724c6,without_annotation,annotation,0.8321229414356112,75.0,0.8333333333333333
VST-af7933782e7be4af,without_annotation,annotation,0.8321229414356112,76.0,0.8333333333333333
VST-afb177ff86e6ef87,without_annotation,annotation,0.8321229414356112,77.0,0.8333333333333333
VST-b2c199ec1112f217,without_annotation,annotation,0.830912549537889,108.0,0.8333333333333333
VST-b35b70cb79d09e30,without_annotation,annotation,0.8293936829687212,156.0,0.8333333333333333
VST-b3626e384c690189,without_annotation,annotation,0.8321229414356112,78.0,0.8333333333333333
VST-b3c226e1dbf82116,without_annotation,annotation,0.8321229414356112,79.0,0.8333333333333333
VST-b4d8ba737daaa589,without_annotation,annotation,0.8299059873704466,131.0,0.8333333333333333
VST-b5f85040a55c7d15,without_annotation,annotation,0.8321229414356112,80.0,0.8333333333333333
VST-b882ce9e10c11321,without_annotation,annotation,0.8321229414356112,81.0,0.8333333333333333
VST-b98fd329d0681d9c,without_annotation,annotation,0.8321229414356112,82.0,0.8333333333333333
VST-ba561bf9733fcc67,without_annotation,annotation,0.8321229414356112,83.0,0.8333333333333333
VST-ba5a29a851401a8e,without_annotation,annotation,0.8321229414356112,84.0,0.8333333333333333
VST-ba6360f34e122944,without_annotation,annotation,0.8253084746714456,227.0,0.8333333333333333
VST-bc87c7a2c7b5c1de,without_annotation,annotation,0.8321229414356112,85.0,0.8333333333333333
VST-bd3c796e91be5a39,without_annotation,annotation,0.8321229414356112,86.0,0.8333333333333333
VST-bdef556f17216ce0,without_annotation,annotation,0.8271767289035568,207.0,0.8333333333333333
VST-be80546e55cc02c0,without_annotation,annotation,0.8283871208012789,185.0,0.8333333333333333
VST-c023e659ea9ab993,without_annotation,annotation,0.8293936829687212,157.0,0.8333333333333333
VST-c03e8899750a60c6,without_annotation,annotation,0.8283871208012789,186.0,0.8333333333333333
VST-c0a01004e18e27fa,without_annotation,annotation,0.8271767289035568,208.0,0.8333333333333333
VST-c1e79742f4385cd5,without_annotation,annotation,0.8293936829687212,158.0,0.8333333333333333
VST-c4a2b6c36f30efd0,without_annotation,annotation,0.8283871208012789,187.0,0.8333333333333333
VST-c4add79c19079290,without_annotation,annotation,0.7649810565003624,254.0,0.8333333333333333
VST-c53b11f616dfaf0d,without_annotation,annotation,0.8293936829687212,159.0,0.8333333333333333
VST-c8f52b54ab0f045f,without_annotation,annotation,0.8299059873704466,132.0,0.8333333333333333
VST-c9b45f692a7abf52,without_annotation,annotation,0.8321229414356112,87.0,0.8333333333333333
VST-ca0de3c804cdc227,without_annotation,annotation,0.8293936829687212,160.0,0.8333333333333333
VST-cb0df8655873fbbb,without_annotation,annotation,0.8293936829687212,161.0,0.8333333333333333
VST-ce6bc359b9b14607,without_annotation,annotation,0.8271767289035565,209.0,0.8333333333333333
VST-d43c7c042dd1f65d,without_annotation,annotation,0.8321229414356112,88.0,0.8333333333333333
VST-d48124c847ae62ae,without_annotation,annotation,0.8299059873704466,133.0,0.8333333333333333
VST-d586de8e1e168918,without_annotation,annotation,0.8253084746714456,228.0,0.8333333333333333
VST-d6724e2760409914,without_annotation,annotation,0.830912549537889,109.0,0.8333333333333333
VST-da36fcdb2df1e3a1,without_annotation,annotation,0.823615258185751,239.0,0.8333333333333333
VST-dbd17f1838aab588,without_annotation,annotation,0.8321229414356112,89.0,0.8333333333333333
VST-dfaaebc13e82abe8,without_annotation,annotation,0.8321229414356112,90.0,0.8333333333333333
VST-e0a21202a289e74a,without_annotation,annotation,0.8321229414356112,91.0,0.8333333333333333
VST-e16166bf204a5e53,without_annotation,annotation,0.8321229414356112,92.0,0.8333333333333333
VST-e38a020100fd8650,without_annotation,annotation,0.8271767289035565,210.0,0.8333333333333333
VST-e413ec0ea5f14c46,without_annotation,annotation,0.704074615465039,256.0,0.8333333333333333
VST-e5013681b230beb4,without_annotation,annotation,0.7658427485650311,252.0,0.8333333333333333
VST-e6cf09023f4da271,without_annotation,annotation,0.8321229414356112,93.0,0.8333333333333333
VST-e8d279d481ed3ef9,without_annotation,annotation,0.823615258185751,240.0,0.8333333333333333
VST-e9134c63f22d5f91,without_annotation,annotation,0.8321229414356112,94.0,0.8333333333333333
VST-eb4e2052c0ebaa3b,without_annotation,annotation,0.8293936829687212,162.0,0.8333333333333333
VST-eb624e15ae3875db,without_annotation,annotation,0.8271767289035568,211.0,0.8333333333333333
VST-eb766b8e59cb1a08,without_annotation,annotation,0.8321229414356112,95.0,0.8333333333333333
VST-ecf42a7471eb961f,without_annotation,annotation,0.8283871208012789,188.0,0.8333333333333333
VST-eeaf0ed50e4a816f,without_annotation,annotation,0.8293936829687212,163.0,0.8333333333333333
VST-f124bdf2ca672480,without_annotation,annotation,0.8283871208012789,189.0,0.8333333333333333
VST-f351411bf1647679,without_annotation,annotation,0.8321229414356112,96.0,0.8333333333333333
VST-f689e03c9c66844f,without_annotation,annotation,0.8299059873704466,134.0,0.8333333333333333
VST-f6e5465ee383e2d3,without_annotation,annotation,0.8283871208012789,190.0,0.8333333333333333
VST-f727f9fa7c989a65,without_annotation,annotation,0.8293936829687212,164.0,0.8333333333333333
VST-f78c79443168dd2c,without_annotation,annotation,0.82174700395364,244.0,0.8333333333333333
VST-f89f34b331378e0b,without_annotation,annotation,0.8321229414356112,97.0,0.8333333333333333
VST-fb232d65c8ed6bf4,without_annotation,annotation,0.8321229414356112,98.0,0.8333333333333333
VST-fc90436ddf2f900b,without_annotation,annotation,0.8253084746714456,229.0,0.8333333333333333
VST-fd50f49d1629b504,without_annotation,annotation,0.8321229414356112,99.0,0.8333333333333333
VST-fead3c9086c42153,without_annotation,annotation,0.8299059873704466,135.0,0.8333333333333333
VST-00404d88e053db71,without_gene_evidence,gene_evidence,0.9947628337895894,165.0,1.0
VST-007054e1d4147def,without_gene_evidence,gene_evidence,0.9897102733731482,232.0,1.0
VST-036f6d04d9c53b9f,without_gene_evidence,gene_evidence,0.9931113024900614,212.0,1.0
VST-03ed4c8cfa516e76,without_gene_evidence,gene_evidence,0.9285393808335624,247.0,1.0
VST-047c7cccd59bb4f8,without_gene_evidence,gene_evidence,0.995828605496293,136.0,1.0
VST-0485f8c0adcbd9df,without_gene_evidence,gene_evidence,0.9931113024900614,213.0,1.0
VST-04b44972473503e3,without_gene_evidence,gene_evidence,0.9947628337895894,166.0,1.0
VST-05773aada3f016db,without_gene_evidence,gene_evidence,0.9897102733731482,233.0,1.0
VST-05b99c897b142721,without_gene_evidence,gene_evidence,0.9963710454510611,110.0,1.0
VST-05edd1617c88ef7b,without_gene_evidence,gene_evidence,0.995828605496293,137.0,1.0
VST-062ea14755aa8fb5,without_gene_evidence,gene_evidence,0.9974368171577648,100.0,1.0
VST-0711102ad2e7e3a0,without_gene_evidence,gene_evidence,0.995828605496293,138.0,1.0
VST-08294a9909671800,without_gene_evidence,gene_evidence,0.995828605496293,139.0,1.0
VST-094a717e7aead924,without_gene_evidence,gene_evidence,0.9915030908285895,215.0,1.0
VST-0a56b550e18f154e,without_gene_evidence,gene_evidence,0.995828605496293,140.0,1.0
VST-0b4a5b34bfa7e0c2,without_gene_evidence,gene_evidence,0.9915030908285895,216.0,1.0
VST-0bbf7217b051108f,without_gene_evidence,gene_evidence,0.9897102733731482,234.0,1.0
VST-0bf1ec26dd4e63a9,without_gene_evidence,gene_evidence,0.9987184085788824,4.0,1.0
VST-0c72d8ecb3dc9087,without_gene_evidence,gene_evidence,0.9934812423684717,191.0,1.0
VST-0c98e548e0bcc301,without_gene_evidence,gene_evidence,0.9934812423684718,192.0,1.0
VST-0df2b61a3df2b6ad,without_gene_evidence,gene_evidence,0.9987184085788824,5.0,1.0
VST-0f42c4959c6946ee,without_gene_evidence,gene_evidence,0.9987184085788824,6.0,1.0
VST-0f67f9aa2e71fd93,without_gene_evidence,gene_evidence,0.9987184085788824,7.0,1.0
VST-0fe9e374c5692e69,without_gene_evidence,gene_evidence,0.9285393808335624,248.0,1.0
VST-10e957c0601232dd,without_gene_evidence,gene_evidence,0.9276270010003838,253.0,1.0
VST-11a1f54a9e842c28,without_gene_evidence,gene_evidence,0.995828605496293,141.0,1.0
VST-1235e74e861a555f,without_gene_evidence,gene_evidence,0.9963710454510611,111.0,1.0
VST-12b9f79552b46501,without_gene_evidence,gene_evidence,0.9974368171577648,101.0,1.0
VST-13bc9e72fde1741c,without_gene_evidence,gene_evidence,0.995828605496293,142.0,1.0
VST-14d4a7bb392244ad,without_gene_evidence,gene_evidence,0.9947628337895894,167.0,1.0
VST-1614cebe9524b7f1,without_gene_evidence,gene_evidence,0.9974368171577648,102.0,1.0
VST-1733d9298c05f71f,without_gene_evidence,gene_evidence,0.9915030908285895,217.0,1.0
VST-1826fb9b1a0685d7,without_gene_evidence,gene_evidence,0.9915030908285895,218.0,1.0
VST-1a03de7ffb16fbb6,without_gene_evidence,gene_evidence,0.9987184085788824,8.0,1.0
VST-1a7fa12b2b0e5555,without_gene_evidence,gene_evidence,0.9947628337895894,168.0,1.0
VST-1aa0d67c1728df8f,without_gene_evidence,gene_evidence,0.9963710454510611,112.0,1.0
VST-1ab6bcde24624e54,without_gene_evidence,gene_evidence,0.9987184085788824,9.0,1.0
VST-1ba59ea65fda799a,without_gene_evidence,gene_evidence,0.9934812423684717,193.0,1.0
VST-1c7a1bc42c9ce091,without_gene_evidence,gene_evidence,0.9934812423684718,194.0,1.0
VST-1d1284837f4da8f5,without_gene_evidence,gene_evidence,0.9974368171577648,103.0,1.0
VST-1d709cd97cd88e9b,without_gene_evidence,gene_evidence,0.9947628337895894,169.0,1.0
VST-1de7216ed97beffe,without_gene_evidence,gene_evidence,0.987732121833266,241.0,1.0
VST-1ebc6287141a1c57,without_gene_evidence,gene_evidence,0.990776045079852,230.0,1.0
VST-1f79b12047b029be,without_gene_evidence,gene_evidence,0.9987184085788824,10.0,1.0
VST-203ebb90daaa875c,without_gene_evidence,gene_evidence,0.9915030908285895,219.0,1.0
VST-20516e76f738c908,without_gene_evidence,gene_evidence,0.9963710454510611,113.0,1.0
VST-2197f2e713f87ca5,without_gene_evidence,gene_evidence,0.9987184085788824,11.0,1.0
VST-230b82bf2fc98ed0,without_gene_evidence,gene_evidence,0.9934812423684717,195.0,1.0
VST-2310b41e9822d690,without_gene_evidence,gene_evidence,0.9974368171577648,104.0,1.0
VST-240e20eb666f9c85,without_gene_evidence,gene_evidence,0.9987184085788824,12.0,1.0
VST-249d7e4bd2d6e50b,without_gene_evidence,gene_evidence,0.995828605496293,143.0,1.0
VST-24ba0576a5c2acb0,without_gene_evidence,gene_evidence,0.9987184085788824,13.0,1.0
VST-263f5393c32c4ae1,without_gene_evidence,gene_evidence,0.9897102733731482,235.0,1.0
VST-282f637f252058e1,without_gene_evidence,gene_evidence,0.9963710454510611,114.0,1.0
VST-29c7635dd5ccf48b,without_gene_evidence,gene_evidence,0.9963710454510611,115.0,1.0
VST-2a3c27fe8ee65ed0,without_gene_evidence,gene_evidence,0.9285393808335624,249.0,1.0
VST-2b2ec41725cf1abb,without_gene_evidence,gene_evidence,0.995828605496293,144.0,1.0
VST-2b3568cdc187cc3a,without_gene_evidence,gene_evidence,0.9987184085788824,14.0,1.0
VST-2c252939df26b41d,without_gene_evidence,gene_evidence,0.9987184085788824,15.0,1.0
VST-2d4a384209d52826,without_gene_evidence,gene_evidence,0.9947628337895894,170.0,1.0
VST-2e9f052157f9bf29,without_gene_evidence,gene_evidence,1.0,1.0,1.0
VST-2ebaa2f0f0ff1b49,without_gene_evidence,gene_evidence,0.9897102733731482,236.0,1.0
VST-2ef5158024ade344,without_gene_evidence,gene_evidence,0.9987184085788824,16.0,1.0
VST-3163b78bf7ee1dc5,without_gene_evidence,gene_evidence,0.9987184085788824,17.0,1.0
VST-31ef08300a9dfd1a,without_gene_evidence,gene_evidence,0.9987184085788824,18.0,1.0
VST-325341ec9337420b,without_gene_evidence,gene_evidence,0.9947628337895894,171.0,1.0
VST-33cfa6d0982c9513,without_gene_evidence,gene_evidence,0.9963710454510611,116.0,1.0
VST-33e65750b0dcdac0,without_gene_evidence,gene_evidence,0.9915030908285895,220.0,1.0
VST-373e70d307a3ef2c,without_gene_evidence,gene_evidence,0.9934812423684718,196.0,1.0
VST-376b1770ac828a8c,without_gene_evidence,gene_evidence,0.9987184085788824,19.0,1.0
VST-3777b42b0a7de238,without_gene_evidence,gene_evidence,0.9963710454510611,117.0,1.0
VST-37bf49ddbe7486e9,without_gene_evidence,gene_evidence,0.995828605496293,145.0,1.0
VST-37e9317a0f663727,without_gene_evidence,gene_evidence,0.9963710454510611,118.0,1.0
VST-39b8e81a7d803f8e,without_gene_evidence,gene_evidence,0.9987184085788824,20.0,1.0
VST-39fdf6d9ae8c3c0a,without_gene_evidence,gene_evidence,0.9934812423684718,197.0,1.0
VST-3a05e8146637b989,without_gene_evidence,gene_evidence,0.9987184085788824,21.0,1.0
VST-3c43f917dee00628,without_gene_evidence,gene_evidence,0.9963710454510611,119.0,1.0
VST-3cc728e3a51c1108,without_gene_evidence,gene_evidence,0.9987184085788824,22.0,1.0
VST-3d1ca7c710ae6e86,without_gene_evidence,gene_evidence,0.9987184085788824,23.0,1.0
VST-3de09fe66384236b,without_gene_evidence,gene_evidence,0.9813273269177506,246.0,1.0
VST-4021c12f3302104c,without_gene_evidence,gene_evidence,0.9947628337895894,172.0,1.0
VST-415f0e8a9b47ccfd,without_gene_evidence,gene_evidence,0.9963710454510611,120.0,1.0
VST-418f1f2a53815241,without_gene_evidence,gene_evidence,0.9915030908285895,221.0,1.0
VST-4391fbaea4ff25b8,without_gene_evidence,gene_evidence,0.9934812423684717,198.0,1.0
VST-45dbce4ec075ef9c,without_gene_evidence,gene_evidence,0.9947628337895894,173.0,1.0
VST-46ecca803ca813bb,without_gene_evidence,gene_evidence,0.9915030908285895,222.0,1.0
VST-49e236e977152335,without_gene_evidence,gene_evidence,0.9987184085788824,24.0,1.0
VST-4a527ce754156eb0,without_gene_evidence,gene_evidence,0.9963710454510611,121.0,1.0
VST-4a5cae2eb79cff92,without_gene_evidence,gene_evidence,0.9987184085788824,25.0,1.0
VST-4a7669fd4a3ceb1e,without_gene_evidence,gene_evidence,0.9963710454510611,122.0,1.0
VST-4aa6a3cc307461ab,without_gene_evidence,gene_evidence,0.9987184085788824,26.0,1.0
VST-4b7d9d68bd023f15,without_gene_evidence,gene_evidence,0.9987184085788824,27.0,1.0
VST-4bf9338dda42cbed,without_gene_evidence,gene_evidence,0.9987184085788824,28.0,1.0
VST-4d32369fb3ae6a0d,without_gene_evidence,gene_evidence,0.9947628337895894,174.0,1.0
VST-4ecaf684df02550a,without_gene_evidence,gene_evidence,0.9987184085788824,29.0,1.0
VST-52a09045c26473d1,without_gene_evidence,gene_evidence,0.9987184085788824,30.0,1.0
VST-52aca0eacb4f5f03,without_gene_evidence,gene_evidence,0.9947628337895894,175.0,1.0
VST-532556435fcd8b49,without_gene_evidence,gene_evidence,0.8596533219365,257.0,1.0
VST-54b5914e21a1a192,without_gene_evidence,gene_evidence,0.9987184085788824,31.0,1.0
VST-55c714ca79bbb960,without_gene_evidence,gene_evidence,0.9947628337895894,176.0,1.0
VST-56d60db41fb4e4e1,without_gene_evidence,gene_evidence,0.9987184085788824,32.0,1.0
VST-58e34018807c40a2,without_gene_evidence,gene_evidence,0.9934812423684717,199.0,1.0
VST-597a5cd0a9e8ee69,without_gene_evidence,gene_evidence,0.9987184085788824,33.0,1.0
VST-59a37954b99ff1a8,without_gene_evidence,gene_evidence,0.9987184085788824,34.0,1.0
VST-5a51a96147f40f42,without_gene_evidence,gene_evidence,0.9934812423684717,200.0,1.0
VST-5abc068c14b4c8ca,without_gene_evidence,gene_evidence,0.9987184085788824,35.0,1.0
VST-5b0c902d0b27748e,without_gene_evidence,gene_evidence,0.9987184085788824,36.0,1.0
VST-5b43582f8db2b13e,without_gene_evidence,gene_evidence,0.9987184085788824,37.0,1.0
VST-5c0c206c16972f39,without_gene_evidence,gene_evidence,0.9934812423684717,201.0,1.0
VST-5c3509aa3351b5f7,without_gene_evidence,gene_evidence,0.864847896799326,255.0,1.0
VST-5d9176551b6dbdfd,without_gene_evidence,gene_evidence,0.9987184085788824,38.0,1.0
VST-5e4034e33559c37a,without_gene_evidence,gene_evidence,1.0,2.0,1.0
VST-600cfa63d24df854,without_gene_evidence,gene_evidence,0.9974368171577648,105.0,1.0
VST-60775d923bdf2965,without_gene_evidence,gene_evidence,0.9987184085788824,39.0,1.0
VST-62614f1d9314372b,without_gene_evidence,gene_evidence,0.9915030908285895,223.0,1.0
VST-64180409fb9d34c6,without_gene_evidence,gene_evidence,0.9963710454510611,123.0,1.0
VST-64f0f7691329ca42,without_gene_evidence,gene_evidence,0.987732121833266,242.0,1.0
VST-653941ca0f2028d6,without_gene_evidence,gene_evidence,0.995828605496293,146.0,1.0
VST-65a353a6fb9629cf,without_gene_evidence,gene_evidence,0.9963710454510611,124.0,1.0
VST-6725c99f721cc4f1,without_gene_evidence,gene_evidence,0.9987184085788824,40.0,1.0
VST-673e398e74fcf10b,without_gene_evidence,gene_evidence,0.9987184085788824,41.0,1.0
VST-68a665e63a79a788,without_gene_evidence,gene_evidence,0.9987184085788824,42.0,1.0
VST-6b2eeda107745f94,without_gene_evidence,gene_evidence,0.9931113024900614,214.0,1.0
VST-6e6d74a0618023e6,without_gene_evidence,gene_evidence,0.9987184085788824,43.0,1.0
VST-6eb43191a8550e77,without_gene_evidence,gene_evidence,0.9987184085788824,44.0,1.0
VST-6ed72cbebe2c789c,without_gene_evidence,gene_evidence,0.9836746900455718,245.0,1.0
VST-6f648ec4222c10e5,without_gene_evidence,gene_evidence,0.9963710454510611,125.0,1.0
VST-702ced0bbfd459fb,without_gene_evidence,gene_evidence,0.9963710454510611,126.0,1.0
VST-72c344f5ebab072c,without_gene_evidence,gene_evidence,0.9987184085788824,45.0,1.0
VST-72e4a9f29fd1a303,without_gene_evidence,gene_evidence,0.9987184085788824,46.0,1.0
VST-72ed46577362f845,without_gene_evidence,gene_evidence,0.995828605496293,147.0,1.0
VST-73876fa22678f917,without_gene_evidence,gene_evidence,0.9963710454510611,127.0,1.0
VST-74d3b26f9485c990,without_gene_evidence,gene_evidence,0.9987184085788824,47.0,1.0
VST-7567f3c32ab9716b,without_gene_evidence,gene_evidence,0.995828605496293,148.0,1.0
VST-7663146b5e4d027e,without_gene_evidence,gene_evidence,0.9963710454510611,128.0,1.0
VST-76977c9a0e77a665,without_gene_evidence,gene_evidence,0.9947628337895894,177.0,1.0
VST-777d438d018891e2,without_gene_evidence,gene_evidence,0.9987184085788824,48.0,1.0
VST-7a5a97c25dd01554,without_gene_evidence,gene_evidence,0.995828605496293,149.0,1.0
VST-7a93331d0f1d0d9f,without_gene_evidence,gene_evidence,0.9987184085788824,49.0,1.0
VST-7ac03d514962242a,without_gene_evidence,gene_evidence,0.9987184085788824,50.0,1.0
VST-7c4d0cf766d74db1,without_gene_evidence,gene_evidence,0.995828605496293,150.0,1.0
VST-7ca830d5c47bd4fc,without_gene_evidence,gene_evidence,0.9987184085788824,51.0,1.0
VST-7de126e33810507f,without_gene_evidence,gene_evidence,0.9947628337895894,178.0,1.0
VST-7de12e0ca3ba269a,without_gene_evidence,gene_evidence,0.9987184085788824,52.0,1.0
VST-7e1b22e5ce36f92e,without_gene_evidence,gene_evidence,0.9947628337895894,179.0,1.0
VST-7ed0acda3d841594,without_gene_evidence,gene_evidence,0.9897102733731482,237.0,1.0
VST-7f7b6e25497fc40b,without_gene_evidence,gene_evidence,0.9987184085788824,53.0,1.0
VST-808abc5d9a92d25b,without_gene_evidence,gene_evidence,0.9974368171577648,106.0,1.0
VST-82dfe45db6836cf3,without_gene_evidence,gene_evidence,0.9947628337895894,180.0,1.0
VST-82fc8dd61159f90f,without_gene_evidence,gene_evidence,0.9987184085788824,54.0,1.0
VST-836b8f22d99f2c57,without_gene_evidence,gene_evidence,0.9987184085788824,55.0,1.0
VST-840ee5d4fca969aa,without_gene_evidence,gene_evidence,0.9915030908285895,224.0,1.0
VST-865f74875d928647,without_gene_evidence,gene_evidence,0.9947628337895894,181.0,1.0
VST-868e335152cc2ff7,without_gene_evidence,gene_evidence,0.9987184085788824,56.0,1.0
VST-875bb8d78fabbed1,without_gene_evidence,gene_evidence,0.9987184085788824,57.0,1.0
VST-87a39737fb141918,without_gene_evidence,gene_evidence,0.9987184085788824,58.0,1.0
VST-8847eda3dbded5ed,without_gene_evidence,gene_evidence,0.9987184085788824,59.0,1.0
VST-89884ea3f3df2232,without_gene_evidence,gene_evidence,0.9987184085788824,60.0,1.0
VST-899df3f1eddd8937,without_gene_evidence,gene_evidence,0.9285393808335624,250.0,1.0
VST-89d1117ab452af42,without_gene_evidence,gene_evidence,0.9934812423684717,202.0,1.0
VST-8a1588fa1aebe584,without_gene_evidence,gene_evidence,0.9974368171577648,107.0,1.0
VST-8b17c882e9781436,without_gene_evidence,gene_evidence,0.9915030908285895,225.0,1.0
VST-8cbc0c381ee91b7e,without_gene_evidence,gene_evidence,0.990776045079852,231.0,1.0
VST-8da1bffa43ea7a25,without_gene_evidence,gene_evidence,0.9947628337895894,182.0,1.0
VST-8e8151383cb1c427,without_gene_evidence,gene_evidence,0.995828605496293,151.0,1.0
VST-9033bd512722ae70,without_gene_evidence,gene_evidence,0.9987184085788824,61.0,1.0
VST-904110e44f42a7b7,without_gene_evidence,gene_evidence,0.9934812423684718,203.0,1.0
VST-9285a919a02ebf2c,without_gene_evidence,gene_evidence,0.9934812423684717,204.0,1.0
VST-936222e2f772abd7,without_gene_evidence,gene_evidence,0.9934812423684718,205.0,1.0
VST-9422b19b5e62ecca,without_gene_evidence,gene_evidence,0.9987184085788824,62.0,1.0
VST-969ffa1f37e1ba1a,without_gene_evidence,gene_evidence,0.995828605496293,152.0,1.0
VST-971e88f3e0cba2b7,without_gene_evidence,gene_evidence,0.9285393808335624,251.0,1.0
VST-987130218dfffaa4,without_gene_evidence,gene_evidence,0.9987184085788824,63.0,1.0
VST-98cb136df8c26835,without_gene_evidence,gene_evidence,0.9897102733731482,238.0,1.0
VST-9915a2db480e34fd,without_gene_evidence,gene_evidence,0.9987184085788824,64.0,1.0
VST-9941989ca6eb7f98,without_gene_evidence,gene_evidence,0.9947628337895894,183.0,1.0
VST-9aaa493a268c04d7,without_gene_evidence,gene_evidence,0.9947628337895894,184.0,1.0
VST-9b2fe3f28849fe07,without_gene_evidence,gene_evidence,0.9987184085788824,65.0,1.0
VST-9b88002aa480c821,without_gene_evidence,gene_evidence,0.995828605496293,153.0,1.0
VST-9cd67af4bd66d50a,without_gene_evidence,gene_evidence,1.0,3.0,1.0
VST-9d1d422650f0fd0f,without_gene_evidence,gene_evidence,0.9987184085788824,66.0,1.0
VST-9d3ca2ef0acfd3ec,without_gene_evidence,gene_evidence,0.9987184085788824,67.0,1.0
VST-9d3cc3fbfd32544e,without_gene_evidence,gene_evidence,0.9987184085788824,68.0,1.0
VST-9e78c30122a798a2,without_gene_evidence,gene_evidence,0.9987184085788824,69.0,1.0
VST-9ed9c9a6c89a5969,without_gene_evidence,gene_evidence,0.9987184085788824,70.0,1.0
VST-9fa817f601e7e604,without_gene_evidence,gene_evidence,0.987732121833266,243.0,1.0
VST-a0482af9f2dca640,without_gene_evidence,gene_evidence,0.995828605496293,154.0,1.0
VST-a0e68a62911f9940,without_gene_evidence,gene_evidence,0.9963710454510611,129.0,1.0
VST-a4732ba0c72b0576,without_gene_evidence,gene_evidence,0.9987184085788824,71.0,1.0
VST-a512968a7e1a7152,without_gene_evidence,gene_evidence,0.9915030908285895,226.0,1.0
VST-a72a9a55313b664a,without_gene_evidence,gene_evidence,0.9987184085788824,72.0,1.0
VST-a72dcc46e168081b,without_gene_evidence,gene_evidence,0.9987184085788824,73.0,1.0
VST-a8fcd33fea500b1a,without_gene_evidence,gene_evidence,0.9987184085788824,74.0,1.0
VST-ab3524e568a65cfc,without_gene_evidence,gene_evidence,0.995828605496293,155.0,1.0
VST-ab5e0a7300c5f8fd,without_gene_evidence,gene_evidence,0.9963710454510611,130.0,1.0
VST-ad0b11a489874b36,without_gene_evidence,gene_evidence,0.9934812423684718,206.0,1.0
VST-adc0ba73c6e724c6,without_gene_evidence,gene_evidence,0.9987184085788824,75.0,1.0
VST-af7933782e7be4af,without_gene_evidence,gene_evidence,0.9987184085788824,76.0,1.0
VST-afb177ff86e6ef87,without_gene_evidence,gene_evidence,0.9987184085788824,77.0,1.0
VST-b2c199ec1112f217,without_gene_evidence,gene_evidence,0.9974368171577648,108.0,1.0
VST-b35b70cb79d09e30,without_gene_evidence,gene_evidence,0.995828605496293,156.0,1.0
VST-b3626e384c690189,without_gene_evidence,gene_evidence,0.9987184085788824,78.0,1.0
VST-b3c226e1dbf82116,without_gene_evidence,gene_evidence,0.9987184085788824,79.0,1.0
VST-b4d8ba737daaa589,without_gene_evidence,gene_evidence,0.9963710454510611,131.0,1.0
VST-b5f85040a55c7d15,without_gene_evidence,gene_evidence,0.9987184085788824,80.0,1.0
VST-b882ce9e10c11321,without_gene_evidence,gene_evidence,0.9987184085788824,81.0,1.0
VST-b98fd329d0681d9c,without_gene_evidence,gene_evidence,0.9987184085788824,82.0,1.0
VST-ba561bf9733fcc67,without_gene_evidence,gene_evidence,0.9987184085788824,83.0,1.0
VST-ba5a29a851401a8e,without_gene_evidence,gene_evidence,0.9987184085788824,84.0,1.0
VST-ba6360f34e122944,without_gene_evidence,gene_evidence,0.9915030908285895,227.0,1.0
VST-bc87c7a2c7b5c1de,without_gene_evidence,gene_evidence,0.9987184085788824,85.0,1.0
VST-bd3c796e91be5a39,without_gene_evidence,gene_evidence,0.9987184085788824,86.0,1.0
VST-bdef556f17216ce0,without_gene_evidence,gene_evidence,0.9934812423684718,207.0,1.0
VST-be80546e55cc02c0,without_gene_evidence,gene_evidence,0.9947628337895894,185.0,1.0
VST-c023e659ea9ab993,without_gene_evidence,gene_evidence,0.995828605496293,157.0,1.0
VST-c03e8899750a60c6,without_gene_evidence,gene_evidence,0.9947628337895894,186.0,1.0
VST-c0a01004e18e27fa,without_gene_evidence,gene_evidence,0.9934812423684718,208.0,1.0
VST-c1e79742f4385cd5,without_gene_evidence,gene_evidence,0.995828605496293,158.0,1.0
VST-c4a2b6c36f30efd0,without_gene_evidence,gene_evidence,0.9947628337895894,187.0,1.0
VST-c4add79c19079290,without_gene_evidence,gene_evidence,0.9276270010003838,254.0,1.0
VST-c53b11f616dfaf0d,without_gene_evidence,gene_evidence,0.995828605496293,159.0,1.0
VST-c8f52b54ab0f045f,without_gene_evidence,gene_evidence,0.9963710454510611,132.0,1.0
VST-c9b45f692a7abf52,without_gene_evidence,gene_evidence,0.9987184085788824,87.0,1.0
VST-ca0de3c804cdc227,without_gene_evidence,gene_evidence,0.995828605496293,160.0,1.0
VST-cb0df8655873fbbb,without_gene_evidence,gene_evidence,0.995828605496293,161.0,1.0
VST-ce6bc359b9b14607,without_gene_evidence,gene_evidence,0.9934812423684717,209.0,1.0
VST-d43c7c042dd1f65d,without_gene_evidence,gene_evidence,0.9987184085788824,88.0,1.0
VST-d48124c847ae62ae,without_gene_evidence,gene_evidence,0.9963710454510611,133.0,1.0
VST-d586de8e1e168918,without_gene_evidence,gene_evidence,0.9915030908285895,228.0,1.0
VST-d6724e2760409914,without_gene_evidence,gene_evidence,0.9974368171577648,109.0,1.0
VST-da36fcdb2df1e3a1,without_gene_evidence,gene_evidence,0.9897102733731482,239.0,1.0
VST-dbd17f1838aab588,without_gene_evidence,gene_evidence,0.9987184085788824,89.0,1.0
VST-dfaaebc13e82abe8,without_gene_evidence,gene_evidence,0.9987184085788824,90.0,1.0
VST-e0a21202a289e74a,without_gene_evidence,gene_evidence,0.9987184085788824,91.0,1.0
VST-e16166bf204a5e53,without_gene_evidence,gene_evidence,0.9987184085788824,92.0,1.0
VST-e38a020100fd8650,without_gene_evidence,gene_evidence,0.9934812423684717,210.0,1.0
VST-e413ec0ea5f14c46,without_gene_evidence,gene_evidence,0.8631378281394531,256.0,1.0
VST-e5013681b230beb4,without_gene_evidence,gene_evidence,0.9285393808335624,252.0,1.0
VST-e6cf09023f4da271,without_gene_evidence,gene_evidence,0.9987184085788824,93.0,1.0
VST-e8d279d481ed3ef9,without_gene_evidence,gene_evidence,0.9897102733731482,240.0,1.0
VST-e9134c63f22d5f91,without_gene_evidence,gene_evidence,0.9987184085788824,94.0,1.0
VST-eb4e2052c0ebaa3b,without_gene_evidence,gene_evidence,0.995828605496293,162.0,1.0
VST-eb624e15ae3875db,without_gene_evidence,gene_evidence,0.9934812423684718,211.0,1.0
VST-eb766b8e59cb1a08,without_gene_evidence,gene_evidence,0.9987184085788824,95.0,1.0
VST-ecf42a7471eb961f,without_gene_evidence,gene_evidence,0.9947628337895894,188.0,1.0
VST-eeaf0ed50e4a816f,without_gene_evidence,gene_evidence,0.995828605496293,163.0,1.0
VST-f124bdf2ca672480,without_gene_evidence,gene_evidence,0.9947628337895894,189.0,1.0
VST-f351411bf1647679,without_gene_evidence,gene_evidence,0.9987184085788824,96.0,1.0
VST-f689e03c9c66844f,without_gene_evidence,gene_evidence,0.9963710454510611,134.0,1.0
VST-f6e5465ee383e2d3,without_gene_evidence,gene_evidence,0.9947628337895894,190.0,1.0
VST-f727f9fa7c989a65,without_gene_evidence,gene_evidence,0.995828605496293,164.0,1.0
VST-f78c79443168dd2c,without_gene_evidence,gene_evidence,0.9877321218332659,244.0,1.0
VST-f89f34b331378e0b,without_gene_evidence,gene_evidence,0.9987184085788824,97.0,1.0
VST-fb232d65c8ed6bf4,without_gene_evidence,gene_evidence,0.9987184085788824,98.0,1.0
VST-fc90436ddf2f900b,without_gene_evidence,gene_evidence,0.9915030908285895,229.0,1.0
VST-fd50f49d1629b504,without_gene_evidence,gene_evidence,0.9987184085788824,99.0,1.0
VST-fead3c9086c42153,without_gene_evidence,gene_evidence,0.9963710454510611,135.0,1.0
