candidate_a,candidate_b,gene_a,gene_b,distance_bp,deletion_length_bp,joint_strain_coverage,pair_score,hypothesis_type,limitations,pair_provenance
VST-5e4034e33559c37a,VST-9cd67af4bd66d50a,UL3,UL47,,,1.0,0.9,multi_target_hypothesis,two separate target sites; not one physical deletion; requires independent validation,${REPOSITORY_ROOT}/reports/hsv2_genome_wide_exhaustive/genome_wide_candidates_post_human.csv
VST-5e4034e33559c37a,VST-9cd67af4bd66d50a,UL3,UL46,,,1.0,0.9,multi_target_hypothesis,two separate target sites; not one physical deletion; requires independent validation,${REPOSITORY_ROOT}/reports/hsv2_genome_wide_exhaustive/genome_wide_candidates_post_human.csv
VST-9cd67af4bd66d50a,VST-9cd67af4bd66d50a,UL47,UL46,,,1.0,0.9,multi_target_hypothesis,two separate target sites; not one physical deletion; requires independent validation,${REPOSITORY_ROOT}/reports/hsv2_genome_wide_exhaustive/genome_wide_candidates_post_human.csv
VST-0bf1ec26dd4e63a9,VST-9cd67af4bd66d50a,UL52,UL47,,,1.0,0.8996368824306833,multi_target_hypothesis,two separate target sites; not one physical deletion; requires independent validation,${REPOSITORY_ROOT}/reports/hsv2_genome_wide_exhaustive/genome_wide_candidates_post_human.csv
VST-0bf1ec26dd4e63a9,VST-9cd67af4bd66d50a,UL52,UL46,,,1.0,0.8996368824306833,multi_target_hypothesis,two separate target sites; not one physical deletion; requires independent validation,${REPOSITORY_ROOT}/reports/hsv2_genome_wide_exhaustive/genome_wide_candidates_post_human.csv
VST-1ab6bcde24624e54,VST-9cd67af4bd66d50a,UL3,UL47,,,1.0,0.8996368824306833,multi_target_hypothesis,two separate target sites; not one physical deletion; requires independent validation,${REPOSITORY_ROOT}/reports/hsv2_genome_wide_exhaustive/genome_wide_candidates_post_human.csv
VST-1ab6bcde24624e54,VST-9cd67af4bd66d50a,UL3,UL46,,,1.0,0.8996368824306833,multi_target_hypothesis,two separate target sites; not one physical deletion; requires independent validation,${REPOSITORY_ROOT}/reports/hsv2_genome_wide_exhaustive/genome_wide_candidates_post_human.csv
VST-2197f2e713f87ca5,VST-9cd67af4bd66d50a,UL52,UL47,,,1.0,0.8996368824306833,multi_target_hypothesis,two separate target sites; not one physical deletion; requires independent validation,${REPOSITORY_ROOT}/reports/hsv2_genome_wide_exhaustive/genome_wide_candidates_post_human.csv
VST-2197f2e713f87ca5,VST-9cd67af4bd66d50a,UL52,UL46,,,1.0,0.8996368824306833,multi_target_hypothesis,two separate target sites; not one physical deletion; requires independent validation,${REPOSITORY_ROOT}/reports/hsv2_genome_wide_exhaustive/genome_wide_candidates_post_human.csv
VST-240e20eb666f9c85,VST-9cd67af4bd66d50a,UL30,UL46,,,1.0,0.8996368824306833,multi_target_hypothesis,two separate target sites; not one physical deletion; requires independent validation,${REPOSITORY_ROOT}/reports/hsv2_genome_wide_exhaustive/genome_wide_candidates_post_human.csv
VST-2b3568cdc187cc3a,VST-9cd67af4bd66d50a,UL10,UL47,,,1.0,0.8996368824306833,multi_target_hypothesis,two separate target sites; not one physical deletion; requires independent validation,${REPOSITORY_ROOT}/reports/hsv2_genome_wide_exhaustive/genome_wide_candidates_post_human.csv
VST-2b3568cdc187cc3a,VST-9cd67af4bd66d50a,UL10,UL46,,,1.0,0.8996368824306833,multi_target_hypothesis,two separate target sites; not one physical deletion; requires independent validation,${REPOSITORY_ROOT}/reports/hsv2_genome_wide_exhaustive/genome_wide_candidates_post_human.csv
VST-39b8e81a7d803f8e,VST-9cd67af4bd66d50a,UL50,UL46,,,1.0,0.8996368824306833,multi_target_hypothesis,two separate target sites; not one physical deletion; requires independent validation,${REPOSITORY_ROOT}/reports/hsv2_genome_wide_exhaustive/genome_wide_candidates_post_human.csv
VST-3a05e8146637b989,VST-9cd67af4bd66d50a,UL52,UL47,,,1.0,0.8996368824306833,multi_target_hypothesis,two separate target sites; not one physical deletion; requires independent validation,${REPOSITORY_ROOT}/reports/hsv2_genome_wide_exhaustive/genome_wide_candidates_post_human.csv
VST-3a05e8146637b989,VST-9cd67af4bd66d50a,UL52,UL46,,,1.0,0.8996368824306833,multi_target_hypothesis,two separate target sites; not one physical deletion; requires independent validation,${REPOSITORY_ROOT}/reports/hsv2_genome_wide_exhaustive/genome_wide_candidates_post_human.csv
VST-49e236e977152335,VST-9cd67af4bd66d50a,UL3,UL47,,,1.0,0.8996368824306833,multi_target_hypothesis,two separate target sites; not one physical deletion; requires independent validation,${REPOSITORY_ROOT}/reports/hsv2_genome_wide_exhaustive/genome_wide_candidates_post_human.csv
VST-49e236e977152335,VST-9cd67af4bd66d50a,UL3,UL46,,,1.0,0.8996368824306833,multi_target_hypothesis,two separate target sites; not one physical deletion; requires independent validation,${REPOSITORY_ROOT}/reports/hsv2_genome_wide_exhaustive/genome_wide_candidates_post_human.csv
VST-56d60db41fb4e4e1,VST-9cd67af4bd66d50a,UL30,UL46,,,1.0,0.8996368824306833,multi_target_hypothesis,two separate target sites; not one physical deletion; requires independent validation,${REPOSITORY_ROOT}/reports/hsv2_genome_wide_exhaustive/genome_wide_candidates_post_human.csv
VST-5b0c902d0b27748e,VST-9cd67af4bd66d50a,UL47,UL46,,,1.0,0.8996368824306833,multi_target_hypothesis,two separate target sites; not one physical deletion; requires independent validation,${REPOSITORY_ROOT}/reports/hsv2_genome_wide_exhaustive/genome_wide_candidates_post_human.csv
VST-5e4034e33559c37a,VST-0bf1ec26dd4e63a9,UL3,UL52,,,1.0,0.8996368824306833,multi_target_hypothesis,two separate target sites; not one physical deletion; requires independent validation,${REPOSITORY_ROOT}/reports/hsv2_genome_wide_exhaustive/genome_wide_candidates_post_human.csv
VST-5e4034e33559c37a,VST-1a03de7ffb16fbb6,UL3,UL15,,,1.0,0.8996368824306833,multi_target_hypothesis,two separate target sites; not one physical deletion; requires independent validation,${REPOSITORY_ROOT}/reports/hsv2_genome_wide_exhaustive/genome_wide_candidates_post_human.csv
VST-5e4034e33559c37a,VST-2197f2e713f87ca5,UL3,UL52,,,1.0,0.8996368824306833,multi_target_hypothesis,two separate target sites; not one physical deletion; requires independent validation,${REPOSITORY_ROOT}/reports/hsv2_genome_wide_exhaustive/genome_wide_candidates_post_human.csv
VST-5e4034e33559c37a,VST-240e20eb666f9c85,UL3,UL30,,,1.0,0.8996368824306833,multi_target_hypothesis,two separate target sites; not one physical deletion; requires independent validation,${REPOSITORY_ROOT}/reports/hsv2_genome_wide_exhaustive/genome_wide_candidates_post_human.csv
VST-5e4034e33559c37a,VST-2b3568cdc187cc3a,UL3,UL10,,,1.0,0.8996368824306833,multi_target_hypothesis,two separate target sites; not one physical deletion; requires independent validation,${REPOSITORY_ROOT}/reports/hsv2_genome_wide_exhaustive/genome_wide_candidates_post_human.csv
VST-5e4034e33559c37a,VST-39b8e81a7d803f8e,UL3,UL50,,,1.0,0.8996368824306833,multi_target_hypothesis,two separate target sites; not one physical deletion; requires independent validation,${REPOSITORY_ROOT}/reports/hsv2_genome_wide_exhaustive/genome_wide_candidates_post_human.csv
VST-5e4034e33559c37a,VST-3a05e8146637b989,UL3,UL52,,,1.0,0.8996368824306833,multi_target_hypothesis,two separate target sites; not one physical deletion; requires independent validation,${REPOSITORY_ROOT}/reports/hsv2_genome_wide_exhaustive/genome_wide_candidates_post_human.csv
VST-5e4034e33559c37a,VST-4bf9338dda42cbed,UL3,UL15,,,1.0,0.8996368824306833,multi_target_hypothesis,two separate target sites; not one physical deletion; requires independent validation,${REPOSITORY_ROOT}/reports/hsv2_genome_wide_exhaustive/genome_wide_candidates_post_human.csv
VST-5e4034e33559c37a,VST-54b5914e21a1a192,UL3,UL15,,,1.0,0.8996368824306833,multi_target_hypothesis,two separate target sites; not one physical deletion; requires independent validation,${REPOSITORY_ROOT}/reports/hsv2_genome_wide_exhaustive/genome_wide_candidates_post_human.csv
VST-5e4034e33559c37a,VST-56d60db41fb4e4e1,UL3,UL30,,,1.0,0.8996368824306833,multi_target_hypothesis,two separate target sites; not one physical deletion; requires independent validation,${REPOSITORY_ROOT}/reports/hsv2_genome_wide_exhaustive/genome_wide_candidates_post_human.csv
VST-5e4034e33559c37a,VST-5b0c902d0b27748e,UL3,UL47,,,1.0,0.8996368824306833,multi_target_hypothesis,two separate target sites; not one physical deletion; requires independent validation,${REPOSITORY_ROOT}/reports/hsv2_genome_wide_exhaustive/genome_wide_candidates_post_human.csv
VST-5e4034e33559c37a,VST-5b0c902d0b27748e,UL3,UL46,,,1.0,0.8996368824306833,multi_target_hypothesis,two separate target sites; not one physical deletion; requires independent validation,${REPOSITORY_ROOT}/reports/hsv2_genome_wide_exhaustive/genome_wide_candidates_post_human.csv
VST-5e4034e33559c37a,VST-60775d923bdf2965,UL3,UL33,,,1.0,0.8996368824306833,multi_target_hypothesis,two separate target sites; not one physical deletion; requires independent validation,${REPOSITORY_ROOT}/reports/hsv2_genome_wide_exhaustive/genome_wide_candidates_post_human.csv
VST-5e4034e33559c37a,VST-673e398e74fcf10b,UL3,UL47,,,1.0,0.8996368824306833,multi_target_hypothesis,two separate target sites; not one physical deletion; requires independent validation,${REPOSITORY_ROOT}/reports/hsv2_genome_wide_exhaustive/genome_wide_candidates_post_human.csv
VST-5e4034e33559c37a,VST-7f7b6e25497fc40b,UL3,UL46,,,1.0,0.8996368824306833,multi_target_hypothesis,two separate target sites; not one physical deletion; requires independent validation,${REPOSITORY_ROOT}/reports/hsv2_genome_wide_exhaustive/genome_wide_candidates_post_human.csv
VST-5e4034e33559c37a,VST-89884ea3f3df2232,UL3,UL10,,,1.0,0.8996368824306833,multi_target_hypothesis,two separate target sites; not one physical deletion; requires independent validation,${REPOSITORY_ROOT}/reports/hsv2_genome_wide_exhaustive/genome_wide_candidates_post_human.csv
VST-5e4034e33559c37a,VST-9d3cc3fbfd32544e,UL3,UL30,,,1.0,0.8996368824306833,multi_target_hypothesis,two separate target sites; not one physical deletion; requires independent validation,${REPOSITORY_ROOT}/reports/hsv2_genome_wide_exhaustive/genome_wide_candidates_post_human.csv
VST-5e4034e33559c37a,VST-b3c226e1dbf82116,UL3,UL11,,,1.0,0.8996368824306833,multi_target_hypothesis,two separate target sites; not one physical deletion; requires independent validation,${REPOSITORY_ROOT}/reports/hsv2_genome_wide_exhaustive/genome_wide_candidates_post_human.csv
VST-5e4034e33559c37a,VST-e16166bf204a5e53,UL3,UL11,,,1.0,0.8996368824306833,multi_target_hypothesis,two separate target sites; not one physical deletion; requires independent validation,${REPOSITORY_ROOT}/reports/hsv2_genome_wide_exhaustive/genome_wide_candidates_post_human.csv
VST-60775d923bdf2965,VST-9cd67af4bd66d50a,UL33,UL46,,,1.0,0.8996368824306833,multi_target_hypothesis,two separate target sites; not one physical deletion; requires independent validation,${REPOSITORY_ROOT}/reports/hsv2_genome_wide_exhaustive/genome_wide_candidates_post_human.csv
VST-673e398e74fcf10b,VST-9cd67af4bd66d50a,UL47,UL46,,,1.0,0.8996368824306833,multi_target_hypothesis,two separate target sites; not one physical deletion; requires independent validation,${REPOSITORY_ROOT}/reports/hsv2_genome_wide_exhaustive/genome_wide_candidates_post_human.csv
VST-89884ea3f3df2232,VST-9cd67af4bd66d50a,UL10,UL47,,,1.0,0.8996368824306833,multi_target_hypothesis,two separate target sites; not one physical deletion; requires independent validation,${REPOSITORY_ROOT}/reports/hsv2_genome_wide_exhaustive/genome_wide_candidates_post_human.csv
VST-89884ea3f3df2232,VST-9cd67af4bd66d50a,UL10,UL46,,,1.0,0.8996368824306833,multi_target_hypothesis,two separate target sites; not one physical deletion; requires independent validation,${REPOSITORY_ROOT}/reports/hsv2_genome_wide_exhaustive/genome_wide_candidates_post_human.csv
VST-9cd67af4bd66d50a,VST-1a03de7ffb16fbb6,UL47,UL15,,,1.0,0.8996368824306833,multi_target_hypothesis,two separate target sites; not one physical deletion; requires independent validation,${REPOSITORY_ROOT}/reports/hsv2_genome_wide_exhaustive/genome_wide_candidates_post_human.csv
VST-9cd67af4bd66d50a,VST-1a03de7ffb16fbb6,UL46,UL15,,,1.0,0.8996368824306833,multi_target_hypothesis,two separate target sites; not one physical deletion; requires independent validation,${REPOSITORY_ROOT}/reports/hsv2_genome_wide_exhaustive/genome_wide_candidates_post_human.csv
VST-9cd67af4bd66d50a,VST-240e20eb666f9c85,UL47,UL30,,,1.0,0.8996368824306833,multi_target_hypothesis,two separate target sites; not one physical deletion; requires independent validation,${REPOSITORY_ROOT}/reports/hsv2_genome_wide_exhaustive/genome_wide_candidates_post_human.csv
VST-9cd67af4bd66d50a,VST-39b8e81a7d803f8e,UL47,UL50,,,1.0,0.8996368824306833,multi_target_hypothesis,two separate target sites; not one physical deletion; requires independent validation,${REPOSITORY_ROOT}/reports/hsv2_genome_wide_exhaustive/genome_wide_candidates_post_human.csv
VST-9cd67af4bd66d50a,VST-4bf9338dda42cbed,UL47,UL15,,,1.0,0.8996368824306833,multi_target_hypothesis,two separate target sites; not one physical deletion; requires independent validation,${REPOSITORY_ROOT}/reports/hsv2_genome_wide_exhaustive/genome_wide_candidates_post_human.csv
VST-9cd67af4bd66d50a,VST-4bf9338dda42cbed,UL46,UL15,,,1.0,0.8996368824306833,multi_target_hypothesis,two separate target sites; not one physical deletion; requires independent validation,${REPOSITORY_ROOT}/reports/hsv2_genome_wide_exhaustive/genome_wide_candidates_post_human.csv
VST-9cd67af4bd66d50a,VST-54b5914e21a1a192,UL47,UL15,,,1.0,0.8996368824306833,multi_target_hypothesis,two separate target sites; not one physical deletion; requires independent validation,${REPOSITORY_ROOT}/reports/hsv2_genome_wide_exhaustive/genome_wide_candidates_post_human.csv
VST-9cd67af4bd66d50a,VST-54b5914e21a1a192,UL46,UL15,,,1.0,0.8996368824306833,multi_target_hypothesis,two separate target sites; not one physical deletion; requires independent validation,${REPOSITORY_ROOT}/reports/hsv2_genome_wide_exhaustive/genome_wide_candidates_post_human.csv
VST-9cd67af4bd66d50a,VST-56d60db41fb4e4e1,UL47,UL30,,,1.0,0.8996368824306833,multi_target_hypothesis,two separate target sites; not one physical deletion; requires independent validation,${REPOSITORY_ROOT}/reports/hsv2_genome_wide_exhaustive/genome_wide_candidates_post_human.csv
VST-9cd67af4bd66d50a,VST-5b0c902d0b27748e,UL47,UL46,,,1.0,0.8996368824306833,multi_target_hypothesis,two separate target sites; not one physical deletion; requires independent validation,${REPOSITORY_ROOT}/reports/hsv2_genome_wide_exhaustive/genome_wide_candidates_post_human.csv
VST-9cd67af4bd66d50a,VST-60775d923bdf2965,UL47,UL33,,,1.0,0.8996368824306833,multi_target_hypothesis,two separate target sites; not one physical deletion; requires independent validation,${REPOSITORY_ROOT}/reports/hsv2_genome_wide_exhaustive/genome_wide_candidates_post_human.csv
VST-9cd67af4bd66d50a,VST-7f7b6e25497fc40b,UL47,UL46,,,1.0,0.8996368824306833,multi_target_hypothesis,two separate target sites; not one physical deletion; requires independent validation,${REPOSITORY_ROOT}/reports/hsv2_genome_wide_exhaustive/genome_wide_candidates_post_human.csv
VST-9cd67af4bd66d50a,VST-9d3cc3fbfd32544e,UL47,UL30,,,1.0,0.8996368824306833,multi_target_hypothesis,two separate target sites; not one physical deletion; requires independent validation,${REPOSITORY_ROOT}/reports/hsv2_genome_wide_exhaustive/genome_wide_candidates_post_human.csv
VST-9cd67af4bd66d50a,VST-b3c226e1dbf82116,UL47,UL11,,,1.0,0.8996368824306833,multi_target_hypothesis,two separate target sites; not one physical deletion; requires independent validation,${REPOSITORY_ROOT}/reports/hsv2_genome_wide_exhaustive/genome_wide_candidates_post_human.csv
VST-9cd67af4bd66d50a,VST-e16166bf204a5e53,UL47,UL11,,,1.0,0.8996368824306833,multi_target_hypothesis,two separate target sites; not one physical deletion; requires independent validation,${REPOSITORY_ROOT}/reports/hsv2_genome_wide_exhaustive/genome_wide_candidates_post_human.csv
VST-9d3cc3fbfd32544e,VST-9cd67af4bd66d50a,UL30,UL46,,,1.0,0.8996368824306833,multi_target_hypothesis,two separate target sites; not one physical deletion; requires independent validation,${REPOSITORY_ROOT}/reports/hsv2_genome_wide_exhaustive/genome_wide_candidates_post_human.csv
VST-b3c226e1dbf82116,VST-9cd67af4bd66d50a,UL11,UL46,,,1.0,0.8996368824306833,multi_target_hypothesis,two separate target sites; not one physical deletion; requires independent validation,${REPOSITORY_ROOT}/reports/hsv2_genome_wide_exhaustive/genome_wide_candidates_post_human.csv
VST-e16166bf204a5e53,VST-9cd67af4bd66d50a,UL11,UL46,,,1.0,0.8996368824306833,multi_target_hypothesis,two separate target sites; not one physical deletion; requires independent validation,${REPOSITORY_ROOT}/reports/hsv2_genome_wide_exhaustive/genome_wide_candidates_post_human.csv
VST-0bf1ec26dd4e63a9,VST-1a03de7ffb16fbb6,UL52,UL15,,,1.0,0.8992737648613667,multi_target_hypothesis,two separate target sites; not one physical deletion; requires independent validation,${REPOSITORY_ROOT}/reports/hsv2_genome_wide_exhaustive/genome_wide_candidates_post_human.csv
VST-0bf1ec26dd4e63a9,VST-240e20eb666f9c85,UL52,UL30,,,1.0,0.8992737648613667,multi_target_hypothesis,two separate target sites; not one physical deletion; requires independent validation,${REPOSITORY_ROOT}/reports/hsv2_genome_wide_exhaustive/genome_wide_candidates_post_human.csv
VST-0bf1ec26dd4e63a9,VST-39b8e81a7d803f8e,UL52,UL50,,,1.0,0.8992737648613667,multi_target_hypothesis,two separate target sites; not one physical deletion; requires independent validation,${REPOSITORY_ROOT}/reports/hsv2_genome_wide_exhaustive/genome_wide_candidates_post_human.csv
VST-0bf1ec26dd4e63a9,VST-4bf9338dda42cbed,UL52,UL15,,,1.0,0.8992737648613667,multi_target_hypothesis,two separate target sites; not one physical deletion; requires independent validation,${REPOSITORY_ROOT}/reports/hsv2_genome_wide_exhaustive/genome_wide_candidates_post_human.csv
VST-0bf1ec26dd4e63a9,VST-54b5914e21a1a192,UL52,UL15,,,1.0,0.8992737648613667,multi_target_hypothesis,two separate target sites; not one physical deletion; requires independent validation,${REPOSITORY_ROOT}/reports/hsv2_genome_wide_exhaustive/genome_wide_candidates_post_human.csv
VST-0bf1ec26dd4e63a9,VST-56d60db41fb4e4e1,UL52,UL30,,,1.0,0.8992737648613667,multi_target_hypothesis,two separate target sites; not one physical deletion; requires independent validation,${REPOSITORY_ROOT}/reports/hsv2_genome_wide_exhaustive/genome_wide_candidates_post_human.csv
VST-0bf1ec26dd4e63a9,VST-5b0c902d0b27748e,UL52,UL47,,,1.0,0.8992737648613667,multi_target_hypothesis,two separate target sites; not one physical deletion; requires independent validation,${REPOSITORY_ROOT}/reports/hsv2_genome_wide_exhaustive/genome_wide_candidates_post_human.csv
VST-0bf1ec26dd4e63a9,VST-5b0c902d0b27748e,UL52,UL46,,,1.0,0.8992737648613667,multi_target_hypothesis,two separate target sites; not one physical deletion; requires independent validation,${REPOSITORY_ROOT}/reports/hsv2_genome_wide_exhaustive/genome_wide_candidates_post_human.csv
VST-0bf1ec26dd4e63a9,VST-60775d923bdf2965,UL52,UL33,,,1.0,0.8992737648613667,multi_target_hypothesis,two separate target sites; not one physical deletion; requires independent validation,${REPOSITORY_ROOT}/reports/hsv2_genome_wide_exhaustive/genome_wide_candidates_post_human.csv
VST-0bf1ec26dd4e63a9,VST-673e398e74fcf10b,UL52,UL47,,,1.0,0.8992737648613667,multi_target_hypothesis,two separate target sites; not one physical deletion; requires independent validation,${REPOSITORY_ROOT}/reports/hsv2_genome_wide_exhaustive/genome_wide_candidates_post_human.csv
VST-0bf1ec26dd4e63a9,VST-7f7b6e25497fc40b,UL52,UL46,,,1.0,0.8992737648613667,multi_target_hypothesis,two separate target sites; not one physical deletion; requires independent validation,${REPOSITORY_ROOT}/reports/hsv2_genome_wide_exhaustive/genome_wide_candidates_post_human.csv
VST-0bf1ec26dd4e63a9,VST-9d3cc3fbfd32544e,UL52,UL30,,,1.0,0.8992737648613667,multi_target_hypothesis,two separate target sites; not one physical deletion; requires independent validation,${REPOSITORY_ROOT}/reports/hsv2_genome_wide_exhaustive/genome_wide_candidates_post_human.csv
VST-0bf1ec26dd4e63a9,VST-b3c226e1dbf82116,UL52,UL11,,,1.0,0.8992737648613667,multi_target_hypothesis,two separate target sites; not one physical deletion; requires independent validation,${REPOSITORY_ROOT}/reports/hsv2_genome_wide_exhaustive/genome_wide_candidates_post_human.csv
VST-0bf1ec26dd4e63a9,VST-e16166bf204a5e53,UL52,UL11,,,1.0,0.8992737648613667,multi_target_hypothesis,two separate target sites; not one physical deletion; requires independent validation,${REPOSITORY_ROOT}/reports/hsv2_genome_wide_exhaustive/genome_wide_candidates_post_human.csv
VST-12b9f79552b46501,VST-9cd67af4bd66d50a,UL50,UL46,,,1.0,0.8992737648613667,multi_target_hypothesis,two separate target sites; not one physical deletion; requires independent validation,${REPOSITORY_ROOT}/reports/hsv2_genome_wide_exhaustive/genome_wide_candidates_post_human.csv
VST-1ab6bcde24624e54,VST-0bf1ec26dd4e63a9,UL3,UL52,,,1.0,0.8992737648613667,multi_target_hypothesis,two separate target sites; not one physical deletion; requires independent validation,${REPOSITORY_ROOT}/reports/hsv2_genome_wide_exhaustive/genome_wide_candidates_post_human.csv
VST-1ab6bcde24624e54,VST-1a03de7ffb16fbb6,UL3,UL15,,,1.0,0.8992737648613667,multi_target_hypothesis,two separate target sites; not one physical deletion; requires independent validation,${REPOSITORY_ROOT}/reports/hsv2_genome_wide_exhaustive/genome_wide_candidates_post_human.csv
VST-1ab6bcde24624e54,VST-2197f2e713f87ca5,UL3,UL52,,,1.0,0.8992737648613667,multi_target_hypothesis,two separate target sites; not one physical deletion; requires independent validation,${REPOSITORY_ROOT}/reports/hsv2_genome_wide_exhaustive/genome_wide_candidates_post_human.csv
VST-1ab6bcde24624e54,VST-240e20eb666f9c85,UL3,UL30,,,1.0,0.8992737648613667,multi_target_hypothesis,two separate target sites; not one physical deletion; requires independent validation,${REPOSITORY_ROOT}/reports/hsv2_genome_wide_exhaustive/genome_wide_candidates_post_human.csv
VST-1ab6bcde24624e54,VST-2b3568cdc187cc3a,UL3,UL10,,,1.0,0.8992737648613667,multi_target_hypothesis,two separate target sites; not one physical deletion; requires independent validation,${REPOSITORY_ROOT}/reports/hsv2_genome_wide_exhaustive/genome_wide_candidates_post_human.csv
VST-1ab6bcde24624e54,VST-39b8e81a7d803f8e,UL3,UL50,,,1.0,0.8992737648613667,multi_target_hypothesis,two separate target sites; not one physical deletion; requires independent validation,${REPOSITORY_ROOT}/reports/hsv2_genome_wide_exhaustive/genome_wide_candidates_post_human.csv
VST-1ab6bcde24624e54,VST-3a05e8146637b989,UL3,UL52,,,1.0,0.8992737648613667,multi_target_hypothesis,two separate target sites; not one physical deletion; requires independent validation,${REPOSITORY_ROOT}/reports/hsv2_genome_wide_exhaustive/genome_wide_candidates_post_human.csv
VST-1ab6bcde24624e54,VST-4bf9338dda42cbed,UL3,UL15,,,1.0,0.8992737648613667,multi_target_hypothesis,two separate target sites; not one physical deletion; requires independent validation,${REPOSITORY_ROOT}/reports/hsv2_genome_wide_exhaustive/genome_wide_candidates_post_human.csv
VST-1ab6bcde24624e54,VST-54b5914e21a1a192,UL3,UL15,,,1.0,0.8992737648613667,multi_target_hypothesis,two separate target sites; not one physical deletion; requires independent validation,${REPOSITORY_ROOT}/reports/hsv2_genome_wide_exhaustive/genome_wide_candidates_post_human.csv
VST-1ab6bcde24624e54,VST-56d60db41fb4e4e1,UL3,UL30,,,1.0,0.8992737648613667,multi_target_hypothesis,two separate target sites; not one physical deletion; requires independent validation,${REPOSITORY_ROOT}/reports/hsv2_genome_wide_exhaustive/genome_wide_candidates_post_human.csv
VST-1ab6bcde24624e54,VST-5b0c902d0b27748e,UL3,UL47,,,1.0,0.8992737648613667,multi_target_hypothesis,two separate target sites; not one physical deletion; requires independent validation,${REPOSITORY_ROOT}/reports/hsv2_genome_wide_exhaustive/genome_wide_candidates_post_human.csv
VST-1ab6bcde24624e54,VST-5b0c902d0b27748e,UL3,UL46,,,1.0,0.8992737648613667,multi_target_hypothesis,two separate target sites; not one physical deletion; requires independent validation,${REPOSITORY_ROOT}/reports/hsv2_genome_wide_exhaustive/genome_wide_candidates_post_human.csv
VST-1ab6bcde24624e54,VST-60775d923bdf2965,UL3,UL33,,,1.0,0.8992737648613667,multi_target_hypothesis,two separate target sites; not one physical deletion; requires independent validation,${REPOSITORY_ROOT}/reports/hsv2_genome_wide_exhaustive/genome_wide_candidates_post_human.csv
VST-1ab6bcde24624e54,VST-673e398e74fcf10b,UL3,UL47,,,1.0,0.8992737648613667,multi_target_hypothesis,two separate target sites; not one physical deletion; requires independent validation,${REPOSITORY_ROOT}/reports/hsv2_genome_wide_exhaustive/genome_wide_candidates_post_human.csv
VST-1ab6bcde24624e54,VST-7f7b6e25497fc40b,UL3,UL46,,,1.0,0.8992737648613667,multi_target_hypothesis,two separate target sites; not one physical deletion; requires independent validation,${REPOSITORY_ROOT}/reports/hsv2_genome_wide_exhaustive/genome_wide_candidates_post_human.csv
VST-1ab6bcde24624e54,VST-89884ea3f3df2232,UL3,UL10,,,1.0,0.8992737648613667,multi_target_hypothesis,two separate target sites; not one physical deletion; requires independent validation,${REPOSITORY_ROOT}/reports/hsv2_genome_wide_exhaustive/genome_wide_candidates_post_human.csv
VST-1ab6bcde24624e54,VST-9d3cc3fbfd32544e,UL3,UL30,,,1.0,0.8992737648613667,multi_target_hypothesis,two separate target sites; not one physical deletion; requires independent validation,${REPOSITORY_ROOT}/reports/hsv2_genome_wide_exhaustive/genome_wide_candidates_post_human.csv
VST-1ab6bcde24624e54,VST-b3c226e1dbf82116,UL3,UL11,,,1.0,0.8992737648613667,multi_target_hypothesis,two separate target sites; not one physical deletion; requires independent validation,${REPOSITORY_ROOT}/reports/hsv2_genome_wide_exhaustive/genome_wide_candidates_post_human.csv
VST-1ab6bcde24624e54,VST-e16166bf204a5e53,UL3,UL11,,,1.0,0.8992737648613667,multi_target_hypothesis,two separate target sites; not one physical deletion; requires independent validation,${REPOSITORY_ROOT}/reports/hsv2_genome_wide_exhaustive/genome_wide_candidates_post_human.csv
VST-1d1284837f4da8f5,VST-9cd67af4bd66d50a,UL10,UL47,,,1.0,0.8992737648613667,multi_target_hypothesis,two separate target sites; not one physical deletion; requires independent validation,${REPOSITORY_ROOT}/reports/hsv2_genome_wide_exhaustive/genome_wide_candidates_post_human.csv
VST-1d1284837f4da8f5,VST-9cd67af4bd66d50a,UL10,UL46,,,1.0,0.8992737648613667,multi_target_hypothesis,two separate target sites; not one physical deletion; requires independent validation,${REPOSITORY_ROOT}/reports/hsv2_genome_wide_exhaustive/genome_wide_candidates_post_human.csv
VST-2197f2e713f87ca5,VST-1a03de7ffb16fbb6,UL52,UL15,,,1.0,0.8992737648613667,multi_target_hypothesis,two separate target sites; not one physical deletion; requires independent validation,${REPOSITORY_ROOT}/reports/hsv2_genome_wide_exhaustive/genome_wide_candidates_post_human.csv
VST-2197f2e713f87ca5,VST-240e20eb666f9c85,UL52,UL30,,,1.0,0.8992737648613667,multi_target_hypothesis,two separate target sites; not one physical deletion; requires independent validation,${REPOSITORY_ROOT}/reports/hsv2_genome_wide_exhaustive/genome_wide_candidates_post_human.csv
VST-2197f2e713f87ca5,VST-39b8e81a7d803f8e,UL52,UL50,,,1.0,0.8992737648613667,multi_target_hypothesis,two separate target sites; not one physical deletion; requires independent validation,${REPOSITORY_ROOT}/reports/hsv2_genome_wide_exhaustive/genome_wide_candidates_post_human.csv
VST-2197f2e713f87ca5,VST-4bf9338dda42cbed,UL52,UL15,,,1.0,0.8992737648613667,multi_target_hypothesis,two separate target sites; not one physical deletion; requires independent validation,${REPOSITORY_ROOT}/reports/hsv2_genome_wide_exhaustive/genome_wide_candidates_post_human.csv
VST-2197f2e713f87ca5,VST-54b5914e21a1a192,UL52,UL15,,,1.0,0.8992737648613667,multi_target_hypothesis,two separate target sites; not one physical deletion; requires independent validation,${REPOSITORY_ROOT}/reports/hsv2_genome_wide_exhaustive/genome_wide_candidates_post_human.csv
VST-2197f2e713f87ca5,VST-56d60db41fb4e4e1,UL52,UL30,,,1.0,0.8992737648613667,multi_target_hypothesis,two separate target sites; not one physical deletion; requires independent validation,${REPOSITORY_ROOT}/reports/hsv2_genome_wide_exhaustive/genome_wide_candidates_post_human.csv
VST-2197f2e713f87ca5,VST-5b0c902d0b27748e,UL52,UL47,,,1.0,0.8992737648613667,multi_target_hypothesis,two separate target sites; not one physical deletion; requires independent validation,${REPOSITORY_ROOT}/reports/hsv2_genome_wide_exhaustive/genome_wide_candidates_post_human.csv
VST-2197f2e713f87ca5,VST-5b0c902d0b27748e,UL52,UL46,,,1.0,0.8992737648613667,multi_target_hypothesis,two separate target sites; not one physical deletion; requires independent validation,${REPOSITORY_ROOT}/reports/hsv2_genome_wide_exhaustive/genome_wide_candidates_post_human.csv
VST-2197f2e713f87ca5,VST-60775d923bdf2965,UL52,UL33,,,1.0,0.8992737648613667,multi_target_hypothesis,two separate target sites; not one physical deletion; requires independent validation,${REPOSITORY_ROOT}/reports/hsv2_genome_wide_exhaustive/genome_wide_candidates_post_human.csv
VST-2197f2e713f87ca5,VST-673e398e74fcf10b,UL52,UL47,,,1.0,0.8992737648613667,multi_target_hypothesis,two separate target sites; not one physical deletion; requires independent validation,${REPOSITORY_ROOT}/reports/hsv2_genome_wide_exhaustive/genome_wide_candidates_post_human.csv
VST-2197f2e713f87ca5,VST-7f7b6e25497fc40b,UL52,UL46,,,1.0,0.8992737648613667,multi_target_hypothesis,two separate target sites; not one physical deletion; requires independent validation,${REPOSITORY_ROOT}/reports/hsv2_genome_wide_exhaustive/genome_wide_candidates_post_human.csv
VST-2197f2e713f87ca5,VST-9d3cc3fbfd32544e,UL52,UL30,,,1.0,0.8992737648613667,multi_target_hypothesis,two separate target sites; not one physical deletion; requires independent validation,${REPOSITORY_ROOT}/reports/hsv2_genome_wide_exhaustive/genome_wide_candidates_post_human.csv
VST-2197f2e713f87ca5,VST-b3c226e1dbf82116,UL52,UL11,,,1.0,0.8992737648613667,multi_target_hypothesis,two separate target sites; not one physical deletion; requires independent validation,${REPOSITORY_ROOT}/reports/hsv2_genome_wide_exhaustive/genome_wide_candidates_post_human.csv
VST-2197f2e713f87ca5,VST-e16166bf204a5e53,UL52,UL11,,,1.0,0.8992737648613667,multi_target_hypothesis,two separate target sites; not one physical deletion; requires independent validation,${REPOSITORY_ROOT}/reports/hsv2_genome_wide_exhaustive/genome_wide_candidates_post_human.csv
VST-240e20eb666f9c85,VST-1a03de7ffb16fbb6,UL30,UL15,,,1.0,0.8992737648613667,multi_target_hypothesis,two separate target sites; not one physical deletion; requires independent validation,${REPOSITORY_ROOT}/reports/hsv2_genome_wide_exhaustive/genome_wide_candidates_post_human.csv
VST-240e20eb666f9c85,VST-4bf9338dda42cbed,UL30,UL15,,,1.0,0.8992737648613667,multi_target_hypothesis,two separate target sites; not one physical deletion; requires independent validation,${REPOSITORY_ROOT}/reports/hsv2_genome_wide_exhaustive/genome_wide_candidates_post_human.csv
VST-240e20eb666f9c85,VST-54b5914e21a1a192,UL30,UL15,,,1.0,0.8992737648613667,multi_target_hypothesis,two separate target sites; not one physical deletion; requires independent validation,${REPOSITORY_ROOT}/reports/hsv2_genome_wide_exhaustive/genome_wide_candidates_post_human.csv
VST-240e20eb666f9c85,VST-5b0c902d0b27748e,UL30,UL46,,,1.0,0.8992737648613667,multi_target_hypothesis,two separate target sites; not one physical deletion; requires independent validation,${REPOSITORY_ROOT}/reports/hsv2_genome_wide_exhaustive/genome_wide_candidates_post_human.csv
VST-240e20eb666f9c85,VST-7f7b6e25497fc40b,UL30,UL46,,,1.0,0.8992737648613667,multi_target_hypothesis,two separate target sites; not one physical deletion; requires independent validation,${REPOSITORY_ROOT}/reports/hsv2_genome_wide_exhaustive/genome_wide_candidates_post_human.csv
VST-2b3568cdc187cc3a,VST-0bf1ec26dd4e63a9,UL10,UL52,,,1.0,0.8992737648613667,multi_target_hypothesis,two separate target sites; not one physical deletion; requires independent validation,${REPOSITORY_ROOT}/reports/hsv2_genome_wide_exhaustive/genome_wide_candidates_post_human.csv
VST-2b3568cdc187cc3a,VST-1a03de7ffb16fbb6,UL10,UL15,,,1.0,0.8992737648613667,multi_target_hypothesis,two separate target sites; not one physical deletion; requires independent validation,${REPOSITORY_ROOT}/reports/hsv2_genome_wide_exhaustive/genome_wide_candidates_post_human.csv
VST-2b3568cdc187cc3a,VST-2197f2e713f87ca5,UL10,UL52,,,1.0,0.8992737648613667,multi_target_hypothesis,two separate target sites; not one physical deletion; requires independent validation,${REPOSITORY_ROOT}/reports/hsv2_genome_wide_exhaustive/genome_wide_candidates_post_human.csv
VST-2b3568cdc187cc3a,VST-240e20eb666f9c85,UL10,UL30,,,1.0,0.8992737648613667,multi_target_hypothesis,two separate target sites; not one physical deletion; requires independent validation,${REPOSITORY_ROOT}/reports/hsv2_genome_wide_exhaustive/genome_wide_candidates_post_human.csv
VST-2b3568cdc187cc3a,VST-39b8e81a7d803f8e,UL10,UL50,,,1.0,0.8992737648613667,multi_target_hypothesis,two separate target sites; not one physical deletion; requires independent validation,${REPOSITORY_ROOT}/reports/hsv2_genome_wide_exhaustive/genome_wide_candidates_post_human.csv
VST-2b3568cdc187cc3a,VST-3a05e8146637b989,UL10,UL52,,,1.0,0.8992737648613667,multi_target_hypothesis,two separate target sites; not one physical deletion; requires independent validation,${REPOSITORY_ROOT}/reports/hsv2_genome_wide_exhaustive/genome_wide_candidates_post_human.csv
VST-2b3568cdc187cc3a,VST-4bf9338dda42cbed,UL10,UL15,,,1.0,0.8992737648613667,multi_target_hypothesis,two separate target sites; not one physical deletion; requires independent validation,${REPOSITORY_ROOT}/reports/hsv2_genome_wide_exhaustive/genome_wide_candidates_post_human.csv
VST-2b3568cdc187cc3a,VST-54b5914e21a1a192,UL10,UL15,,,1.0,0.8992737648613667,multi_target_hypothesis,two separate target sites; not one physical deletion; requires independent validation,${REPOSITORY_ROOT}/reports/hsv2_genome_wide_exhaustive/genome_wide_candidates_post_human.csv
VST-2b3568cdc187cc3a,VST-56d60db41fb4e4e1,UL10,UL30,,,1.0,0.8992737648613667,multi_target_hypothesis,two separate target sites; not one physical deletion; requires independent validation,${REPOSITORY_ROOT}/reports/hsv2_genome_wide_exhaustive/genome_wide_candidates_post_human.csv
VST-2b3568cdc187cc3a,VST-5b0c902d0b27748e,UL10,UL47,,,1.0,0.8992737648613667,multi_target_hypothesis,two separate target sites; not one physical deletion; requires independent validation,${REPOSITORY_ROOT}/reports/hsv2_genome_wide_exhaustive/genome_wide_candidates_post_human.csv
VST-2b3568cdc187cc3a,VST-5b0c902d0b27748e,UL10,UL46,,,1.0,0.8992737648613667,multi_target_hypothesis,two separate target sites; not one physical deletion; requires independent validation,${REPOSITORY_ROOT}/reports/hsv2_genome_wide_exhaustive/genome_wide_candidates_post_human.csv
VST-2b3568cdc187cc3a,VST-60775d923bdf2965,UL10,UL33,,,1.0,0.8992737648613667,multi_target_hypothesis,two separate target sites; not one physical deletion; requires independent validation,${REPOSITORY_ROOT}/reports/hsv2_genome_wide_exhaustive/genome_wide_candidates_post_human.csv
VST-2b3568cdc187cc3a,VST-673e398e74fcf10b,UL10,UL47,,,1.0,0.8992737648613667,multi_target_hypothesis,two separate target sites; not one physical deletion; requires independent validation,${REPOSITORY_ROOT}/reports/hsv2_genome_wide_exhaustive/genome_wide_candidates_post_human.csv
VST-2b3568cdc187cc3a,VST-7f7b6e25497fc40b,UL10,UL46,,,1.0,0.8992737648613667,multi_target_hypothesis,two separate target sites; not one physical deletion; requires independent validation,${REPOSITORY_ROOT}/reports/hsv2_genome_wide_exhaustive/genome_wide_candidates_post_human.csv
VST-2b3568cdc187cc3a,VST-9d3cc3fbfd32544e,UL10,UL30,,,1.0,0.8992737648613667,multi_target_hypothesis,two separate target sites; not one physical deletion; requires independent validation,${REPOSITORY_ROOT}/reports/hsv2_genome_wide_exhaustive/genome_wide_candidates_post_human.csv
VST-2b3568cdc187cc3a,VST-b3c226e1dbf82116,UL10,UL11,,,1.0,0.8992737648613667,multi_target_hypothesis,two separate target sites; not one physical deletion; requires independent validation,${REPOSITORY_ROOT}/reports/hsv2_genome_wide_exhaustive/genome_wide_candidates_post_human.csv
VST-2b3568cdc187cc3a,VST-e16166bf204a5e53,UL10,UL11,,,1.0,0.8992737648613667,multi_target_hypothesis,two separate target sites; not one physical deletion; requires independent validation,${REPOSITORY_ROOT}/reports/hsv2_genome_wide_exhaustive/genome_wide_candidates_post_human.csv
VST-39b8e81a7d803f8e,VST-1a03de7ffb16fbb6,UL50,UL15,,,1.0,0.8992737648613667,multi_target_hypothesis,two separate target sites; not one physical deletion; requires independent validation,${REPOSITORY_ROOT}/reports/hsv2_genome_wide_exhaustive/genome_wide_candidates_post_human.csv
VST-39b8e81a7d803f8e,VST-240e20eb666f9c85,UL50,UL30,,,1.0,0.8992737648613667,multi_target_hypothesis,two separate target sites; not one physical deletion; requires independent validation,${REPOSITORY_ROOT}/reports/hsv2_genome_wide_exhaustive/genome_wide_candidates_post_human.csv
VST-39b8e81a7d803f8e,VST-4bf9338dda42cbed,UL50,UL15,,,1.0,0.8992737648613667,multi_target_hypothesis,two separate target sites; not one physical deletion; requires independent validation,${REPOSITORY_ROOT}/reports/hsv2_genome_wide_exhaustive/genome_wide_candidates_post_human.csv
VST-39b8e81a7d803f8e,VST-54b5914e21a1a192,UL50,UL15,,,1.0,0.8992737648613667,multi_target_hypothesis,two separate target sites; not one physical deletion; requires independent validation,${REPOSITORY_ROOT}/reports/hsv2_genome_wide_exhaustive/genome_wide_candidates_post_human.csv
VST-39b8e81a7d803f8e,VST-56d60db41fb4e4e1,UL50,UL30,,,1.0,0.8992737648613667,multi_target_hypothesis,two separate target sites; not one physical deletion; requires independent validation,${REPOSITORY_ROOT}/reports/hsv2_genome_wide_exhaustive/genome_wide_candidates_post_human.csv
VST-39b8e81a7d803f8e,VST-5b0c902d0b27748e,UL50,UL46,,,1.0,0.8992737648613667,multi_target_hypothesis,two separate target sites; not one physical deletion; requires independent validation,${REPOSITORY_ROOT}/reports/hsv2_genome_wide_exhaustive/genome_wide_candidates_post_human.csv
VST-39b8e81a7d803f8e,VST-60775d923bdf2965,UL50,UL33,,,1.0,0.8992737648613667,multi_target_hypothesis,two separate target sites; not one physical deletion; requires independent validation,${REPOSITORY_ROOT}/reports/hsv2_genome_wide_exhaustive/genome_wide_candidates_post_human.csv
VST-39b8e81a7d803f8e,VST-7f7b6e25497fc40b,UL50,UL46,,,1.0,0.8992737648613667,multi_target_hypothesis,two separate target sites; not one physical deletion; requires independent validation,${REPOSITORY_ROOT}/reports/hsv2_genome_wide_exhaustive/genome_wide_candidates_post_human.csv
VST-39b8e81a7d803f8e,VST-9d3cc3fbfd32544e,UL50,UL30,,,1.0,0.8992737648613667,multi_target_hypothesis,two separate target sites; not one physical deletion; requires independent validation,${REPOSITORY_ROOT}/reports/hsv2_genome_wide_exhaustive/genome_wide_candidates_post_human.csv
VST-3a05e8146637b989,VST-1a03de7ffb16fbb6,UL52,UL15,,,1.0,0.8992737648613667,multi_target_hypothesis,two separate target sites; not one physical deletion; requires independent validation,${REPOSITORY_ROOT}/reports/hsv2_genome_wide_exhaustive/genome_wide_candidates_post_human.csv
VST-3a05e8146637b989,VST-240e20eb666f9c85,UL52,UL30,,,1.0,0.8992737648613667,multi_target_hypothesis,two separate target sites; not one physical deletion; requires independent validation,${REPOSITORY_ROOT}/reports/hsv2_genome_wide_exhaustive/genome_wide_candidates_post_human.csv
VST-3a05e8146637b989,VST-39b8e81a7d803f8e,UL52,UL50,,,1.0,0.8992737648613667,multi_target_hypothesis,two separate target sites; not one physical deletion; requires independent validation,${REPOSITORY_ROOT}/reports/hsv2_genome_wide_exhaustive/genome_wide_candidates_post_human.csv
VST-3a05e8146637b989,VST-4bf9338dda42cbed,UL52,UL15,,,1.0,0.8992737648613667,multi_target_hypothesis,two separate target sites; not one physical deletion; requires independent validation,${REPOSITORY_ROOT}/reports/hsv2_genome_wide_exhaustive/genome_wide_candidates_post_human.csv
VST-3a05e8146637b989,VST-54b5914e21a1a192,UL52,UL15,,,1.0,0.8992737648613667,multi_target_hypothesis,two separate target sites; not one physical deletion; requires independent validation,${REPOSITORY_ROOT}/reports/hsv2_genome_wide_exhaustive/genome_wide_candidates_post_human.csv
VST-3a05e8146637b989,VST-56d60db41fb4e4e1,UL52,UL30,,,1.0,0.8992737648613667,multi_target_hypothesis,two separate target sites; not one physical deletion; requires independent validation,${REPOSITORY_ROOT}/reports/hsv2_genome_wide_exhaustive/genome_wide_candidates_post_human.csv
VST-3a05e8146637b989,VST-5b0c902d0b27748e,UL52,UL47,,,1.0,0.8992737648613667,multi_target_hypothesis,two separate target sites; not one physical deletion; requires independent validation,${REPOSITORY_ROOT}/reports/hsv2_genome_wide_exhaustive/genome_wide_candidates_post_human.csv
VST-3a05e8146637b989,VST-5b0c902d0b27748e,UL52,UL46,,,1.0,0.8992737648613667,multi_target_hypothesis,two separate target sites; not one physical deletion; requires independent validation,${REPOSITORY_ROOT}/reports/hsv2_genome_wide_exhaustive/genome_wide_candidates_post_human.csv
VST-3a05e8146637b989,VST-60775d923bdf2965,UL52,UL33,,,1.0,0.8992737648613667,multi_target_hypothesis,two separate target sites; not one physical deletion; requires independent validation,${REPOSITORY_ROOT}/reports/hsv2_genome_wide_exhaustive/genome_wide_candidates_post_human.csv
VST-3a05e8146637b989,VST-673e398e74fcf10b,UL52,UL47,,,1.0,0.8992737648613667,multi_target_hypothesis,two separate target sites; not one physical deletion; requires independent validation,${REPOSITORY_ROOT}/reports/hsv2_genome_wide_exhaustive/genome_wide_candidates_post_human.csv
VST-3a05e8146637b989,VST-7f7b6e25497fc40b,UL52,UL46,,,1.0,0.8992737648613667,multi_target_hypothesis,two separate target sites; not one physical deletion; requires independent validation,${REPOSITORY_ROOT}/reports/hsv2_genome_wide_exhaustive/genome_wide_candidates_post_human.csv
VST-3a05e8146637b989,VST-9d3cc3fbfd32544e,UL52,UL30,,,1.0,0.8992737648613667,multi_target_hypothesis,two separate target sites; not one physical deletion; requires independent validation,${REPOSITORY_ROOT}/reports/hsv2_genome_wide_exhaustive/genome_wide_candidates_post_human.csv
VST-3a05e8146637b989,VST-b3c226e1dbf82116,UL52,UL11,,,1.0,0.8992737648613667,multi_target_hypothesis,two separate target sites; not one physical deletion; requires independent validation,${REPOSITORY_ROOT}/reports/hsv2_genome_wide_exhaustive/genome_wide_candidates_post_human.csv
VST-3a05e8146637b989,VST-e16166bf204a5e53,UL52,UL11,,,1.0,0.8992737648613667,multi_target_hypothesis,two separate target sites; not one physical deletion; requires independent validation,${REPOSITORY_ROOT}/reports/hsv2_genome_wide_exhaustive/genome_wide_candidates_post_human.csv
VST-49e236e977152335,VST-0bf1ec26dd4e63a9,UL3,UL52,,,1.0,0.8992737648613667,multi_target_hypothesis,two separate target sites; not one physical deletion; requires independent validation,${REPOSITORY_ROOT}/reports/hsv2_genome_wide_exhaustive/genome_wide_candidates_post_human.csv
VST-49e236e977152335,VST-1a03de7ffb16fbb6,UL3,UL15,,,1.0,0.8992737648613667,multi_target_hypothesis,two separate target sites; not one physical deletion; requires independent validation,${REPOSITORY_ROOT}/reports/hsv2_genome_wide_exhaustive/genome_wide_candidates_post_human.csv
VST-49e236e977152335,VST-2197f2e713f87ca5,UL3,UL52,,,1.0,0.8992737648613667,multi_target_hypothesis,two separate target sites; not one physical deletion; requires independent validation,${REPOSITORY_ROOT}/reports/hsv2_genome_wide_exhaustive/genome_wide_candidates_post_human.csv
VST-49e236e977152335,VST-240e20eb666f9c85,UL3,UL30,,,1.0,0.8992737648613667,multi_target_hypothesis,two separate target sites; not one physical deletion; requires independent validation,${REPOSITORY_ROOT}/reports/hsv2_genome_wide_exhaustive/genome_wide_candidates_post_human.csv
VST-49e236e977152335,VST-2b3568cdc187cc3a,UL3,UL10,,,1.0,0.8992737648613667,multi_target_hypothesis,two separate target sites; not one physical deletion; requires independent validation,${REPOSITORY_ROOT}/reports/hsv2_genome_wide_exhaustive/genome_wide_candidates_post_human.csv
VST-49e236e977152335,VST-39b8e81a7d803f8e,UL3,UL50,,,1.0,0.8992737648613667,multi_target_hypothesis,two separate target sites; not one physical deletion; requires independent validation,${REPOSITORY_ROOT}/reports/hsv2_genome_wide_exhaustive/genome_wide_candidates_post_human.csv
VST-49e236e977152335,VST-3a05e8146637b989,UL3,UL52,,,1.0,0.8992737648613667,multi_target_hypothesis,two separate target sites; not one physical deletion; requires independent validation,${REPOSITORY_ROOT}/reports/hsv2_genome_wide_exhaustive/genome_wide_candidates_post_human.csv
VST-49e236e977152335,VST-4bf9338dda42cbed,UL3,UL15,,,1.0,0.8992737648613667,multi_target_hypothesis,two separate target sites; not one physical deletion; requires independent validation,${REPOSITORY_ROOT}/reports/hsv2_genome_wide_exhaustive/genome_wide_candidates_post_human.csv
VST-49e236e977152335,VST-54b5914e21a1a192,UL3,UL15,,,1.0,0.8992737648613667,multi_target_hypothesis,two separate target sites; not one physical deletion; requires independent validation,${REPOSITORY_ROOT}/reports/hsv2_genome_wide_exhaustive/genome_wide_candidates_post_human.csv
VST-49e236e977152335,VST-56d60db41fb4e4e1,UL3,UL30,,,1.0,0.8992737648613667,multi_target_hypothesis,two separate target sites; not one physical deletion; requires independent validation,${REPOSITORY_ROOT}/reports/hsv2_genome_wide_exhaustive/genome_wide_candidates_post_human.csv
VST-49e236e977152335,VST-5b0c902d0b27748e,UL3,UL47,,,1.0,0.8992737648613667,multi_target_hypothesis,two separate target sites; not one physical deletion; requires independent validation,${REPOSITORY_ROOT}/reports/hsv2_genome_wide_exhaustive/genome_wide_candidates_post_human.csv
VST-49e236e977152335,VST-5b0c902d0b27748e,UL3,UL46,,,1.0,0.8992737648613667,multi_target_hypothesis,two separate target sites; not one physical deletion; requires independent validation,${REPOSITORY_ROOT}/reports/hsv2_genome_wide_exhaustive/genome_wide_candidates_post_human.csv
VST-49e236e977152335,VST-60775d923bdf2965,UL3,UL33,,,1.0,0.8992737648613667,multi_target_hypothesis,two separate target sites; not one physical deletion; requires independent validation,${REPOSITORY_ROOT}/reports/hsv2_genome_wide_exhaustive/genome_wide_candidates_post_human.csv
VST-49e236e977152335,VST-673e398e74fcf10b,UL3,UL47,,,1.0,0.8992737648613667,multi_target_hypothesis,two separate target sites; not one physical deletion; requires independent validation,${REPOSITORY_ROOT}/reports/hsv2_genome_wide_exhaustive/genome_wide_candidates_post_human.csv
VST-49e236e977152335,VST-7f7b6e25497fc40b,UL3,UL46,,,1.0,0.8992737648613667,multi_target_hypothesis,two separate target sites; not one physical deletion; requires independent validation,${REPOSITORY_ROOT}/reports/hsv2_genome_wide_exhaustive/genome_wide_candidates_post_human.csv
VST-49e236e977152335,VST-89884ea3f3df2232,UL3,UL10,,,1.0,0.8992737648613667,multi_target_hypothesis,two separate target sites; not one physical deletion; requires independent validation,${REPOSITORY_ROOT}/reports/hsv2_genome_wide_exhaustive/genome_wide_candidates_post_human.csv
VST-49e236e977152335,VST-9d3cc3fbfd32544e,UL3,UL30,,,1.0,0.8992737648613667,multi_target_hypothesis,two separate target sites; not one physical deletion; requires independent validation,${REPOSITORY_ROOT}/reports/hsv2_genome_wide_exhaustive/genome_wide_candidates_post_human.csv
VST-49e236e977152335,VST-b3c226e1dbf82116,UL3,UL11,,,1.0,0.8992737648613667,multi_target_hypothesis,two separate target sites; not one physical deletion; requires independent validation,${REPOSITORY_ROOT}/reports/hsv2_genome_wide_exhaustive/genome_wide_candidates_post_human.csv
VST-49e236e977152335,VST-e16166bf204a5e53,UL3,UL11,,,1.0,0.8992737648613667,multi_target_hypothesis,two separate target sites; not one physical deletion; requires independent validation,${REPOSITORY_ROOT}/reports/hsv2_genome_wide_exhaustive/genome_wide_candidates_post_human.csv
VST-56d60db41fb4e4e1,VST-1a03de7ffb16fbb6,UL30,UL15,,,1.0,0.8992737648613667,multi_target_hypothesis,two separate target sites; not one physical deletion; requires independent validation,${REPOSITORY_ROOT}/reports/hsv2_genome_wide_exhaustive/genome_wide_candidates_post_human.csv
VST-56d60db41fb4e4e1,VST-4bf9338dda42cbed,UL30,UL15,,,1.0,0.8992737648613667,multi_target_hypothesis,two separate target sites; not one physical deletion; requires independent validation,${REPOSITORY_ROOT}/reports/hsv2_genome_wide_exhaustive/genome_wide_candidates_post_human.csv
VST-56d60db41fb4e4e1,VST-54b5914e21a1a192,UL30,UL15,,,1.0,0.8992737648613667,multi_target_hypothesis,two separate target sites; not one physical deletion; requires independent validation,${REPOSITORY_ROOT}/reports/hsv2_genome_wide_exhaustive/genome_wide_candidates_post_human.csv
VST-56d60db41fb4e4e1,VST-5b0c902d0b27748e,UL30,UL46,,,1.0,0.8992737648613667,multi_target_hypothesis,two separate target sites; not one physical deletion; requires independent validation,${REPOSITORY_ROOT}/reports/hsv2_genome_wide_exhaustive/genome_wide_candidates_post_human.csv
VST-56d60db41fb4e4e1,VST-7f7b6e25497fc40b,UL30,UL46,,,1.0,0.8992737648613667,multi_target_hypothesis,two separate target sites; not one physical deletion; requires independent validation,${REPOSITORY_ROOT}/reports/hsv2_genome_wide_exhaustive/genome_wide_candidates_post_human.csv
VST-5b0c902d0b27748e,VST-1a03de7ffb16fbb6,UL47,UL15,,,1.0,0.8992737648613667,multi_target_hypothesis,two separate target sites; not one physical deletion; requires independent validation,${REPOSITORY_ROOT}/reports/hsv2_genome_wide_exhaustive/genome_wide_candidates_post_human.csv
VST-5b0c902d0b27748e,VST-1a03de7ffb16fbb6,UL46,UL15,,,1.0,0.8992737648613667,multi_target_hypothesis,two separate target sites; not one physical deletion; requires independent validation,${REPOSITORY_ROOT}/reports/hsv2_genome_wide_exhaustive/genome_wide_candidates_post_human.csv
VST-5b0c902d0b27748e,VST-240e20eb666f9c85,UL47,UL30,,,1.0,0.8992737648613667,multi_target_hypothesis,two separate target sites; not one physical deletion; requires independent validation,${REPOSITORY_ROOT}/reports/hsv2_genome_wide_exhaustive/genome_wide_candidates_post_human.csv
VST-5b0c902d0b27748e,VST-39b8e81a7d803f8e,UL47,UL50,,,1.0,0.8992737648613667,multi_target_hypothesis,two separate target sites; not one physical deletion; requires independent validation,${REPOSITORY_ROOT}/reports/hsv2_genome_wide_exhaustive/genome_wide_candidates_post_human.csv
VST-5b0c902d0b27748e,VST-4bf9338dda42cbed,UL47,UL15,,,1.0,0.8992737648613667,multi_target_hypothesis,two separate target sites; not one physical deletion; requires independent validation,${REPOSITORY_ROOT}/reports/hsv2_genome_wide_exhaustive/genome_wide_candidates_post_human.csv
VST-5b0c902d0b27748e,VST-4bf9338dda42cbed,UL46,UL15,,,1.0,0.8992737648613667,multi_target_hypothesis,two separate target sites; not one physical deletion; requires independent validation,${REPOSITORY_ROOT}/reports/hsv2_genome_wide_exhaustive/genome_wide_candidates_post_human.csv
VST-5b0c902d0b27748e,VST-54b5914e21a1a192,UL47,UL15,,,1.0,0.8992737648613667,multi_target_hypothesis,two separate target sites; not one physical deletion; requires independent validation,${REPOSITORY_ROOT}/reports/hsv2_genome_wide_exhaustive/genome_wide_candidates_post_human.csv
VST-5b0c902d0b27748e,VST-54b5914e21a1a192,UL46,UL15,,,1.0,0.8992737648613667,multi_target_hypothesis,two separate target sites; not one physical deletion; requires independent validation,${REPOSITORY_ROOT}/reports/hsv2_genome_wide_exhaustive/genome_wide_candidates_post_human.csv
VST-5b0c902d0b27748e,VST-56d60db41fb4e4e1,UL47,UL30,,,1.0,0.8992737648613667,multi_target_hypothesis,two separate target sites; not one physical deletion; requires independent validation,${REPOSITORY_ROOT}/reports/hsv2_genome_wide_exhaustive/genome_wide_candidates_post_human.csv
VST-5b0c902d0b27748e,VST-5b0c902d0b27748e,UL47,UL46,,,1.0,0.8992737648613667,multi_target_hypothesis,two separate target sites; not one physical deletion; requires independent validation,${REPOSITORY_ROOT}/reports/hsv2_genome_wide_exhaustive/genome_wide_candidates_post_human.csv
VST-5b0c902d0b27748e,VST-60775d923bdf2965,UL47,UL33,,,1.0,0.8992737648613667,multi_target_hypothesis,two separate target sites; not one physical deletion; requires independent validation,${REPOSITORY_ROOT}/reports/hsv2_genome_wide_exhaustive/genome_wide_candidates_post_human.csv
VST-5b0c902d0b27748e,VST-7f7b6e25497fc40b,UL47,UL46,,,1.0,0.8992737648613667,multi_target_hypothesis,two separate target sites; not one physical deletion; requires independent validation,${REPOSITORY_ROOT}/reports/hsv2_genome_wide_exhaustive/genome_wide_candidates_post_human.csv
VST-5b0c902d0b27748e,VST-9d3cc3fbfd32544e,UL47,UL30,,,1.0,0.8992737648613667,multi_target_hypothesis,two separate target sites; not one physical deletion; requires independent validation,${REPOSITORY_ROOT}/reports/hsv2_genome_wide_exhaustive/genome_wide_candidates_post_human.csv
VST-5b0c902d0b27748e,VST-b3c226e1dbf82116,UL47,UL11,,,1.0,0.8992737648613667,multi_target_hypothesis,two separate target sites; not one physical deletion; requires independent validation,${REPOSITORY_ROOT}/reports/hsv2_genome_wide_exhaustive/genome_wide_candidates_post_human.csv
VST-5b0c902d0b27748e,VST-e16166bf204a5e53,UL47,UL11,,,1.0,0.8992737648613667,multi_target_hypothesis,two separate target sites; not one physical deletion; requires independent validation,${REPOSITORY_ROOT}/reports/hsv2_genome_wide_exhaustive/genome_wide_candidates_post_human.csv
VST-5e4034e33559c37a,VST-12b9f79552b46501,UL3,UL50,,,1.0,0.8992737648613667,multi_target_hypothesis,two separate target sites; not one physical deletion; requires independent validation,${REPOSITORY_ROOT}/reports/hsv2_genome_wide_exhaustive/genome_wide_candidates_post_human.csv
VST-5e4034e33559c37a,VST-1d1284837f4da8f5,UL3,UL10,,,1.0,0.8992737648613667,multi_target_hypothesis,two separate target sites; not one physical deletion; requires independent validation,${REPOSITORY_ROOT}/reports/hsv2_genome_wide_exhaustive/genome_wide_candidates_post_human.csv
VST-5e4034e33559c37a,VST-600cfa63d24df854,UL3,UL11,,,1.0,0.8992737648613667,multi_target_hypothesis,two separate target sites; not one physical deletion; requires independent validation,${REPOSITORY_ROOT}/reports/hsv2_genome_wide_exhaustive/genome_wide_candidates_post_human.csv
VST-600cfa63d24df854,VST-9cd67af4bd66d50a,UL11,UL46,,,1.0,0.8992737648613667,multi_target_hypothesis,two separate target sites; not one physical deletion; requires independent validation,${REPOSITORY_ROOT}/reports/hsv2_genome_wide_exhaustive/genome_wide_candidates_post_human.csv
VST-60775d923bdf2965,VST-1a03de7ffb16fbb6,UL33,UL15,,,1.0,0.8992737648613667,multi_target_hypothesis,two separate target sites; not one physical deletion; requires independent validation,${REPOSITORY_ROOT}/reports/hsv2_genome_wide_exhaustive/genome_wide_candidates_post_human.csv
VST-60775d923bdf2965,VST-240e20eb666f9c85,UL33,UL30,,,1.0,0.8992737648613667,multi_target_hypothesis,two separate target sites; not one physical deletion; requires independent validation,${REPOSITORY_ROOT}/reports/hsv2_genome_wide_exhaustive/genome_wide_candidates_post_human.csv
VST-60775d923bdf2965,VST-4bf9338dda42cbed,UL33,UL15,,,1.0,0.8992737648613667,multi_target_hypothesis,two separate target sites; not one physical deletion; requires independent validation,${REPOSITORY_ROOT}/reports/hsv2_genome_wide_exhaustive/genome_wide_candidates_post_human.csv
VST-60775d923bdf2965,VST-54b5914e21a1a192,UL33,UL15,,,1.0,0.8992737648613667,multi_target_hypothesis,two separate target sites; not one physical deletion; requires independent validation,${REPOSITORY_ROOT}/reports/hsv2_genome_wide_exhaustive/genome_wide_candidates_post_human.csv
VST-60775d923bdf2965,VST-56d60db41fb4e4e1,UL33,UL30,,,1.0,0.8992737648613667,multi_target_hypothesis,two separate target sites; not one physical deletion; requires independent validation,${REPOSITORY_ROOT}/reports/hsv2_genome_wide_exhaustive/genome_wide_candidates_post_human.csv
VST-60775d923bdf2965,VST-5b0c902d0b27748e,UL33,UL46,,,1.0,0.8992737648613667,multi_target_hypothesis,two separate target sites; not one physical deletion; requires independent validation,${REPOSITORY_ROOT}/reports/hsv2_genome_wide_exhaustive/genome_wide_candidates_post_human.csv
VST-60775d923bdf2965,VST-7f7b6e25497fc40b,UL33,UL46,,,1.0,0.8992737648613667,multi_target_hypothesis,two separate target sites; not one physical deletion; requires independent validation,${REPOSITORY_ROOT}/reports/hsv2_genome_wide_exhaustive/genome_wide_candidates_post_human.csv
VST-60775d923bdf2965,VST-9d3cc3fbfd32544e,UL33,UL30,,,1.0,0.8992737648613667,multi_target_hypothesis,two separate target sites; not one physical deletion; requires independent validation,${REPOSITORY_ROOT}/reports/hsv2_genome_wide_exhaustive/genome_wide_candidates_post_human.csv
VST-673e398e74fcf10b,VST-1a03de7ffb16fbb6,UL47,UL15,,,1.0,0.8992737648613667,multi_target_hypothesis,two separate target sites; not one physical deletion; requires independent validation,${REPOSITORY_ROOT}/reports/hsv2_genome_wide_exhaustive/genome_wide_candidates_post_human.csv
VST-673e398e74fcf10b,VST-240e20eb666f9c85,UL47,UL30,,,1.0,0.8992737648613667,multi_target_hypothesis,two separate target sites; not one physical deletion; requires independent validation,${REPOSITORY_ROOT}/reports/hsv2_genome_wide_exhaustive/genome_wide_candidates_post_human.csv
VST-673e398e74fcf10b,VST-39b8e81a7d803f8e,UL47,UL50,,,1.0,0.8992737648613667,multi_target_hypothesis,two separate target sites; not one physical deletion; requires independent validation,${REPOSITORY_ROOT}/reports/hsv2_genome_wide_exhaustive/genome_wide_candidates_post_human.csv
VST-673e398e74fcf10b,VST-4bf9338dda42cbed,UL47,UL15,,,1.0,0.8992737648613667,multi_target_hypothesis,two separate target sites; not one physical deletion; requires independent validation,${REPOSITORY_ROOT}/reports/hsv2_genome_wide_exhaustive/genome_wide_candidates_post_human.csv
VST-673e398e74fcf10b,VST-54b5914e21a1a192,UL47,UL15,,,1.0,0.8992737648613667,multi_target_hypothesis,two separate target sites; not one physical deletion; requires independent validation,${REPOSITORY_ROOT}/reports/hsv2_genome_wide_exhaustive/genome_wide_candidates_post_human.csv
VST-673e398e74fcf10b,VST-56d60db41fb4e4e1,UL47,UL30,,,1.0,0.8992737648613667,multi_target_hypothesis,two separate target sites; not one physical deletion; requires independent validation,${REPOSITORY_ROOT}/reports/hsv2_genome_wide_exhaustive/genome_wide_candidates_post_human.csv
VST-673e398e74fcf10b,VST-5b0c902d0b27748e,UL47,UL46,,,1.0,0.8992737648613667,multi_target_hypothesis,two separate target sites; not one physical deletion; requires independent validation,${REPOSITORY_ROOT}/reports/hsv2_genome_wide_exhaustive/genome_wide_candidates_post_human.csv
VST-673e398e74fcf10b,VST-60775d923bdf2965,UL47,UL33,,,1.0,0.8992737648613667,multi_target_hypothesis,two separate target sites; not one physical deletion; requires independent validation,${REPOSITORY_ROOT}/reports/hsv2_genome_wide_exhaustive/genome_wide_candidates_post_human.csv
VST-673e398e74fcf10b,VST-7f7b6e25497fc40b,UL47,UL46,,,1.0,0.8992737648613667,multi_target_hypothesis,two separate target sites; not one physical deletion; requires independent validation,${REPOSITORY_ROOT}/reports/hsv2_genome_wide_exhaustive/genome_wide_candidates_post_human.csv
VST-673e398e74fcf10b,VST-9d3cc3fbfd32544e,UL47,UL30,,,1.0,0.8992737648613667,multi_target_hypothesis,two separate target sites; not one physical deletion; requires independent validation,${REPOSITORY_ROOT}/reports/hsv2_genome_wide_exhaustive/genome_wide_candidates_post_human.csv
VST-673e398e74fcf10b,VST-b3c226e1dbf82116,UL47,UL11,,,1.0,0.8992737648613667,multi_target_hypothesis,two separate target sites; not one physical deletion; requires independent validation,${REPOSITORY_ROOT}/reports/hsv2_genome_wide_exhaustive/genome_wide_candidates_post_human.csv
VST-673e398e74fcf10b,VST-e16166bf204a5e53,UL47,UL11,,,1.0,0.8992737648613667,multi_target_hypothesis,two separate target sites; not one physical deletion; requires independent validation,${REPOSITORY_ROOT}/reports/hsv2_genome_wide_exhaustive/genome_wide_candidates_post_human.csv
VST-7f7b6e25497fc40b,VST-1a03de7ffb16fbb6,UL46,UL15,,,1.0,0.8992737648613667,multi_target_hypothesis,two separate target sites; not one physical deletion; requires independent validation,${REPOSITORY_ROOT}/reports/hsv2_genome_wide_exhaustive/genome_wide_candidates_post_human.csv
VST-7f7b6e25497fc40b,VST-4bf9338dda42cbed,UL46,UL15,,,1.0,0.8992737648613667,multi_target_hypothesis,two separate target sites; not one physical deletion; requires independent validation,${REPOSITORY_ROOT}/reports/hsv2_genome_wide_exhaustive/genome_wide_candidates_post_human.csv
VST-7f7b6e25497fc40b,VST-54b5914e21a1a192,UL46,UL15,,,1.0,0.8992737648613667,multi_target_hypothesis,two separate target sites; not one physical deletion; requires independent validation,${REPOSITORY_ROOT}/reports/hsv2_genome_wide_exhaustive/genome_wide_candidates_post_human.csv
VST-89884ea3f3df2232,VST-0bf1ec26dd4e63a9,UL10,UL52,,,1.0,0.8992737648613667,multi_target_hypothesis,two separate target sites; not one physical deletion; requires independent validation,${REPOSITORY_ROOT}/reports/hsv2_genome_wide_exhaustive/genome_wide_candidates_post_human.csv
VST-89884ea3f3df2232,VST-1a03de7ffb16fbb6,UL10,UL15,,,1.0,0.8992737648613667,multi_target_hypothesis,two separate target sites; not one physical deletion; requires independent validation,${REPOSITORY_ROOT}/reports/hsv2_genome_wide_exhaustive/genome_wide_candidates_post_human.csv
VST-89884ea3f3df2232,VST-2197f2e713f87ca5,UL10,UL52,,,1.0,0.8992737648613667,multi_target_hypothesis,two separate target sites; not one physical deletion; requires independent validation,${REPOSITORY_ROOT}/reports/hsv2_genome_wide_exhaustive/genome_wide_candidates_post_human.csv
VST-89884ea3f3df2232,VST-240e20eb666f9c85,UL10,UL30,,,1.0,0.8992737648613667,multi_target_hypothesis,two separate target sites; not one physical deletion; requires independent validation,${REPOSITORY_ROOT}/reports/hsv2_genome_wide_exhaustive/genome_wide_candidates_post_human.csv
VST-89884ea3f3df2232,VST-39b8e81a7d803f8e,UL10,UL50,,,1.0,0.8992737648613667,multi_target_hypothesis,two separate target sites; not one physical deletion; requires independent validation,${REPOSITORY_ROOT}/reports/hsv2_genome_wide_exhaustive/genome_wide_candidates_post_human.csv
VST-89884ea3f3df2232,VST-3a05e8146637b989,UL10,UL52,,,1.0,0.8992737648613667,multi_target_hypothesis,two separate target sites; not one physical deletion; requires independent validation,${REPOSITORY_ROOT}/reports/hsv2_genome_wide_exhaustive/genome_wide_candidates_post_human.csv
VST-89884ea3f3df2232,VST-4bf9338dda42cbed,UL10,UL15,,,1.0,0.8992737648613667,multi_target_hypothesis,two separate target sites; not one physical deletion; requires independent validation,${REPOSITORY_ROOT}/reports/hsv2_genome_wide_exhaustive/genome_wide_candidates_post_human.csv
VST-89884ea3f3df2232,VST-54b5914e21a1a192,UL10,UL15,,,1.0,0.8992737648613667,multi_target_hypothesis,two separate target sites; not one physical deletion; requires independent validation,${REPOSITORY_ROOT}/reports/hsv2_genome_wide_exhaustive/genome_wide_candidates_post_human.csv
VST-89884ea3f3df2232,VST-56d60db41fb4e4e1,UL10,UL30,,,1.0,0.8992737648613667,multi_target_hypothesis,two separate target sites; not one physical deletion; requires independent validation,${REPOSITORY_ROOT}/reports/hsv2_genome_wide_exhaustive/genome_wide_candidates_post_human.csv
VST-89884ea3f3df2232,VST-5b0c902d0b27748e,UL10,UL47,,,1.0,0.8992737648613667,multi_target_hypothesis,two separate target sites; not one physical deletion; requires independent validation,${REPOSITORY_ROOT}/reports/hsv2_genome_wide_exhaustive/genome_wide_candidates_post_human.csv
VST-89884ea3f3df2232,VST-5b0c902d0b27748e,UL10,UL46,,,1.0,0.8992737648613667,multi_target_hypothesis,two separate target sites; not one physical deletion; requires independent validation,${REPOSITORY_ROOT}/reports/hsv2_genome_wide_exhaustive/genome_wide_candidates_post_human.csv
VST-89884ea3f3df2232,VST-60775d923bdf2965,UL10,UL33,,,1.0,0.8992737648613667,multi_target_hypothesis,two separate target sites; not one physical deletion; requires independent validation,${REPOSITORY_ROOT}/reports/hsv2_genome_wide_exhaustive/genome_wide_candidates_post_human.csv
VST-89884ea3f3df2232,VST-673e398e74fcf10b,UL10,UL47,,,1.0,0.8992737648613667,multi_target_hypothesis,two separate target sites; not one physical deletion; requires independent validation,${REPOSITORY_ROOT}/reports/hsv2_genome_wide_exhaustive/genome_wide_candidates_post_human.csv
VST-89884ea3f3df2232,VST-7f7b6e25497fc40b,UL10,UL46,,,1.0,0.8992737648613667,multi_target_hypothesis,two separate target sites; not one physical deletion; requires independent validation,${REPOSITORY_ROOT}/reports/hsv2_genome_wide_exhaustive/genome_wide_candidates_post_human.csv
VST-89884ea3f3df2232,VST-9d3cc3fbfd32544e,UL10,UL30,,,1.0,0.8992737648613667,multi_target_hypothesis,two separate target sites; not one physical deletion; requires independent validation,${REPOSITORY_ROOT}/reports/hsv2_genome_wide_exhaustive/genome_wide_candidates_post_human.csv
VST-89884ea3f3df2232,VST-b3c226e1dbf82116,UL10,UL11,,,1.0,0.8992737648613667,multi_target_hypothesis,two separate target sites; not one physical deletion; requires independent validation,${REPOSITORY_ROOT}/reports/hsv2_genome_wide_exhaustive/genome_wide_candidates_post_human.csv
VST-89884ea3f3df2232,VST-e16166bf204a5e53,UL10,UL11,,,1.0,0.8992737648613667,multi_target_hypothesis,two separate target sites; not one physical deletion; requires independent validation,${REPOSITORY_ROOT}/reports/hsv2_genome_wide_exhaustive/genome_wide_candidates_post_human.csv
VST-9cd67af4bd66d50a,VST-12b9f79552b46501,UL47,UL50,,,1.0,0.8992737648613667,multi_target_hypothesis,two separate target sites; not one physical deletion; requires independent validation,${REPOSITORY_ROOT}/reports/hsv2_genome_wide_exhaustive/genome_wide_candidates_post_human.csv
VST-9cd67af4bd66d50a,VST-600cfa63d24df854,UL47,UL11,,,1.0,0.8992737648613667,multi_target_hypothesis,two separate target sites; not one physical deletion; requires independent validation,${REPOSITORY_ROOT}/reports/hsv2_genome_wide_exhaustive/genome_wide_candidates_post_human.csv
VST-9d3cc3fbfd32544e,VST-1a03de7ffb16fbb6,UL30,UL15,,,1.0,0.8992737648613667,multi_target_hypothesis,two separate target sites; not one physical deletion; requires independent validation,${REPOSITORY_ROOT}/reports/hsv2_genome_wide_exhaustive/genome_wide_candidates_post_human.csv
VST-9d3cc3fbfd32544e,VST-4bf9338dda42cbed,UL30,UL15,,,1.0,0.8992737648613667,multi_target_hypothesis,two separate target sites; not one physical deletion; requires independent validation,${REPOSITORY_ROOT}/reports/hsv2_genome_wide_exhaustive/genome_wide_candidates_post_human.csv
VST-9d3cc3fbfd32544e,VST-54b5914e21a1a192,UL30,UL15,,,1.0,0.8992737648613667,multi_target_hypothesis,two separate target sites; not one physical deletion; requires independent validation,${REPOSITORY_ROOT}/reports/hsv2_genome_wide_exhaustive/genome_wide_candidates_post_human.csv
VST-9d3cc3fbfd32544e,VST-5b0c902d0b27748e,UL30,UL46,,,1.0,0.8992737648613667,multi_target_hypothesis,two separate target sites; not one physical deletion; requires independent validation,${REPOSITORY_ROOT}/reports/hsv2_genome_wide_exhaustive/genome_wide_candidates_post_human.csv
VST-9d3cc3fbfd32544e,VST-7f7b6e25497fc40b,UL30,UL46,,,1.0,0.8992737648613667,multi_target_hypothesis,two separate target sites; not one physical deletion; requires independent validation,${REPOSITORY_ROOT}/reports/hsv2_genome_wide_exhaustive/genome_wide_candidates_post_human.csv
VST-b3c226e1dbf82116,VST-1a03de7ffb16fbb6,UL11,UL15,,,1.0,0.8992737648613667,multi_target_hypothesis,two separate target sites; not one physical deletion; requires independent validation,${REPOSITORY_ROOT}/reports/hsv2_genome_wide_exhaustive/genome_wide_candidates_post_human.csv
VST-b3c226e1dbf82116,VST-240e20eb666f9c85,UL11,UL30,,,1.0,0.8992737648613667,multi_target_hypothesis,two separate target sites; not one physical deletion; requires independent validation,${REPOSITORY_ROOT}/reports/hsv2_genome_wide_exhaustive/genome_wide_candidates_post_human.csv
VST-b3c226e1dbf82116,VST-39b8e81a7d803f8e,UL11,UL50,,,1.0,0.8992737648613667,multi_target_hypothesis,two separate target sites; not one physical deletion; requires independent validation,${REPOSITORY_ROOT}/reports/hsv2_genome_wide_exhaustive/genome_wide_candidates_post_human.csv
VST-b3c226e1dbf82116,VST-4bf9338dda42cbed,UL11,UL15,,,1.0,0.8992737648613667,multi_target_hypothesis,two separate target sites; not one physical deletion; requires independent validation,${REPOSITORY_ROOT}/reports/hsv2_genome_wide_exhaustive/genome_wide_candidates_post_human.csv
VST-b3c226e1dbf82116,VST-54b5914e21a1a192,UL11,UL15,,,1.0,0.8992737648613667,multi_target_hypothesis,two separate target sites; not one physical deletion; requires independent validation,${REPOSITORY_ROOT}/reports/hsv2_genome_wide_exhaustive/genome_wide_candidates_post_human.csv
VST-b3c226e1dbf82116,VST-56d60db41fb4e4e1,UL11,UL30,,,1.0,0.8992737648613667,multi_target_hypothesis,two separate target sites; not one physical deletion; requires independent validation,${REPOSITORY_ROOT}/reports/hsv2_genome_wide_exhaustive/genome_wide_candidates_post_human.csv
VST-b3c226e1dbf82116,VST-5b0c902d0b27748e,UL11,UL46,,,1.0,0.8992737648613667,multi_target_hypothesis,two separate target sites; not one physical deletion; requires independent validation,${REPOSITORY_ROOT}/reports/hsv2_genome_wide_exhaustive/genome_wide_candidates_post_human.csv
VST-b3c226e1dbf82116,VST-60775d923bdf2965,UL11,UL33,,,1.0,0.8992737648613667,multi_target_hypothesis,two separate target sites; not one physical deletion; requires independent validation,${REPOSITORY_ROOT}/reports/hsv2_genome_wide_exhaustive/genome_wide_candidates_post_human.csv
VST-b3c226e1dbf82116,VST-7f7b6e25497fc40b,UL11,UL46,,,1.0,0.8992737648613667,multi_target_hypothesis,two separate target sites; not one physical deletion; requires independent validation,${REPOSITORY_ROOT}/reports/hsv2_genome_wide_exhaustive/genome_wide_candidates_post_human.csv
VST-b3c226e1dbf82116,VST-9d3cc3fbfd32544e,UL11,UL30,,,1.0,0.8992737648613667,multi_target_hypothesis,two separate target sites; not one physical deletion; requires independent validation,${REPOSITORY_ROOT}/reports/hsv2_genome_wide_exhaustive/genome_wide_candidates_post_human.csv
VST-e16166bf204a5e53,VST-1a03de7ffb16fbb6,UL11,UL15,,,1.0,0.8992737648613667,multi_target_hypothesis,two separate target sites; not one physical deletion; requires independent validation,${REPOSITORY_ROOT}/reports/hsv2_genome_wide_exhaustive/genome_wide_candidates_post_human.csv
VST-e16166bf204a5e53,VST-240e20eb666f9c85,UL11,UL30,,,1.0,0.8992737648613667,multi_target_hypothesis,two separate target sites; not one physical deletion; requires independent validation,${REPOSITORY_ROOT}/reports/hsv2_genome_wide_exhaustive/genome_wide_candidates_post_human.csv
VST-e16166bf204a5e53,VST-39b8e81a7d803f8e,UL11,UL50,,,1.0,0.8992737648613667,multi_target_hypothesis,two separate target sites; not one physical deletion; requires independent validation,${REPOSITORY_ROOT}/reports/hsv2_genome_wide_exhaustive/genome_wide_candidates_post_human.csv
VST-e16166bf204a5e53,VST-4bf9338dda42cbed,UL11,UL15,,,1.0,0.8992737648613667,multi_target_hypothesis,two separate target sites; not one physical deletion; requires independent validation,${REPOSITORY_ROOT}/reports/hsv2_genome_wide_exhaustive/genome_wide_candidates_post_human.csv
VST-e16166bf204a5e53,VST-54b5914e21a1a192,UL11,UL15,,,1.0,0.8992737648613667,multi_target_hypothesis,two separate target sites; not one physical deletion; requires independent validation,${REPOSITORY_ROOT}/reports/hsv2_genome_wide_exhaustive/genome_wide_candidates_post_human.csv
VST-e16166bf204a5e53,VST-56d60db41fb4e4e1,UL11,UL30,,,1.0,0.8992737648613667,multi_target_hypothesis,two separate target sites; not one physical deletion; requires independent validation,${REPOSITORY_ROOT}/reports/hsv2_genome_wide_exhaustive/genome_wide_candidates_post_human.csv
VST-e16166bf204a5e53,VST-5b0c902d0b27748e,UL11,UL46,,,1.0,0.8992737648613667,multi_target_hypothesis,two separate target sites; not one physical deletion; requires independent validation,${REPOSITORY_ROOT}/reports/hsv2_genome_wide_exhaustive/genome_wide_candidates_post_human.csv
VST-e16166bf204a5e53,VST-60775d923bdf2965,UL11,UL33,,,1.0,0.8992737648613667,multi_target_hypothesis,two separate target sites; not one physical deletion; requires independent validation,${REPOSITORY_ROOT}/reports/hsv2_genome_wide_exhaustive/genome_wide_candidates_post_human.csv
VST-e16166bf204a5e53,VST-7f7b6e25497fc40b,UL11,UL46,,,1.0,0.8992737648613667,multi_target_hypothesis,two separate target sites; not one physical deletion; requires independent validation,${REPOSITORY_ROOT}/reports/hsv2_genome_wide_exhaustive/genome_wide_candidates_post_human.csv
VST-e16166bf204a5e53,VST-9d3cc3fbfd32544e,UL11,UL30,,,1.0,0.8992737648613667,multi_target_hypothesis,two separate target sites; not one physical deletion; requires independent validation,${REPOSITORY_ROOT}/reports/hsv2_genome_wide_exhaustive/genome_wide_candidates_post_human.csv
VST-1aa0d67c1728df8f,VST-9cd67af4bd66d50a,UL33,UL46,,,1.0,0.898971796211134,multi_target_hypothesis,two separate target sites; not one physical deletion; requires independent validation,${REPOSITORY_ROOT}/reports/hsv2_genome_wide_exhaustive/genome_wide_candidates_post_human.csv
VST-29c7635dd5ccf48b,VST-9cd67af4bd66d50a,UL33,UL46,,,1.0,0.898971796211134,multi_target_hypothesis,two separate target sites; not one physical deletion; requires independent validation,${REPOSITORY_ROOT}/reports/hsv2_genome_wide_exhaustive/genome_wide_candidates_post_human.csv
VST-3c43f917dee00628,VST-9cd67af4bd66d50a,UL50,UL46,,,1.0,0.898971796211134,multi_target_hypothesis,two separate target sites; not one physical deletion; requires independent validation,${REPOSITORY_ROOT}/reports/hsv2_genome_wide_exhaustive/genome_wide_candidates_post_human.csv
VST-5e4034e33559c37a,VST-1aa0d67c1728df8f,UL3,UL33,,,1.0,0.898971796211134,multi_target_hypothesis,two separate target sites; not one physical deletion; requires independent validation,${REPOSITORY_ROOT}/reports/hsv2_genome_wide_exhaustive/genome_wide_candidates_post_human.csv
VST-5e4034e33559c37a,VST-29c7635dd5ccf48b,UL3,UL33,,,1.0,0.898971796211134,multi_target_hypothesis,two separate target sites; not one physical deletion; requires independent validation,${REPOSITORY_ROOT}/reports/hsv2_genome_wide_exhaustive/genome_wide_candidates_post_human.csv
VST-5e4034e33559c37a,VST-3c43f917dee00628,UL3,UL50,,,1.0,0.898971796211134,multi_target_hypothesis,two separate target sites; not one physical deletion; requires independent validation,${REPOSITORY_ROOT}/reports/hsv2_genome_wide_exhaustive/genome_wide_candidates_post_human.csv
VST-9cd67af4bd66d50a,VST-1aa0d67c1728df8f,UL47,UL33,,,1.0,0.898971796211134,multi_target_hypothesis,two separate target sites; not one physical deletion; requires independent validation,${REPOSITORY_ROOT}/reports/hsv2_genome_wide_exhaustive/genome_wide_candidates_post_human.csv
VST-9cd67af4bd66d50a,VST-29c7635dd5ccf48b,UL47,UL33,,,1.0,0.898971796211134,multi_target_hypothesis,two separate target sites; not one physical deletion; requires independent validation,${REPOSITORY_ROOT}/reports/hsv2_genome_wide_exhaustive/genome_wide_candidates_post_human.csv
VST-9cd67af4bd66d50a,VST-3c43f917dee00628,UL47,UL50,,,1.0,0.898971796211134,multi_target_hypothesis,two separate target sites; not one physical deletion; requires independent validation,${REPOSITORY_ROOT}/reports/hsv2_genome_wide_exhaustive/genome_wide_candidates_post_human.csv
VST-0bf1ec26dd4e63a9,VST-12b9f79552b46501,UL52,UL50,,,1.0,0.8989106472920501,multi_target_hypothesis,two separate target sites; not one physical deletion; requires independent validation,${REPOSITORY_ROOT}/reports/hsv2_genome_wide_exhaustive/genome_wide_candidates_post_human.csv
VST-0bf1ec26dd4e63a9,VST-600cfa63d24df854,UL52,UL11,,,1.0,0.8989106472920501,multi_target_hypothesis,two separate target sites; not one physical deletion; requires independent validation,${REPOSITORY_ROOT}/reports/hsv2_genome_wide_exhaustive/genome_wide_candidates_post_human.csv
VST-12b9f79552b46501,VST-1a03de7ffb16fbb6,UL50,UL15,,,1.0,0.8989106472920501,multi_target_hypothesis,two separate target sites; not one physical deletion; requires independent validation,${REPOSITORY_ROOT}/reports/hsv2_genome_wide_exhaustive/genome_wide_candidates_post_human.csv
VST-12b9f79552b46501,VST-240e20eb666f9c85,UL50,UL30,,,1.0,0.8989106472920501,multi_target_hypothesis,two separate target sites; not one physical deletion; requires independent validation,${REPOSITORY_ROOT}/reports/hsv2_genome_wide_exhaustive/genome_wide_candidates_post_human.csv
VST-12b9f79552b46501,VST-4bf9338dda42cbed,UL50,UL15,,,1.0,0.8989106472920501,multi_target_hypothesis,two separate target sites; not one physical deletion; requires independent validation,${REPOSITORY_ROOT}/reports/hsv2_genome_wide_exhaustive/genome_wide_candidates_post_human.csv
VST-12b9f79552b46501,VST-54b5914e21a1a192,UL50,UL15,,,1.0,0.8989106472920501,multi_target_hypothesis,two separate target sites; not one physical deletion; requires independent validation,${REPOSITORY_ROOT}/reports/hsv2_genome_wide_exhaustive/genome_wide_candidates_post_human.csv
VST-12b9f79552b46501,VST-56d60db41fb4e4e1,UL50,UL30,,,1.0,0.8989106472920501,multi_target_hypothesis,two separate target sites; not one physical deletion; requires independent validation,${REPOSITORY_ROOT}/reports/hsv2_genome_wide_exhaustive/genome_wide_candidates_post_human.csv
VST-12b9f79552b46501,VST-5b0c902d0b27748e,UL50,UL46,,,1.0,0.8989106472920501,multi_target_hypothesis,two separate target sites; not one physical deletion; requires independent validation,${REPOSITORY_ROOT}/reports/hsv2_genome_wide_exhaustive/genome_wide_candidates_post_human.csv
VST-12b9f79552b46501,VST-60775d923bdf2965,UL50,UL33,,,1.0,0.8989106472920501,multi_target_hypothesis,two separate target sites; not one physical deletion; requires independent validation,${REPOSITORY_ROOT}/reports/hsv2_genome_wide_exhaustive/genome_wide_candidates_post_human.csv
VST-12b9f79552b46501,VST-7f7b6e25497fc40b,UL50,UL46,,,1.0,0.8989106472920501,multi_target_hypothesis,two separate target sites; not one physical deletion; requires independent validation,${REPOSITORY_ROOT}/reports/hsv2_genome_wide_exhaustive/genome_wide_candidates_post_human.csv
VST-12b9f79552b46501,VST-9d3cc3fbfd32544e,UL50,UL30,,,1.0,0.8989106472920501,multi_target_hypothesis,two separate target sites; not one physical deletion; requires independent validation,${REPOSITORY_ROOT}/reports/hsv2_genome_wide_exhaustive/genome_wide_candidates_post_human.csv
VST-1ab6bcde24624e54,VST-12b9f79552b46501,UL3,UL50,,,1.0,0.8989106472920501,multi_target_hypothesis,two separate target sites; not one physical deletion; requires independent validation,${REPOSITORY_ROOT}/reports/hsv2_genome_wide_exhaustive/genome_wide_candidates_post_human.csv
VST-1ab6bcde24624e54,VST-1d1284837f4da8f5,UL3,UL10,,,1.0,0.8989106472920501,multi_target_hypothesis,two separate target sites; not one physical deletion; requires independent validation,${REPOSITORY_ROOT}/reports/hsv2_genome_wide_exhaustive/genome_wide_candidates_post_human.csv
VST-1ab6bcde24624e54,VST-600cfa63d24df854,UL3,UL11,,,1.0,0.8989106472920501,multi_target_hypothesis,two separate target sites; not one physical deletion; requires independent validation,${REPOSITORY_ROOT}/reports/hsv2_genome_wide_exhaustive/genome_wide_candidates_post_human.csv
VST-1d1284837f4da8f5,VST-0bf1ec26dd4e63a9,UL10,UL52,,,1.0,0.8989106472920501,multi_target_hypothesis,two separate target sites; not one physical deletion; requires independent validation,${REPOSITORY_ROOT}/reports/hsv2_genome_wide_exhaustive/genome_wide_candidates_post_human.csv
VST-1d1284837f4da8f5,VST-1a03de7ffb16fbb6,UL10,UL15,,,1.0,0.8989106472920501,multi_target_hypothesis,two separate target sites; not one physical deletion; requires independent validation,${REPOSITORY_ROOT}/reports/hsv2_genome_wide_exhaustive/genome_wide_candidates_post_human.csv
VST-1d1284837f4da8f5,VST-2197f2e713f87ca5,UL10,UL52,,,1.0,0.8989106472920501,multi_target_hypothesis,two separate target sites; not one physical deletion; requires independent validation,${REPOSITORY_ROOT}/reports/hsv2_genome_wide_exhaustive/genome_wide_candidates_post_human.csv
VST-1d1284837f4da8f5,VST-240e20eb666f9c85,UL10,UL30,,,1.0,0.8989106472920501,multi_target_hypothesis,two separate target sites; not one physical deletion; requires independent validation,${REPOSITORY_ROOT}/reports/hsv2_genome_wide_exhaustive/genome_wide_candidates_post_human.csv
VST-1d1284837f4da8f5,VST-39b8e81a7d803f8e,UL10,UL50,,,1.0,0.8989106472920501,multi_target_hypothesis,two separate target sites; not one physical deletion; requires independent validation,${REPOSITORY_ROOT}/reports/hsv2_genome_wide_exhaustive/genome_wide_candidates_post_human.csv
VST-1d1284837f4da8f5,VST-3a05e8146637b989,UL10,UL52,,,1.0,0.8989106472920501,multi_target_hypothesis,two separate target sites; not one physical deletion; requires independent validation,${REPOSITORY_ROOT}/reports/hsv2_genome_wide_exhaustive/genome_wide_candidates_post_human.csv
VST-1d1284837f4da8f5,VST-4bf9338dda42cbed,UL10,UL15,,,1.0,0.8989106472920501,multi_target_hypothesis,two separate target sites; not one physical deletion; requires independent validation,${REPOSITORY_ROOT}/reports/hsv2_genome_wide_exhaustive/genome_wide_candidates_post_human.csv
VST-1d1284837f4da8f5,VST-54b5914e21a1a192,UL10,UL15,,,1.0,0.8989106472920501,multi_target_hypothesis,two separate target sites; not one physical deletion; requires independent validation,${REPOSITORY_ROOT}/reports/hsv2_genome_wide_exhaustive/genome_wide_candidates_post_human.csv
VST-1d1284837f4da8f5,VST-56d60db41fb4e4e1,UL10,UL30,,,1.0,0.8989106472920501,multi_target_hypothesis,two separate target sites; not one physical deletion; requires independent validation,${REPOSITORY_ROOT}/reports/hsv2_genome_wide_exhaustive/genome_wide_candidates_post_human.csv
VST-1d1284837f4da8f5,VST-5b0c902d0b27748e,UL10,UL47,,,1.0,0.8989106472920501,multi_target_hypothesis,two separate target sites; not one physical deletion; requires independent validation,${REPOSITORY_ROOT}/reports/hsv2_genome_wide_exhaustive/genome_wide_candidates_post_human.csv
VST-1d1284837f4da8f5,VST-5b0c902d0b27748e,UL10,UL46,,,1.0,0.8989106472920501,multi_target_hypothesis,two separate target sites; not one physical deletion; requires independent validation,${REPOSITORY_ROOT}/reports/hsv2_genome_wide_exhaustive/genome_wide_candidates_post_human.csv
VST-1d1284837f4da8f5,VST-60775d923bdf2965,UL10,UL33,,,1.0,0.8989106472920501,multi_target_hypothesis,two separate target sites; not one physical deletion; requires independent validation,${REPOSITORY_ROOT}/reports/hsv2_genome_wide_exhaustive/genome_wide_candidates_post_human.csv
VST-1d1284837f4da8f5,VST-673e398e74fcf10b,UL10,UL47,,,1.0,0.8989106472920501,multi_target_hypothesis,two separate target sites; not one physical deletion; requires independent validation,${REPOSITORY_ROOT}/reports/hsv2_genome_wide_exhaustive/genome_wide_candidates_post_human.csv
VST-1d1284837f4da8f5,VST-7f7b6e25497fc40b,UL10,UL46,,,1.0,0.8989106472920501,multi_target_hypothesis,two separate target sites; not one physical deletion; requires independent validation,${REPOSITORY_ROOT}/reports/hsv2_genome_wide_exhaustive/genome_wide_candidates_post_human.csv
VST-1d1284837f4da8f5,VST-9d3cc3fbfd32544e,UL10,UL30,,,1.0,0.8989106472920501,multi_target_hypothesis,two separate target sites; not one physical deletion; requires independent validation,${REPOSITORY_ROOT}/reports/hsv2_genome_wide_exhaustive/genome_wide_candidates_post_human.csv
VST-1d1284837f4da8f5,VST-b3c226e1dbf82116,UL10,UL11,,,1.0,0.8989106472920501,multi_target_hypothesis,two separate target sites; not one physical deletion; requires independent validation,${REPOSITORY_ROOT}/reports/hsv2_genome_wide_exhaustive/genome_wide_candidates_post_human.csv
VST-1d1284837f4da8f5,VST-e16166bf204a5e53,UL10,UL11,,,1.0,0.8989106472920501,multi_target_hypothesis,two separate target sites; not one physical deletion; requires independent validation,${REPOSITORY_ROOT}/reports/hsv2_genome_wide_exhaustive/genome_wide_candidates_post_human.csv
VST-2197f2e713f87ca5,VST-12b9f79552b46501,UL52,UL50,,,1.0,0.8989106472920501,multi_target_hypothesis,two separate target sites; not one physical deletion; requires independent validation,${REPOSITORY_ROOT}/reports/hsv2_genome_wide_exhaustive/genome_wide_candidates_post_human.csv
VST-2197f2e713f87ca5,VST-600cfa63d24df854,UL52,UL11,,,1.0,0.8989106472920501,multi_target_hypothesis,two separate target sites; not one physical deletion; requires independent validation,${REPOSITORY_ROOT}/reports/hsv2_genome_wide_exhaustive/genome_wide_candidates_post_human.csv
VST-2b3568cdc187cc3a,VST-12b9f79552b46501,UL10,UL50,,,1.0,0.8989106472920501,multi_target_hypothesis,two separate target sites; not one physical deletion; requires independent validation,${REPOSITORY_ROOT}/reports/hsv2_genome_wide_exhaustive/genome_wide_candidates_post_human.csv
VST-2b3568cdc187cc3a,VST-600cfa63d24df854,UL10,UL11,,,1.0,0.8989106472920501,multi_target_hypothesis,two separate target sites; not one physical deletion; requires independent validation,${REPOSITORY_ROOT}/reports/hsv2_genome_wide_exhaustive/genome_wide_candidates_post_human.csv
VST-3a05e8146637b989,VST-12b9f79552b46501,UL52,UL50,,,1.0,0.8989106472920501,multi_target_hypothesis,two separate target sites; not one physical deletion; requires independent validation,${REPOSITORY_ROOT}/reports/hsv2_genome_wide_exhaustive/genome_wide_candidates_post_human.csv
VST-3a05e8146637b989,VST-600cfa63d24df854,UL52,UL11,,,1.0,0.8989106472920501,multi_target_hypothesis,two separate target sites; not one physical deletion; requires independent validation,${REPOSITORY_ROOT}/reports/hsv2_genome_wide_exhaustive/genome_wide_candidates_post_human.csv
VST-49e236e977152335,VST-12b9f79552b46501,UL3,UL50,,,1.0,0.8989106472920501,multi_target_hypothesis,two separate target sites; not one physical deletion; requires independent validation,${REPOSITORY_ROOT}/reports/hsv2_genome_wide_exhaustive/genome_wide_candidates_post_human.csv
VST-49e236e977152335,VST-1d1284837f4da8f5,UL3,UL10,,,1.0,0.8989106472920501,multi_target_hypothesis,two separate target sites; not one physical deletion; requires independent validation,${REPOSITORY_ROOT}/reports/hsv2_genome_wide_exhaustive/genome_wide_candidates_post_human.csv
VST-49e236e977152335,VST-600cfa63d24df854,UL3,UL11,,,1.0,0.8989106472920501,multi_target_hypothesis,two separate target sites; not one physical deletion; requires independent validation,${REPOSITORY_ROOT}/reports/hsv2_genome_wide_exhaustive/genome_wide_candidates_post_human.csv
VST-5b0c902d0b27748e,VST-12b9f79552b46501,UL47,UL50,,,1.0,0.8989106472920501,multi_target_hypothesis,two separate target sites; not one physical deletion; requires independent validation,${REPOSITORY_ROOT}/reports/hsv2_genome_wide_exhaustive/genome_wide_candidates_post_human.csv
VST-5b0c902d0b27748e,VST-600cfa63d24df854,UL47,UL11,,,1.0,0.8989106472920501,multi_target_hypothesis,two separate target sites; not one physical deletion; requires independent validation,${REPOSITORY_ROOT}/reports/hsv2_genome_wide_exhaustive/genome_wide_candidates_post_human.csv
VST-600cfa63d24df854,VST-1a03de7ffb16fbb6,UL11,UL15,,,1.0,0.8989106472920501,multi_target_hypothesis,two separate target sites; not one physical deletion; requires independent validation,${REPOSITORY_ROOT}/reports/hsv2_genome_wide_exhaustive/genome_wide_candidates_post_human.csv
VST-600cfa63d24df854,VST-240e20eb666f9c85,UL11,UL30,,,1.0,0.8989106472920501,multi_target_hypothesis,two separate target sites; not one physical deletion; requires independent validation,${REPOSITORY_ROOT}/reports/hsv2_genome_wide_exhaustive/genome_wide_candidates_post_human.csv
VST-600cfa63d24df854,VST-39b8e81a7d803f8e,UL11,UL50,,,1.0,0.8989106472920501,multi_target_hypothesis,two separate target sites; not one physical deletion; requires independent validation,${REPOSITORY_ROOT}/reports/hsv2_genome_wide_exhaustive/genome_wide_candidates_post_human.csv
VST-600cfa63d24df854,VST-4bf9338dda42cbed,UL11,UL15,,,1.0,0.8989106472920501,multi_target_hypothesis,two separate target sites; not one physical deletion; requires independent validation,${REPOSITORY_ROOT}/reports/hsv2_genome_wide_exhaustive/genome_wide_candidates_post_human.csv
VST-600cfa63d24df854,VST-54b5914e21a1a192,UL11,UL15,,,1.0,0.8989106472920501,multi_target_hypothesis,two separate target sites; not one physical deletion; requires independent validation,${REPOSITORY_ROOT}/reports/hsv2_genome_wide_exhaustive/genome_wide_candidates_post_human.csv
VST-600cfa63d24df854,VST-56d60db41fb4e4e1,UL11,UL30,,,1.0,0.8989106472920501,multi_target_hypothesis,two separate target sites; not one physical deletion; requires independent validation,${REPOSITORY_ROOT}/reports/hsv2_genome_wide_exhaustive/genome_wide_candidates_post_human.csv
VST-600cfa63d24df854,VST-5b0c902d0b27748e,UL11,UL46,,,1.0,0.8989106472920501,multi_target_hypothesis,two separate target sites; not one physical deletion; requires independent validation,${REPOSITORY_ROOT}/reports/hsv2_genome_wide_exhaustive/genome_wide_candidates_post_human.csv
VST-600cfa63d24df854,VST-60775d923bdf2965,UL11,UL33,,,1.0,0.8989106472920501,multi_target_hypothesis,two separate target sites; not one physical deletion; requires independent validation,${REPOSITORY_ROOT}/reports/hsv2_genome_wide_exhaustive/genome_wide_candidates_post_human.csv
VST-600cfa63d24df854,VST-7f7b6e25497fc40b,UL11,UL46,,,1.0,0.8989106472920501,multi_target_hypothesis,two separate target sites; not one physical deletion; requires independent validation,${REPOSITORY_ROOT}/reports/hsv2_genome_wide_exhaustive/genome_wide_candidates_post_human.csv
VST-600cfa63d24df854,VST-9d3cc3fbfd32544e,UL11,UL30,,,1.0,0.8989106472920501,multi_target_hypothesis,two separate target sites; not one physical deletion; requires independent validation,${REPOSITORY_ROOT}/reports/hsv2_genome_wide_exhaustive/genome_wide_candidates_post_human.csv
VST-673e398e74fcf10b,VST-12b9f79552b46501,UL47,UL50,,,1.0,0.8989106472920501,multi_target_hypothesis,two separate target sites; not one physical deletion; requires independent validation,${REPOSITORY_ROOT}/reports/hsv2_genome_wide_exhaustive/genome_wide_candidates_post_human.csv
VST-673e398e74fcf10b,VST-600cfa63d24df854,UL47,UL11,,,1.0,0.8989106472920501,multi_target_hypothesis,two separate target sites; not one physical deletion; requires independent validation,${REPOSITORY_ROOT}/reports/hsv2_genome_wide_exhaustive/genome_wide_candidates_post_human.csv
VST-89884ea3f3df2232,VST-12b9f79552b46501,UL10,UL50,,,1.0,0.8989106472920501,multi_target_hypothesis,two separate target sites; not one physical deletion; requires independent validation,${REPOSITORY_ROOT}/reports/hsv2_genome_wide_exhaustive/genome_wide_candidates_post_human.csv
VST-89884ea3f3df2232,VST-600cfa63d24df854,UL10,UL11,,,1.0,0.8989106472920501,multi_target_hypothesis,two separate target sites; not one physical deletion; requires independent validation,${REPOSITORY_ROOT}/reports/hsv2_genome_wide_exhaustive/genome_wide_candidates_post_human.csv
VST-b3c226e1dbf82116,VST-12b9f79552b46501,UL11,UL50,,,1.0,0.8989106472920501,multi_target_hypothesis,two separate target sites; not one physical deletion; requires independent validation,${REPOSITORY_ROOT}/reports/hsv2_genome_wide_exhaustive/genome_wide_candidates_post_human.csv
VST-e16166bf204a5e53,VST-12b9f79552b46501,UL11,UL50,,,1.0,0.8989106472920501,multi_target_hypothesis,two separate target sites; not one physical deletion; requires independent validation,${REPOSITORY_ROOT}/reports/hsv2_genome_wide_exhaustive/genome_wide_candidates_post_human.csv
VST-0bf1ec26dd4e63a9,VST-1aa0d67c1728df8f,UL52,UL33,,,1.0,0.8986086786418174,multi_target_hypothesis,two separate target sites; not one physical deletion; requires independent validation,${REPOSITORY_ROOT}/reports/hsv2_genome_wide_exhaustive/genome_wide_candidates_post_human.csv
VST-0bf1ec26dd4e63a9,VST-29c7635dd5ccf48b,UL52,UL33,,,1.0,0.8986086786418174,multi_target_hypothesis,two separate target sites; not one physical deletion; requires independent validation,${REPOSITORY_ROOT}/reports/hsv2_genome_wide_exhaustive/genome_wide_candidates_post_human.csv
VST-0bf1ec26dd4e63a9,VST-3c43f917dee00628,UL52,UL50,,,1.0,0.8986086786418174,multi_target_hypothesis,two separate target sites; not one physical deletion; requires independent validation,${REPOSITORY_ROOT}/reports/hsv2_genome_wide_exhaustive/genome_wide_candidates_post_human.csv
VST-1aa0d67c1728df8f,VST-1a03de7ffb16fbb6,UL33,UL15,,,1.0,0.8986086786418174,multi_target_hypothesis,two separate target sites; not one physical deletion; requires independent validation,${REPOSITORY_ROOT}/reports/hsv2_genome_wide_exhaustive/genome_wide_candidates_post_human.csv
VST-1aa0d67c1728df8f,VST-240e20eb666f9c85,UL33,UL30,,,1.0,0.8986086786418174,multi_target_hypothesis,two separate target sites; not one physical deletion; requires independent validation,${REPOSITORY_ROOT}/reports/hsv2_genome_wide_exhaustive/genome_wide_candidates_post_human.csv
VST-1aa0d67c1728df8f,VST-4bf9338dda42cbed,UL33,UL15,,,1.0,0.8986086786418174,multi_target_hypothesis,two separate target sites; not one physical deletion; requires independent validation,${REPOSITORY_ROOT}/reports/hsv2_genome_wide_exhaustive/genome_wide_candidates_post_human.csv
VST-1aa0d67c1728df8f,VST-54b5914e21a1a192,UL33,UL15,,,1.0,0.8986086786418174,multi_target_hypothesis,two separate target sites; not one physical deletion; requires independent validation,${REPOSITORY_ROOT}/reports/hsv2_genome_wide_exhaustive/genome_wide_candidates_post_human.csv
VST-1aa0d67c1728df8f,VST-56d60db41fb4e4e1,UL33,UL30,,,1.0,0.8986086786418174,multi_target_hypothesis,two separate target sites; not one physical deletion; requires independent validation,${REPOSITORY_ROOT}/reports/hsv2_genome_wide_exhaustive/genome_wide_candidates_post_human.csv
VST-1aa0d67c1728df8f,VST-5b0c902d0b27748e,UL33,UL46,,,1.0,0.8986086786418174,multi_target_hypothesis,two separate target sites; not one physical deletion; requires independent validation,${REPOSITORY_ROOT}/reports/hsv2_genome_wide_exhaustive/genome_wide_candidates_post_human.csv
VST-1aa0d67c1728df8f,VST-7f7b6e25497fc40b,UL33,UL46,,,1.0,0.8986086786418174,multi_target_hypothesis,two separate target sites; not one physical deletion; requires independent validation,${REPOSITORY_ROOT}/reports/hsv2_genome_wide_exhaustive/genome_wide_candidates_post_human.csv
VST-1aa0d67c1728df8f,VST-9d3cc3fbfd32544e,UL33,UL30,,,1.0,0.8986086786418174,multi_target_hypothesis,two separate target sites; not one physical deletion; requires independent validation,${REPOSITORY_ROOT}/reports/hsv2_genome_wide_exhaustive/genome_wide_candidates_post_human.csv
VST-1ab6bcde24624e54,VST-1aa0d67c1728df8f,UL3,UL33,,,1.0,0.8986086786418174,multi_target_hypothesis,two separate target sites; not one physical deletion; requires independent validation,${REPOSITORY_ROOT}/reports/hsv2_genome_wide_exhaustive/genome_wide_candidates_post_human.csv
VST-1ab6bcde24624e54,VST-29c7635dd5ccf48b,UL3,UL33,,,1.0,0.8986086786418174,multi_target_hypothesis,two separate target sites; not one physical deletion; requires independent validation,${REPOSITORY_ROOT}/reports/hsv2_genome_wide_exhaustive/genome_wide_candidates_post_human.csv
VST-1ab6bcde24624e54,VST-3c43f917dee00628,UL3,UL50,,,1.0,0.8986086786418174,multi_target_hypothesis,two separate target sites; not one physical deletion; requires independent validation,${REPOSITORY_ROOT}/reports/hsv2_genome_wide_exhaustive/genome_wide_candidates_post_human.csv
VST-2197f2e713f87ca5,VST-1aa0d67c1728df8f,UL52,UL33,,,1.0,0.8986086786418174,multi_target_hypothesis,two separate target sites; not one physical deletion; requires independent validation,${REPOSITORY_ROOT}/reports/hsv2_genome_wide_exhaustive/genome_wide_candidates_post_human.csv
VST-2197f2e713f87ca5,VST-29c7635dd5ccf48b,UL52,UL33,,,1.0,0.8986086786418174,multi_target_hypothesis,two separate target sites; not one physical deletion; requires independent validation,${REPOSITORY_ROOT}/reports/hsv2_genome_wide_exhaustive/genome_wide_candidates_post_human.csv
VST-2197f2e713f87ca5,VST-3c43f917dee00628,UL52,UL50,,,1.0,0.8986086786418174,multi_target_hypothesis,two separate target sites; not one physical deletion; requires independent validation,${REPOSITORY_ROOT}/reports/hsv2_genome_wide_exhaustive/genome_wide_candidates_post_human.csv
VST-29c7635dd5ccf48b,VST-1a03de7ffb16fbb6,UL33,UL15,,,1.0,0.8986086786418174,multi_target_hypothesis,two separate target sites; not one physical deletion; requires independent validation,${REPOSITORY_ROOT}/reports/hsv2_genome_wide_exhaustive/genome_wide_candidates_post_human.csv
VST-29c7635dd5ccf48b,VST-240e20eb666f9c85,UL33,UL30,,,1.0,0.8986086786418174,multi_target_hypothesis,two separate target sites; not one physical deletion; requires independent validation,${REPOSITORY_ROOT}/reports/hsv2_genome_wide_exhaustive/genome_wide_candidates_post_human.csv
VST-29c7635dd5ccf48b,VST-4bf9338dda42cbed,UL33,UL15,,,1.0,0.8986086786418174,multi_target_hypothesis,two separate target sites; not one physical deletion; requires independent validation,${REPOSITORY_ROOT}/reports/hsv2_genome_wide_exhaustive/genome_wide_candidates_post_human.csv
VST-29c7635dd5ccf48b,VST-54b5914e21a1a192,UL33,UL15,,,1.0,0.8986086786418174,multi_target_hypothesis,two separate target sites; not one physical deletion; requires independent validation,${REPOSITORY_ROOT}/reports/hsv2_genome_wide_exhaustive/genome_wide_candidates_post_human.csv
VST-29c7635dd5ccf48b,VST-56d60db41fb4e4e1,UL33,UL30,,,1.0,0.8986086786418174,multi_target_hypothesis,two separate target sites; not one physical deletion; requires independent validation,${REPOSITORY_ROOT}/reports/hsv2_genome_wide_exhaustive/genome_wide_candidates_post_human.csv
VST-29c7635dd5ccf48b,VST-5b0c902d0b27748e,UL33,UL46,,,1.0,0.8986086786418174,multi_target_hypothesis,two separate target sites; not one physical deletion; requires independent validation,${REPOSITORY_ROOT}/reports/hsv2_genome_wide_exhaustive/genome_wide_candidates_post_human.csv
VST-29c7635dd5ccf48b,VST-7f7b6e25497fc40b,UL33,UL46,,,1.0,0.8986086786418174,multi_target_hypothesis,two separate target sites; not one physical deletion; requires independent validation,${REPOSITORY_ROOT}/reports/hsv2_genome_wide_exhaustive/genome_wide_candidates_post_human.csv
VST-29c7635dd5ccf48b,VST-9d3cc3fbfd32544e,UL33,UL30,,,1.0,0.8986086786418174,multi_target_hypothesis,two separate target sites; not one physical deletion; requires independent validation,${REPOSITORY_ROOT}/reports/hsv2_genome_wide_exhaustive/genome_wide_candidates_post_human.csv
VST-2b3568cdc187cc3a,VST-1aa0d67c1728df8f,UL10,UL33,,,1.0,0.8986086786418174,multi_target_hypothesis,two separate target sites; not one physical deletion; requires independent validation,${REPOSITORY_ROOT}/reports/hsv2_genome_wide_exhaustive/genome_wide_candidates_post_human.csv
VST-2b3568cdc187cc3a,VST-29c7635dd5ccf48b,UL10,UL33,,,1.0,0.8986086786418174,multi_target_hypothesis,two separate target sites; not one physical deletion; requires independent validation,${REPOSITORY_ROOT}/reports/hsv2_genome_wide_exhaustive/genome_wide_candidates_post_human.csv
VST-2b3568cdc187cc3a,VST-3c43f917dee00628,UL10,UL50,,,1.0,0.8986086786418174,multi_target_hypothesis,two separate target sites; not one physical deletion; requires independent validation,${REPOSITORY_ROOT}/reports/hsv2_genome_wide_exhaustive/genome_wide_candidates_post_human.csv
VST-39b8e81a7d803f8e,VST-1aa0d67c1728df8f,UL50,UL33,,,1.0,0.8986086786418174,multi_target_hypothesis,two separate target sites; not one physical deletion; requires independent validation,${REPOSITORY_ROOT}/reports/hsv2_genome_wide_exhaustive/genome_wide_candidates_post_human.csv
VST-39b8e81a7d803f8e,VST-29c7635dd5ccf48b,UL50,UL33,,,1.0,0.8986086786418174,multi_target_hypothesis,two separate target sites; not one physical deletion; requires independent validation,${REPOSITORY_ROOT}/reports/hsv2_genome_wide_exhaustive/genome_wide_candidates_post_human.csv
VST-3a05e8146637b989,VST-1aa0d67c1728df8f,UL52,UL33,,,1.0,0.8986086786418174,multi_target_hypothesis,two separate target sites; not one physical deletion; requires independent validation,${REPOSITORY_ROOT}/reports/hsv2_genome_wide_exhaustive/genome_wide_candidates_post_human.csv
VST-3a05e8146637b989,VST-29c7635dd5ccf48b,UL52,UL33,,,1.0,0.8986086786418174,multi_target_hypothesis,two separate target sites; not one physical deletion; requires independent validation,${REPOSITORY_ROOT}/reports/hsv2_genome_wide_exhaustive/genome_wide_candidates_post_human.csv
VST-3a05e8146637b989,VST-3c43f917dee00628,UL52,UL50,,,1.0,0.8986086786418174,multi_target_hypothesis,two separate target sites; not one physical deletion; requires independent validation,${REPOSITORY_ROOT}/reports/hsv2_genome_wide_exhaustive/genome_wide_candidates_post_human.csv
VST-3c43f917dee00628,VST-1a03de7ffb16fbb6,UL50,UL15,,,1.0,0.8986086786418174,multi_target_hypothesis,two separate target sites; not one physical deletion; requires independent validation,${REPOSITORY_ROOT}/reports/hsv2_genome_wide_exhaustive/genome_wide_candidates_post_human.csv
VST-3c43f917dee00628,VST-240e20eb666f9c85,UL50,UL30,,,1.0,0.8986086786418174,multi_target_hypothesis,two separate target sites; not one physical deletion; requires independent validation,${REPOSITORY_ROOT}/reports/hsv2_genome_wide_exhaustive/genome_wide_candidates_post_human.csv
VST-3c43f917dee00628,VST-4bf9338dda42cbed,UL50,UL15,,,1.0,0.8986086786418174,multi_target_hypothesis,two separate target sites; not one physical deletion; requires independent validation,${REPOSITORY_ROOT}/reports/hsv2_genome_wide_exhaustive/genome_wide_candidates_post_human.csv
VST-3c43f917dee00628,VST-54b5914e21a1a192,UL50,UL15,,,1.0,0.8986086786418174,multi_target_hypothesis,two separate target sites; not one physical deletion; requires independent validation,${REPOSITORY_ROOT}/reports/hsv2_genome_wide_exhaustive/genome_wide_candidates_post_human.csv
VST-3c43f917dee00628,VST-56d60db41fb4e4e1,UL50,UL30,,,1.0,0.8986086786418174,multi_target_hypothesis,two separate target sites; not one physical deletion; requires independent validation,${REPOSITORY_ROOT}/reports/hsv2_genome_wide_exhaustive/genome_wide_candidates_post_human.csv
VST-3c43f917dee00628,VST-5b0c902d0b27748e,UL50,UL46,,,1.0,0.8986086786418174,multi_target_hypothesis,two separate target sites; not one physical deletion; requires independent validation,${REPOSITORY_ROOT}/reports/hsv2_genome_wide_exhaustive/genome_wide_candidates_post_human.csv
VST-3c43f917dee00628,VST-60775d923bdf2965,UL50,UL33,,,1.0,0.8986086786418174,multi_target_hypothesis,two separate target sites; not one physical deletion; requires independent validation,${REPOSITORY_ROOT}/reports/hsv2_genome_wide_exhaustive/genome_wide_candidates_post_human.csv
VST-3c43f917dee00628,VST-7f7b6e25497fc40b,UL50,UL46,,,1.0,0.8986086786418174,multi_target_hypothesis,two separate target sites; not one physical deletion; requires independent validation,${REPOSITORY_ROOT}/reports/hsv2_genome_wide_exhaustive/genome_wide_candidates_post_human.csv
VST-3c43f917dee00628,VST-9d3cc3fbfd32544e,UL50,UL30,,,1.0,0.8986086786418174,multi_target_hypothesis,two separate target sites; not one physical deletion; requires independent validation,${REPOSITORY_ROOT}/reports/hsv2_genome_wide_exhaustive/genome_wide_candidates_post_human.csv
VST-49e236e977152335,VST-1aa0d67c1728df8f,UL3,UL33,,,1.0,0.8986086786418174,multi_target_hypothesis,two separate target sites; not one physical deletion; requires independent validation,${REPOSITORY_ROOT}/reports/hsv2_genome_wide_exhaustive/genome_wide_candidates_post_human.csv
VST-49e236e977152335,VST-29c7635dd5ccf48b,UL3,UL33,,,1.0,0.8986086786418174,multi_target_hypothesis,two separate target sites; not one physical deletion; requires independent validation,${REPOSITORY_ROOT}/reports/hsv2_genome_wide_exhaustive/genome_wide_candidates_post_human.csv
VST-49e236e977152335,VST-3c43f917dee00628,UL3,UL50,,,1.0,0.8986086786418174,multi_target_hypothesis,two separate target sites; not one physical deletion; requires independent validation,${REPOSITORY_ROOT}/reports/hsv2_genome_wide_exhaustive/genome_wide_candidates_post_human.csv
VST-5b0c902d0b27748e,VST-1aa0d67c1728df8f,UL47,UL33,,,1.0,0.8986086786418174,multi_target_hypothesis,two separate target sites; not one physical deletion; requires independent validation,${REPOSITORY_ROOT}/reports/hsv2_genome_wide_exhaustive/genome_wide_candidates_post_human.csv
VST-5b0c902d0b27748e,VST-29c7635dd5ccf48b,UL47,UL33,,,1.0,0.8986086786418174,multi_target_hypothesis,two separate target sites; not one physical deletion; requires independent validation,${REPOSITORY_ROOT}/reports/hsv2_genome_wide_exhaustive/genome_wide_candidates_post_human.csv
VST-5b0c902d0b27748e,VST-3c43f917dee00628,UL47,UL50,,,1.0,0.8986086786418174,multi_target_hypothesis,two separate target sites; not one physical deletion; requires independent validation,${REPOSITORY_ROOT}/reports/hsv2_genome_wide_exhaustive/genome_wide_candidates_post_human.csv
VST-673e398e74fcf10b,VST-1aa0d67c1728df8f,UL47,UL33,,,1.0,0.8986086786418174,multi_target_hypothesis,two separate target sites; not one physical deletion; requires independent validation,${REPOSITORY_ROOT}/reports/hsv2_genome_wide_exhaustive/genome_wide_candidates_post_human.csv
VST-673e398e74fcf10b,VST-29c7635dd5ccf48b,UL47,UL33,,,1.0,0.8986086786418174,multi_target_hypothesis,two separate target sites; not one physical deletion; requires independent validation,${REPOSITORY_ROOT}/reports/hsv2_genome_wide_exhaustive/genome_wide_candidates_post_human.csv
VST-673e398e74fcf10b,VST-3c43f917dee00628,UL47,UL50,,,1.0,0.8986086786418174,multi_target_hypothesis,two separate target sites; not one physical deletion; requires independent validation,${REPOSITORY_ROOT}/reports/hsv2_genome_wide_exhaustive/genome_wide_candidates_post_human.csv
VST-89884ea3f3df2232,VST-1aa0d67c1728df8f,UL10,UL33,,,1.0,0.8986086786418174,multi_target_hypothesis,two separate target sites; not one physical deletion; requires independent validation,${REPOSITORY_ROOT}/reports/hsv2_genome_wide_exhaustive/genome_wide_candidates_post_human.csv
VST-89884ea3f3df2232,VST-29c7635dd5ccf48b,UL10,UL33,,,1.0,0.8986086786418174,multi_target_hypothesis,two separate target sites; not one physical deletion; requires independent validation,${REPOSITORY_ROOT}/reports/hsv2_genome_wide_exhaustive/genome_wide_candidates_post_human.csv
VST-89884ea3f3df2232,VST-3c43f917dee00628,UL10,UL50,,,1.0,0.8986086786418174,multi_target_hypothesis,two separate target sites; not one physical deletion; requires independent validation,${REPOSITORY_ROOT}/reports/hsv2_genome_wide_exhaustive/genome_wide_candidates_post_human.csv
VST-b3c226e1dbf82116,VST-1aa0d67c1728df8f,UL11,UL33,,,1.0,0.8986086786418174,multi_target_hypothesis,two separate target sites; not one physical deletion; requires independent validation,${REPOSITORY_ROOT}/reports/hsv2_genome_wide_exhaustive/genome_wide_candidates_post_human.csv
VST-b3c226e1dbf82116,VST-29c7635dd5ccf48b,UL11,UL33,,,1.0,0.8986086786418174,multi_target_hypothesis,two separate target sites; not one physical deletion; requires independent validation,${REPOSITORY_ROOT}/reports/hsv2_genome_wide_exhaustive/genome_wide_candidates_post_human.csv
VST-b3c226e1dbf82116,VST-3c43f917dee00628,UL11,UL50,,,1.0,0.8986086786418174,multi_target_hypothesis,two separate target sites; not one physical deletion; requires independent validation,${REPOSITORY_ROOT}/reports/hsv2_genome_wide_exhaustive/genome_wide_candidates_post_human.csv
VST-e16166bf204a5e53,VST-1aa0d67c1728df8f,UL11,UL33,,,1.0,0.8986086786418174,multi_target_hypothesis,two separate target sites; not one physical deletion; requires independent validation,${REPOSITORY_ROOT}/reports/hsv2_genome_wide_exhaustive/genome_wide_candidates_post_human.csv
VST-e16166bf204a5e53,VST-29c7635dd5ccf48b,UL11,UL33,,,1.0,0.8986086786418174,multi_target_hypothesis,two separate target sites; not one physical deletion; requires independent validation,${REPOSITORY_ROOT}/reports/hsv2_genome_wide_exhaustive/genome_wide_candidates_post_human.csv
VST-e16166bf204a5e53,VST-3c43f917dee00628,UL11,UL50,,,1.0,0.8986086786418174,multi_target_hypothesis,two separate target sites; not one physical deletion; requires independent validation,${REPOSITORY_ROOT}/reports/hsv2_genome_wide_exhaustive/genome_wide_candidates_post_human.csv
VST-1d1284837f4da8f5,VST-12b9f79552b46501,UL10,UL50,,,1.0,0.8985475297227333,multi_target_hypothesis,two separate target sites; not one physical deletion; requires independent validation,${REPOSITORY_ROOT}/reports/hsv2_genome_wide_exhaustive/genome_wide_candidates_post_human.csv
VST-1d1284837f4da8f5,VST-600cfa63d24df854,UL10,UL11,,,1.0,0.8985475297227333,multi_target_hypothesis,two separate target sites; not one physical deletion; requires independent validation,${REPOSITORY_ROOT}/reports/hsv2_genome_wide_exhaustive/genome_wide_candidates_post_human.csv
VST-600cfa63d24df854,VST-12b9f79552b46501,UL11,UL50,,,1.0,0.8985475297227333,multi_target_hypothesis,two separate target sites; not one physical deletion; requires independent validation,${REPOSITORY_ROOT}/reports/hsv2_genome_wide_exhaustive/genome_wide_candidates_post_human.csv
VST-12b9f79552b46501,VST-1aa0d67c1728df8f,UL50,UL33,,,1.0,0.8982455610725006,multi_target_hypothesis,two separate target sites; not one physical deletion; requires independent validation,${REPOSITORY_ROOT}/reports/hsv2_genome_wide_exhaustive/genome_wide_candidates_post_human.csv
VST-12b9f79552b46501,VST-29c7635dd5ccf48b,UL50,UL33,,,1.0,0.8982455610725006,multi_target_hypothesis,two separate target sites; not one physical deletion; requires independent validation,${REPOSITORY_ROOT}/reports/hsv2_genome_wide_exhaustive/genome_wide_candidates_post_human.csv
VST-1d1284837f4da8f5,VST-1aa0d67c1728df8f,UL10,UL33,,,1.0,0.8982455610725006,multi_target_hypothesis,two separate target sites; not one physical deletion; requires independent validation,${REPOSITORY_ROOT}/reports/hsv2_genome_wide_exhaustive/genome_wide_candidates_post_human.csv
VST-1d1284837f4da8f5,VST-29c7635dd5ccf48b,UL10,UL33,,,1.0,0.8982455610725006,multi_target_hypothesis,two separate target sites; not one physical deletion; requires independent validation,${REPOSITORY_ROOT}/reports/hsv2_genome_wide_exhaustive/genome_wide_candidates_post_human.csv
VST-1d1284837f4da8f5,VST-3c43f917dee00628,UL10,UL50,,,1.0,0.8982455610725006,multi_target_hypothesis,two separate target sites; not one physical deletion; requires independent validation,${REPOSITORY_ROOT}/reports/hsv2_genome_wide_exhaustive/genome_wide_candidates_post_human.csv
VST-600cfa63d24df854,VST-1aa0d67c1728df8f,UL11,UL33,,,1.0,0.8982455610725006,multi_target_hypothesis,two separate target sites; not one physical deletion; requires independent validation,${REPOSITORY_ROOT}/reports/hsv2_genome_wide_exhaustive/genome_wide_candidates_post_human.csv
VST-600cfa63d24df854,VST-29c7635dd5ccf48b,UL11,UL33,,,1.0,0.8982455610725006,multi_target_hypothesis,two separate target sites; not one physical deletion; requires independent validation,${REPOSITORY_ROOT}/reports/hsv2_genome_wide_exhaustive/genome_wide_candidates_post_human.csv
VST-600cfa63d24df854,VST-3c43f917dee00628,UL11,UL50,,,1.0,0.8982455610725006,multi_target_hypothesis,two separate target sites; not one physical deletion; requires independent validation,${REPOSITORY_ROOT}/reports/hsv2_genome_wide_exhaustive/genome_wide_candidates_post_human.csv
VST-3c43f917dee00628,VST-1aa0d67c1728df8f,UL50,UL33,,,1.0,0.897943592422268,multi_target_hypothesis,two separate target sites; not one physical deletion; requires independent validation,${REPOSITORY_ROOT}/reports/hsv2_genome_wide_exhaustive/genome_wide_candidates_post_human.csv
VST-3c43f917dee00628,VST-29c7635dd5ccf48b,UL50,UL33,,,1.0,0.897943592422268,multi_target_hypothesis,two separate target sites; not one physical deletion; requires independent validation,${REPOSITORY_ROOT}/reports/hsv2_genome_wide_exhaustive/genome_wide_candidates_post_human.csv
