candidate_a,candidate_b,gene_a,gene_b,distance_bp,deletion_length_bp,joint_strain_coverage,pair_score,hypothesis_type,limitations,pair_provenance
VST-5e4034e33559c37a,VST-1ab6bcde24624e54,UL3,UL3,63,63,1.0,0.8996368824306833,same_gene_deletion_hypothesis,theoretical cut-to-cut interval; requires independent and experimental validation,${REPOSITORY_ROOT}/reports/hsv2_genome_wide_exhaustive/genome_wide_candidates_post_human.csv
VST-5e4034e33559c37a,VST-49e236e977152335,UL3,UL3,159,159,1.0,0.8996368824306833,same_gene_deletion_hypothesis,theoretical cut-to-cut interval; requires independent and experimental validation,${REPOSITORY_ROOT}/reports/hsv2_genome_wide_exhaustive/genome_wide_candidates_post_human.csv
VST-5e4034e33559c37a,VST-4a5cae2eb79cff92,UL3,UL3,1,1,1.0,0.8996368824306833,same_gene_deletion_hypothesis,theoretical cut-to-cut interval; requires independent and experimental validation,${REPOSITORY_ROOT}/reports/hsv2_genome_wide_exhaustive/genome_wide_candidates_post_human.csv
VST-5e4034e33559c37a,VST-5d9176551b6dbdfd,UL3,UL3,2,2,1.0,0.8996368824306833,same_gene_deletion_hypothesis,theoretical cut-to-cut interval; requires independent and experimental validation,${REPOSITORY_ROOT}/reports/hsv2_genome_wide_exhaustive/genome_wide_candidates_post_human.csv
VST-5e4034e33559c37a,VST-7ac03d514962242a,UL3,UL3,257,257,1.0,0.8996368824306833,same_gene_deletion_hypothesis,theoretical cut-to-cut interval; requires independent and experimental validation,${REPOSITORY_ROOT}/reports/hsv2_genome_wide_exhaustive/genome_wide_candidates_post_human.csv
VST-5e4034e33559c37a,VST-ba561bf9733fcc67,UL3,UL3,19,19,1.0,0.8996368824306833,same_gene_deletion_hypothesis,theoretical cut-to-cut interval; requires independent and experimental validation,${REPOSITORY_ROOT}/reports/hsv2_genome_wide_exhaustive/genome_wide_candidates_post_human.csv
VST-5e4034e33559c37a,VST-ba5a29a851401a8e,UL3,UL3,33,33,1.0,0.8996368824306833,same_gene_deletion_hypothesis,theoretical cut-to-cut interval; requires independent and experimental validation,${REPOSITORY_ROOT}/reports/hsv2_genome_wide_exhaustive/genome_wide_candidates_post_human.csv
VST-9cd67af4bd66d50a,VST-5b0c902d0b27748e,UL47,UL47,1,1,1.0,0.8996368824306833,same_gene_deletion_hypothesis,theoretical cut-to-cut interval; requires independent and experimental validation,${REPOSITORY_ROOT}/reports/hsv2_genome_wide_exhaustive/genome_wide_candidates_post_human.csv
VST-9cd67af4bd66d50a,VST-5b0c902d0b27748e,UL46,UL46,1,1,1.0,0.8996368824306833,same_gene_deletion_hypothesis,theoretical cut-to-cut interval; requires independent and experimental validation,${REPOSITORY_ROOT}/reports/hsv2_genome_wide_exhaustive/genome_wide_candidates_post_human.csv
VST-9cd67af4bd66d50a,VST-673e398e74fcf10b,UL47,UL47,1685,1685,1.0,0.8996368824306833,same_gene_deletion_hypothesis,theoretical cut-to-cut interval; requires independent and experimental validation,${REPOSITORY_ROOT}/reports/hsv2_genome_wide_exhaustive/genome_wide_candidates_post_human.csv
VST-9cd67af4bd66d50a,VST-7a93331d0f1d0d9f,UL47,UL47,3284,3284,1.0,0.8996368824306833,same_gene_deletion_hypothesis,theoretical cut-to-cut interval; requires independent and experimental validation,${REPOSITORY_ROOT}/reports/hsv2_genome_wide_exhaustive/genome_wide_candidates_post_human.csv
VST-9cd67af4bd66d50a,VST-7f7b6e25497fc40b,UL47,UL47,312,312,1.0,0.8996368824306833,same_gene_deletion_hypothesis,theoretical cut-to-cut interval; requires independent and experimental validation,${REPOSITORY_ROOT}/reports/hsv2_genome_wide_exhaustive/genome_wide_candidates_post_human.csv
VST-9cd67af4bd66d50a,VST-7f7b6e25497fc40b,UL46,UL46,312,312,1.0,0.8996368824306833,same_gene_deletion_hypothesis,theoretical cut-to-cut interval; requires independent and experimental validation,${REPOSITORY_ROOT}/reports/hsv2_genome_wide_exhaustive/genome_wide_candidates_post_human.csv
VST-9cd67af4bd66d50a,VST-9d1d422650f0fd0f,UL47,UL47,15,15,1.0,0.8996368824306833,same_gene_deletion_hypothesis,theoretical cut-to-cut interval; requires independent and experimental validation,${REPOSITORY_ROOT}/reports/hsv2_genome_wide_exhaustive/genome_wide_candidates_post_human.csv
VST-9cd67af4bd66d50a,VST-9d1d422650f0fd0f,UL46,UL46,15,15,1.0,0.8996368824306833,same_gene_deletion_hypothesis,theoretical cut-to-cut interval; requires independent and experimental validation,${REPOSITORY_ROOT}/reports/hsv2_genome_wide_exhaustive/genome_wide_candidates_post_human.csv
VST-9cd67af4bd66d50a,VST-c9b45f692a7abf52,UL47,UL47,2153,2153,1.0,0.8996368824306833,same_gene_deletion_hypothesis,theoretical cut-to-cut interval; requires independent and experimental validation,${REPOSITORY_ROOT}/reports/hsv2_genome_wide_exhaustive/genome_wide_candidates_post_human.csv
VST-0bf1ec26dd4e63a9,VST-2197f2e713f87ca5,UL52,UL52,2750,2750,1.0,0.8992737648613667,same_gene_deletion_hypothesis,theoretical cut-to-cut interval; requires independent and experimental validation,${REPOSITORY_ROOT}/reports/hsv2_genome_wide_exhaustive/genome_wide_candidates_post_human.csv
VST-0bf1ec26dd4e63a9,VST-3a05e8146637b989,UL52,UL52,496,496,1.0,0.8992737648613667,same_gene_deletion_hypothesis,theoretical cut-to-cut interval; requires independent and experimental validation,${REPOSITORY_ROOT}/reports/hsv2_genome_wide_exhaustive/genome_wide_candidates_post_human.csv
VST-1a03de7ffb16fbb6,VST-4bf9338dda42cbed,UL15,UL15,1098,1098,1.0,0.8992737648613667,same_gene_deletion_hypothesis,theoretical cut-to-cut interval; requires independent and experimental validation,${REPOSITORY_ROOT}/reports/hsv2_genome_wide_exhaustive/genome_wide_candidates_post_human.csv
VST-1a03de7ffb16fbb6,VST-54b5914e21a1a192,UL15,UL15,631,631,1.0,0.8992737648613667,same_gene_deletion_hypothesis,theoretical cut-to-cut interval; requires independent and experimental validation,${REPOSITORY_ROOT}/reports/hsv2_genome_wide_exhaustive/genome_wide_candidates_post_human.csv
VST-1ab6bcde24624e54,VST-49e236e977152335,UL3,UL3,222,222,1.0,0.8992737648613667,same_gene_deletion_hypothesis,theoretical cut-to-cut interval; requires independent and experimental validation,${REPOSITORY_ROOT}/reports/hsv2_genome_wide_exhaustive/genome_wide_candidates_post_human.csv
VST-1ab6bcde24624e54,VST-4a5cae2eb79cff92,UL3,UL3,62,62,1.0,0.8992737648613667,same_gene_deletion_hypothesis,theoretical cut-to-cut interval; requires independent and experimental validation,${REPOSITORY_ROOT}/reports/hsv2_genome_wide_exhaustive/genome_wide_candidates_post_human.csv
VST-1ab6bcde24624e54,VST-5d9176551b6dbdfd,UL3,UL3,61,61,1.0,0.8992737648613667,same_gene_deletion_hypothesis,theoretical cut-to-cut interval; requires independent and experimental validation,${REPOSITORY_ROOT}/reports/hsv2_genome_wide_exhaustive/genome_wide_candidates_post_human.csv
VST-1ab6bcde24624e54,VST-7ac03d514962242a,UL3,UL3,194,194,1.0,0.8992737648613667,same_gene_deletion_hypothesis,theoretical cut-to-cut interval; requires independent and experimental validation,${REPOSITORY_ROOT}/reports/hsv2_genome_wide_exhaustive/genome_wide_candidates_post_human.csv
VST-1ab6bcde24624e54,VST-ba561bf9733fcc67,UL3,UL3,44,44,1.0,0.8992737648613667,same_gene_deletion_hypothesis,theoretical cut-to-cut interval; requires independent and experimental validation,${REPOSITORY_ROOT}/reports/hsv2_genome_wide_exhaustive/genome_wide_candidates_post_human.csv
VST-1ab6bcde24624e54,VST-ba5a29a851401a8e,UL3,UL3,30,30,1.0,0.8992737648613667,same_gene_deletion_hypothesis,theoretical cut-to-cut interval; requires independent and experimental validation,${REPOSITORY_ROOT}/reports/hsv2_genome_wide_exhaustive/genome_wide_candidates_post_human.csv
VST-2197f2e713f87ca5,VST-3a05e8146637b989,UL52,UL52,3246,3246,1.0,0.8992737648613667,same_gene_deletion_hypothesis,theoretical cut-to-cut interval; requires independent and experimental validation,${REPOSITORY_ROOT}/reports/hsv2_genome_wide_exhaustive/genome_wide_candidates_post_human.csv
VST-240e20eb666f9c85,VST-56d60db41fb4e4e1,UL30,UL30,2745,2745,1.0,0.8992737648613667,same_gene_deletion_hypothesis,theoretical cut-to-cut interval; requires independent and experimental validation,${REPOSITORY_ROOT}/reports/hsv2_genome_wide_exhaustive/genome_wide_candidates_post_human.csv
VST-240e20eb666f9c85,VST-9d3cc3fbfd32544e,UL30,UL30,839,839,1.0,0.8992737648613667,same_gene_deletion_hypothesis,theoretical cut-to-cut interval; requires independent and experimental validation,${REPOSITORY_ROOT}/reports/hsv2_genome_wide_exhaustive/genome_wide_candidates_post_human.csv
VST-240e20eb666f9c85,VST-9ed9c9a6c89a5969,UL30,UL30,3379,3379,1.0,0.8992737648613667,same_gene_deletion_hypothesis,theoretical cut-to-cut interval; requires independent and experimental validation,${REPOSITORY_ROOT}/reports/hsv2_genome_wide_exhaustive/genome_wide_candidates_post_human.csv
VST-240e20eb666f9c85,VST-af7933782e7be4af,UL30,UL30,303,303,1.0,0.8992737648613667,same_gene_deletion_hypothesis,theoretical cut-to-cut interval; requires independent and experimental validation,${REPOSITORY_ROOT}/reports/hsv2_genome_wide_exhaustive/genome_wide_candidates_post_human.csv
VST-2b3568cdc187cc3a,VST-89884ea3f3df2232,UL10,UL10,428,428,1.0,0.8992737648613667,same_gene_deletion_hypothesis,theoretical cut-to-cut interval; requires independent and experimental validation,${REPOSITORY_ROOT}/reports/hsv2_genome_wide_exhaustive/genome_wide_candidates_post_human.csv
VST-49e236e977152335,VST-4a5cae2eb79cff92,UL3,UL3,160,160,1.0,0.8992737648613667,same_gene_deletion_hypothesis,theoretical cut-to-cut interval; requires independent and experimental validation,${REPOSITORY_ROOT}/reports/hsv2_genome_wide_exhaustive/genome_wide_candidates_post_human.csv
VST-49e236e977152335,VST-5d9176551b6dbdfd,UL3,UL3,161,161,1.0,0.8992737648613667,same_gene_deletion_hypothesis,theoretical cut-to-cut interval; requires independent and experimental validation,${REPOSITORY_ROOT}/reports/hsv2_genome_wide_exhaustive/genome_wide_candidates_post_human.csv
VST-49e236e977152335,VST-7ac03d514962242a,UL3,UL3,416,416,1.0,0.8992737648613667,same_gene_deletion_hypothesis,theoretical cut-to-cut interval; requires independent and experimental validation,${REPOSITORY_ROOT}/reports/hsv2_genome_wide_exhaustive/genome_wide_candidates_post_human.csv
VST-49e236e977152335,VST-ba561bf9733fcc67,UL3,UL3,178,178,1.0,0.8992737648613667,same_gene_deletion_hypothesis,theoretical cut-to-cut interval; requires independent and experimental validation,${REPOSITORY_ROOT}/reports/hsv2_genome_wide_exhaustive/genome_wide_candidates_post_human.csv
VST-49e236e977152335,VST-ba5a29a851401a8e,UL3,UL3,192,192,1.0,0.8992737648613667,same_gene_deletion_hypothesis,theoretical cut-to-cut interval; requires independent and experimental validation,${REPOSITORY_ROOT}/reports/hsv2_genome_wide_exhaustive/genome_wide_candidates_post_human.csv
VST-4a5cae2eb79cff92,VST-5d9176551b6dbdfd,UL3,UL3,1,1,1.0,0.8992737648613667,same_gene_deletion_hypothesis,theoretical cut-to-cut interval; requires independent and experimental validation,${REPOSITORY_ROOT}/reports/hsv2_genome_wide_exhaustive/genome_wide_candidates_post_human.csv
VST-4a5cae2eb79cff92,VST-7ac03d514962242a,UL3,UL3,256,256,1.0,0.8992737648613667,same_gene_deletion_hypothesis,theoretical cut-to-cut interval; requires independent and experimental validation,${REPOSITORY_ROOT}/reports/hsv2_genome_wide_exhaustive/genome_wide_candidates_post_human.csv
VST-4a5cae2eb79cff92,VST-ba561bf9733fcc67,UL3,UL3,18,18,1.0,0.8992737648613667,same_gene_deletion_hypothesis,theoretical cut-to-cut interval; requires independent and experimental validation,${REPOSITORY_ROOT}/reports/hsv2_genome_wide_exhaustive/genome_wide_candidates_post_human.csv
VST-4a5cae2eb79cff92,VST-ba5a29a851401a8e,UL3,UL3,32,32,1.0,0.8992737648613667,same_gene_deletion_hypothesis,theoretical cut-to-cut interval; requires independent and experimental validation,${REPOSITORY_ROOT}/reports/hsv2_genome_wide_exhaustive/genome_wide_candidates_post_human.csv
VST-4bf9338dda42cbed,VST-54b5914e21a1a192,UL15,UL15,1729,1729,1.0,0.8992737648613667,same_gene_deletion_hypothesis,theoretical cut-to-cut interval; requires independent and experimental validation,${REPOSITORY_ROOT}/reports/hsv2_genome_wide_exhaustive/genome_wide_candidates_post_human.csv
VST-56d60db41fb4e4e1,VST-9d3cc3fbfd32544e,UL30,UL30,1906,1906,1.0,0.8992737648613667,same_gene_deletion_hypothesis,theoretical cut-to-cut interval; requires independent and experimental validation,${REPOSITORY_ROOT}/reports/hsv2_genome_wide_exhaustive/genome_wide_candidates_post_human.csv
VST-56d60db41fb4e4e1,VST-9ed9c9a6c89a5969,UL30,UL30,634,634,1.0,0.8992737648613667,same_gene_deletion_hypothesis,theoretical cut-to-cut interval; requires independent and experimental validation,${REPOSITORY_ROOT}/reports/hsv2_genome_wide_exhaustive/genome_wide_candidates_post_human.csv
VST-56d60db41fb4e4e1,VST-af7933782e7be4af,UL30,UL30,2442,2442,1.0,0.8992737648613667,same_gene_deletion_hypothesis,theoretical cut-to-cut interval; requires independent and experimental validation,${REPOSITORY_ROOT}/reports/hsv2_genome_wide_exhaustive/genome_wide_candidates_post_human.csv
VST-5b0c902d0b27748e,VST-673e398e74fcf10b,UL47,UL47,1684,1684,1.0,0.8992737648613667,same_gene_deletion_hypothesis,theoretical cut-to-cut interval; requires independent and experimental validation,${REPOSITORY_ROOT}/reports/hsv2_genome_wide_exhaustive/genome_wide_candidates_post_human.csv
VST-5b0c902d0b27748e,VST-7a93331d0f1d0d9f,UL47,UL47,3283,3283,1.0,0.8992737648613667,same_gene_deletion_hypothesis,theoretical cut-to-cut interval; requires independent and experimental validation,${REPOSITORY_ROOT}/reports/hsv2_genome_wide_exhaustive/genome_wide_candidates_post_human.csv
VST-5b0c902d0b27748e,VST-7f7b6e25497fc40b,UL47,UL47,313,313,1.0,0.8992737648613667,same_gene_deletion_hypothesis,theoretical cut-to-cut interval; requires independent and experimental validation,${REPOSITORY_ROOT}/reports/hsv2_genome_wide_exhaustive/genome_wide_candidates_post_human.csv
VST-5b0c902d0b27748e,VST-7f7b6e25497fc40b,UL46,UL46,313,313,1.0,0.8992737648613667,same_gene_deletion_hypothesis,theoretical cut-to-cut interval; requires independent and experimental validation,${REPOSITORY_ROOT}/reports/hsv2_genome_wide_exhaustive/genome_wide_candidates_post_human.csv
VST-5b0c902d0b27748e,VST-9d1d422650f0fd0f,UL47,UL47,14,14,1.0,0.8992737648613667,same_gene_deletion_hypothesis,theoretical cut-to-cut interval; requires independent and experimental validation,${REPOSITORY_ROOT}/reports/hsv2_genome_wide_exhaustive/genome_wide_candidates_post_human.csv
VST-5b0c902d0b27748e,VST-9d1d422650f0fd0f,UL46,UL46,14,14,1.0,0.8992737648613667,same_gene_deletion_hypothesis,theoretical cut-to-cut interval; requires independent and experimental validation,${REPOSITORY_ROOT}/reports/hsv2_genome_wide_exhaustive/genome_wide_candidates_post_human.csv
VST-5b0c902d0b27748e,VST-c9b45f692a7abf52,UL47,UL47,2152,2152,1.0,0.8992737648613667,same_gene_deletion_hypothesis,theoretical cut-to-cut interval; requires independent and experimental validation,${REPOSITORY_ROOT}/reports/hsv2_genome_wide_exhaustive/genome_wide_candidates_post_human.csv
VST-5d9176551b6dbdfd,VST-7ac03d514962242a,UL3,UL3,255,255,1.0,0.8992737648613667,same_gene_deletion_hypothesis,theoretical cut-to-cut interval; requires independent and experimental validation,${REPOSITORY_ROOT}/reports/hsv2_genome_wide_exhaustive/genome_wide_candidates_post_human.csv
VST-5d9176551b6dbdfd,VST-ba561bf9733fcc67,UL3,UL3,17,17,1.0,0.8992737648613667,same_gene_deletion_hypothesis,theoretical cut-to-cut interval; requires independent and experimental validation,${REPOSITORY_ROOT}/reports/hsv2_genome_wide_exhaustive/genome_wide_candidates_post_human.csv
VST-5d9176551b6dbdfd,VST-ba5a29a851401a8e,UL3,UL3,31,31,1.0,0.8992737648613667,same_gene_deletion_hypothesis,theoretical cut-to-cut interval; requires independent and experimental validation,${REPOSITORY_ROOT}/reports/hsv2_genome_wide_exhaustive/genome_wide_candidates_post_human.csv
VST-5e4034e33559c37a,VST-d6724e2760409914,UL3,UL3,157,157,1.0,0.8992737648613667,same_gene_deletion_hypothesis,theoretical cut-to-cut interval; requires independent and experimental validation,${REPOSITORY_ROOT}/reports/hsv2_genome_wide_exhaustive/genome_wide_candidates_post_human.csv
VST-673e398e74fcf10b,VST-7a93331d0f1d0d9f,UL47,UL47,1599,1599,1.0,0.8992737648613667,same_gene_deletion_hypothesis,theoretical cut-to-cut interval; requires independent and experimental validation,${REPOSITORY_ROOT}/reports/hsv2_genome_wide_exhaustive/genome_wide_candidates_post_human.csv
VST-673e398e74fcf10b,VST-7f7b6e25497fc40b,UL47,UL47,1997,1997,1.0,0.8992737648613667,same_gene_deletion_hypothesis,theoretical cut-to-cut interval; requires independent and experimental validation,${REPOSITORY_ROOT}/reports/hsv2_genome_wide_exhaustive/genome_wide_candidates_post_human.csv
VST-673e398e74fcf10b,VST-9d1d422650f0fd0f,UL47,UL47,1670,1670,1.0,0.8992737648613667,same_gene_deletion_hypothesis,theoretical cut-to-cut interval; requires independent and experimental validation,${REPOSITORY_ROOT}/reports/hsv2_genome_wide_exhaustive/genome_wide_candidates_post_human.csv
VST-673e398e74fcf10b,VST-c9b45f692a7abf52,UL47,UL47,468,468,1.0,0.8992737648613667,same_gene_deletion_hypothesis,theoretical cut-to-cut interval; requires independent and experimental validation,${REPOSITORY_ROOT}/reports/hsv2_genome_wide_exhaustive/genome_wide_candidates_post_human.csv
VST-7a93331d0f1d0d9f,VST-7f7b6e25497fc40b,UL47,UL47,3596,3596,1.0,0.8992737648613667,same_gene_deletion_hypothesis,theoretical cut-to-cut interval; requires independent and experimental validation,${REPOSITORY_ROOT}/reports/hsv2_genome_wide_exhaustive/genome_wide_candidates_post_human.csv
VST-7a93331d0f1d0d9f,VST-9d1d422650f0fd0f,UL47,UL47,3269,3269,1.0,0.8992737648613667,same_gene_deletion_hypothesis,theoretical cut-to-cut interval; requires independent and experimental validation,${REPOSITORY_ROOT}/reports/hsv2_genome_wide_exhaustive/genome_wide_candidates_post_human.csv
VST-7a93331d0f1d0d9f,VST-c9b45f692a7abf52,UL47,UL47,1131,1131,1.0,0.8992737648613667,same_gene_deletion_hypothesis,theoretical cut-to-cut interval; requires independent and experimental validation,${REPOSITORY_ROOT}/reports/hsv2_genome_wide_exhaustive/genome_wide_candidates_post_human.csv
VST-7ac03d514962242a,VST-ba561bf9733fcc67,UL3,UL3,238,238,1.0,0.8992737648613667,same_gene_deletion_hypothesis,theoretical cut-to-cut interval; requires independent and experimental validation,${REPOSITORY_ROOT}/reports/hsv2_genome_wide_exhaustive/genome_wide_candidates_post_human.csv
VST-7ac03d514962242a,VST-ba5a29a851401a8e,UL3,UL3,224,224,1.0,0.8992737648613667,same_gene_deletion_hypothesis,theoretical cut-to-cut interval; requires independent and experimental validation,${REPOSITORY_ROOT}/reports/hsv2_genome_wide_exhaustive/genome_wide_candidates_post_human.csv
VST-7f7b6e25497fc40b,VST-9d1d422650f0fd0f,UL47,UL47,327,327,1.0,0.8992737648613667,same_gene_deletion_hypothesis,theoretical cut-to-cut interval; requires independent and experimental validation,${REPOSITORY_ROOT}/reports/hsv2_genome_wide_exhaustive/genome_wide_candidates_post_human.csv
VST-7f7b6e25497fc40b,VST-9d1d422650f0fd0f,UL46,UL46,327,327,1.0,0.8992737648613667,same_gene_deletion_hypothesis,theoretical cut-to-cut interval; requires independent and experimental validation,${REPOSITORY_ROOT}/reports/hsv2_genome_wide_exhaustive/genome_wide_candidates_post_human.csv
VST-7f7b6e25497fc40b,VST-c9b45f692a7abf52,UL47,UL47,2465,2465,1.0,0.8992737648613667,same_gene_deletion_hypothesis,theoretical cut-to-cut interval; requires independent and experimental validation,${REPOSITORY_ROOT}/reports/hsv2_genome_wide_exhaustive/genome_wide_candidates_post_human.csv
VST-9cd67af4bd66d50a,VST-2310b41e9822d690,UL47,UL47,3299,3299,1.0,0.8992737648613667,same_gene_deletion_hypothesis,theoretical cut-to-cut interval; requires independent and experimental validation,${REPOSITORY_ROOT}/reports/hsv2_genome_wide_exhaustive/genome_wide_candidates_post_human.csv
VST-9d1d422650f0fd0f,VST-c9b45f692a7abf52,UL47,UL47,2138,2138,1.0,0.8992737648613667,same_gene_deletion_hypothesis,theoretical cut-to-cut interval; requires independent and experimental validation,${REPOSITORY_ROOT}/reports/hsv2_genome_wide_exhaustive/genome_wide_candidates_post_human.csv
VST-9d3cc3fbfd32544e,VST-9ed9c9a6c89a5969,UL30,UL30,2540,2540,1.0,0.8992737648613667,same_gene_deletion_hypothesis,theoretical cut-to-cut interval; requires independent and experimental validation,${REPOSITORY_ROOT}/reports/hsv2_genome_wide_exhaustive/genome_wide_candidates_post_human.csv
VST-9d3cc3fbfd32544e,VST-af7933782e7be4af,UL30,UL30,536,536,1.0,0.8992737648613667,same_gene_deletion_hypothesis,theoretical cut-to-cut interval; requires independent and experimental validation,${REPOSITORY_ROOT}/reports/hsv2_genome_wide_exhaustive/genome_wide_candidates_post_human.csv
VST-9ed9c9a6c89a5969,VST-af7933782e7be4af,UL30,UL30,3076,3076,1.0,0.8992737648613667,same_gene_deletion_hypothesis,theoretical cut-to-cut interval; requires independent and experimental validation,${REPOSITORY_ROOT}/reports/hsv2_genome_wide_exhaustive/genome_wide_candidates_post_human.csv
VST-b3c226e1dbf82116,VST-e16166bf204a5e53,UL11,UL11,96,96,1.0,0.8992737648613667,same_gene_deletion_hypothesis,theoretical cut-to-cut interval; requires independent and experimental validation,${REPOSITORY_ROOT}/reports/hsv2_genome_wide_exhaustive/genome_wide_candidates_post_human.csv
VST-ba561bf9733fcc67,VST-ba5a29a851401a8e,UL3,UL3,14,14,1.0,0.8992737648613667,same_gene_deletion_hypothesis,theoretical cut-to-cut interval; requires independent and experimental validation,${REPOSITORY_ROOT}/reports/hsv2_genome_wide_exhaustive/genome_wide_candidates_post_human.csv
VST-9cd67af4bd66d50a,VST-282f637f252058e1,UL47,UL47,354,354,1.0,0.898971796211134,same_gene_deletion_hypothesis,theoretical cut-to-cut interval; requires independent and experimental validation,${REPOSITORY_ROOT}/reports/hsv2_genome_wide_exhaustive/genome_wide_candidates_post_human.csv
VST-9cd67af4bd66d50a,VST-282f637f252058e1,UL46,UL46,354,354,1.0,0.898971796211134,same_gene_deletion_hypothesis,theoretical cut-to-cut interval; requires independent and experimental validation,${REPOSITORY_ROOT}/reports/hsv2_genome_wide_exhaustive/genome_wide_candidates_post_human.csv
VST-9cd67af4bd66d50a,VST-64180409fb9d34c6,UL47,UL47,494,494,1.0,0.898971796211134,same_gene_deletion_hypothesis,theoretical cut-to-cut interval; requires independent and experimental validation,${REPOSITORY_ROOT}/reports/hsv2_genome_wide_exhaustive/genome_wide_candidates_post_human.csv
VST-9cd67af4bd66d50a,VST-64180409fb9d34c6,UL46,UL46,494,494,1.0,0.898971796211134,same_gene_deletion_hypothesis,theoretical cut-to-cut interval; requires independent and experimental validation,${REPOSITORY_ROOT}/reports/hsv2_genome_wide_exhaustive/genome_wide_candidates_post_human.csv
VST-0bf1ec26dd4e63a9,VST-808abc5d9a92d25b,UL52,UL52,659,659,1.0,0.8989106472920501,same_gene_deletion_hypothesis,theoretical cut-to-cut interval; requires independent and experimental validation,${REPOSITORY_ROOT}/reports/hsv2_genome_wide_exhaustive/genome_wide_candidates_post_human.csv
VST-0bf1ec26dd4e63a9,VST-8a1588fa1aebe584,UL52,UL52,724,724,1.0,0.8989106472920501,same_gene_deletion_hypothesis,theoretical cut-to-cut interval; requires independent and experimental validation,${REPOSITORY_ROOT}/reports/hsv2_genome_wide_exhaustive/genome_wide_candidates_post_human.csv
VST-1a03de7ffb16fbb6,VST-b2c199ec1112f217,UL15,UL15,210,210,1.0,0.8989106472920501,same_gene_deletion_hypothesis,theoretical cut-to-cut interval; requires independent and experimental validation,${REPOSITORY_ROOT}/reports/hsv2_genome_wide_exhaustive/genome_wide_candidates_post_human.csv
VST-1ab6bcde24624e54,VST-d6724e2760409914,UL3,UL3,220,220,1.0,0.8989106472920501,same_gene_deletion_hypothesis,theoretical cut-to-cut interval; requires independent and experimental validation,${REPOSITORY_ROOT}/reports/hsv2_genome_wide_exhaustive/genome_wide_candidates_post_human.csv
VST-2197f2e713f87ca5,VST-808abc5d9a92d25b,UL52,UL52,3409,3409,1.0,0.8989106472920501,same_gene_deletion_hypothesis,theoretical cut-to-cut interval; requires independent and experimental validation,${REPOSITORY_ROOT}/reports/hsv2_genome_wide_exhaustive/genome_wide_candidates_post_human.csv
VST-2197f2e713f87ca5,VST-8a1588fa1aebe584,UL52,UL52,3474,3474,1.0,0.8989106472920501,same_gene_deletion_hypothesis,theoretical cut-to-cut interval; requires independent and experimental validation,${REPOSITORY_ROOT}/reports/hsv2_genome_wide_exhaustive/genome_wide_candidates_post_human.csv
VST-2b3568cdc187cc3a,VST-1d1284837f4da8f5,UL10,UL10,692,692,1.0,0.8989106472920501,same_gene_deletion_hypothesis,theoretical cut-to-cut interval; requires independent and experimental validation,${REPOSITORY_ROOT}/reports/hsv2_genome_wide_exhaustive/genome_wide_candidates_post_human.csv
VST-39b8e81a7d803f8e,VST-12b9f79552b46501,UL50,UL50,26,26,1.0,0.8989106472920501,same_gene_deletion_hypothesis,theoretical cut-to-cut interval; requires independent and experimental validation,${REPOSITORY_ROOT}/reports/hsv2_genome_wide_exhaustive/genome_wide_candidates_post_human.csv
VST-3a05e8146637b989,VST-808abc5d9a92d25b,UL52,UL52,163,163,1.0,0.8989106472920501,same_gene_deletion_hypothesis,theoretical cut-to-cut interval; requires independent and experimental validation,${REPOSITORY_ROOT}/reports/hsv2_genome_wide_exhaustive/genome_wide_candidates_post_human.csv
VST-3a05e8146637b989,VST-8a1588fa1aebe584,UL52,UL52,228,228,1.0,0.8989106472920501,same_gene_deletion_hypothesis,theoretical cut-to-cut interval; requires independent and experimental validation,${REPOSITORY_ROOT}/reports/hsv2_genome_wide_exhaustive/genome_wide_candidates_post_human.csv
VST-49e236e977152335,VST-d6724e2760409914,UL3,UL3,2,2,1.0,0.8989106472920501,same_gene_deletion_hypothesis,theoretical cut-to-cut interval; requires independent and experimental validation,${REPOSITORY_ROOT}/reports/hsv2_genome_wide_exhaustive/genome_wide_candidates_post_human.csv
VST-4a5cae2eb79cff92,VST-d6724e2760409914,UL3,UL3,158,158,1.0,0.8989106472920501,same_gene_deletion_hypothesis,theoretical cut-to-cut interval; requires independent and experimental validation,${REPOSITORY_ROOT}/reports/hsv2_genome_wide_exhaustive/genome_wide_candidates_post_human.csv
VST-4bf9338dda42cbed,VST-b2c199ec1112f217,UL15,UL15,1308,1308,1.0,0.8989106472920501,same_gene_deletion_hypothesis,theoretical cut-to-cut interval; requires independent and experimental validation,${REPOSITORY_ROOT}/reports/hsv2_genome_wide_exhaustive/genome_wide_candidates_post_human.csv
VST-54b5914e21a1a192,VST-b2c199ec1112f217,UL15,UL15,421,421,1.0,0.8989106472920501,same_gene_deletion_hypothesis,theoretical cut-to-cut interval; requires independent and experimental validation,${REPOSITORY_ROOT}/reports/hsv2_genome_wide_exhaustive/genome_wide_candidates_post_human.csv
VST-5b0c902d0b27748e,VST-2310b41e9822d690,UL47,UL47,3298,3298,1.0,0.8989106472920501,same_gene_deletion_hypothesis,theoretical cut-to-cut interval; requires independent and experimental validation,${REPOSITORY_ROOT}/reports/hsv2_genome_wide_exhaustive/genome_wide_candidates_post_human.csv
VST-5d9176551b6dbdfd,VST-d6724e2760409914,UL3,UL3,159,159,1.0,0.8989106472920501,same_gene_deletion_hypothesis,theoretical cut-to-cut interval; requires independent and experimental validation,${REPOSITORY_ROOT}/reports/hsv2_genome_wide_exhaustive/genome_wide_candidates_post_human.csv
VST-673e398e74fcf10b,VST-2310b41e9822d690,UL47,UL47,1614,1614,1.0,0.8989106472920501,same_gene_deletion_hypothesis,theoretical cut-to-cut interval; requires independent and experimental validation,${REPOSITORY_ROOT}/reports/hsv2_genome_wide_exhaustive/genome_wide_candidates_post_human.csv
VST-7a93331d0f1d0d9f,VST-2310b41e9822d690,UL47,UL47,15,15,1.0,0.8989106472920501,same_gene_deletion_hypothesis,theoretical cut-to-cut interval; requires independent and experimental validation,${REPOSITORY_ROOT}/reports/hsv2_genome_wide_exhaustive/genome_wide_candidates_post_human.csv
VST-7ac03d514962242a,VST-d6724e2760409914,UL3,UL3,414,414,1.0,0.8989106472920501,same_gene_deletion_hypothesis,theoretical cut-to-cut interval; requires independent and experimental validation,${REPOSITORY_ROOT}/reports/hsv2_genome_wide_exhaustive/genome_wide_candidates_post_human.csv
VST-7f7b6e25497fc40b,VST-2310b41e9822d690,UL47,UL47,3611,3611,1.0,0.8989106472920501,same_gene_deletion_hypothesis,theoretical cut-to-cut interval; requires independent and experimental validation,${REPOSITORY_ROOT}/reports/hsv2_genome_wide_exhaustive/genome_wide_candidates_post_human.csv
VST-89884ea3f3df2232,VST-1d1284837f4da8f5,UL10,UL10,1120,1120,1.0,0.8989106472920501,same_gene_deletion_hypothesis,theoretical cut-to-cut interval; requires independent and experimental validation,${REPOSITORY_ROOT}/reports/hsv2_genome_wide_exhaustive/genome_wide_candidates_post_human.csv
VST-9d1d422650f0fd0f,VST-2310b41e9822d690,UL47,UL47,3284,3284,1.0,0.8989106472920501,same_gene_deletion_hypothesis,theoretical cut-to-cut interval; requires independent and experimental validation,${REPOSITORY_ROOT}/reports/hsv2_genome_wide_exhaustive/genome_wide_candidates_post_human.csv
VST-b3c226e1dbf82116,VST-600cfa63d24df854,UL11,UL11,1,1,1.0,0.8989106472920501,same_gene_deletion_hypothesis,theoretical cut-to-cut interval; requires independent and experimental validation,${REPOSITORY_ROOT}/reports/hsv2_genome_wide_exhaustive/genome_wide_candidates_post_human.csv
VST-ba561bf9733fcc67,VST-d6724e2760409914,UL3,UL3,176,176,1.0,0.8989106472920501,same_gene_deletion_hypothesis,theoretical cut-to-cut interval; requires independent and experimental validation,${REPOSITORY_ROOT}/reports/hsv2_genome_wide_exhaustive/genome_wide_candidates_post_human.csv
VST-ba5a29a851401a8e,VST-d6724e2760409914,UL3,UL3,190,190,1.0,0.8989106472920501,same_gene_deletion_hypothesis,theoretical cut-to-cut interval; requires independent and experimental validation,${REPOSITORY_ROOT}/reports/hsv2_genome_wide_exhaustive/genome_wide_candidates_post_human.csv
VST-c9b45f692a7abf52,VST-2310b41e9822d690,UL47,UL47,1146,1146,1.0,0.8989106472920501,same_gene_deletion_hypothesis,theoretical cut-to-cut interval; requires independent and experimental validation,${REPOSITORY_ROOT}/reports/hsv2_genome_wide_exhaustive/genome_wide_candidates_post_human.csv
VST-e16166bf204a5e53,VST-600cfa63d24df854,UL11,UL11,97,97,1.0,0.8989106472920501,same_gene_deletion_hypothesis,theoretical cut-to-cut interval; requires independent and experimental validation,${REPOSITORY_ROOT}/reports/hsv2_genome_wide_exhaustive/genome_wide_candidates_post_human.csv
VST-5e4034e33559c37a,VST-0a56b550e18f154e,UL3,UL3,204,204,1.0,0.8988181048906164,same_gene_deletion_hypothesis,theoretical cut-to-cut interval; requires independent and experimental validation,${REPOSITORY_ROOT}/reports/hsv2_genome_wide_exhaustive/genome_wide_candidates_post_human.csv
VST-9cd67af4bd66d50a,VST-653941ca0f2028d6,UL46,UL46,475,475,1.0,0.8988181048906164,same_gene_deletion_hypothesis,theoretical cut-to-cut interval; requires independent and experimental validation,${REPOSITORY_ROOT}/reports/hsv2_genome_wide_exhaustive/genome_wide_candidates_post_human.csv
VST-9cd67af4bd66d50a,VST-7567f3c32ab9716b,UL46,UL46,1247,1247,1.0,0.8988181048906164,same_gene_deletion_hypothesis,theoretical cut-to-cut interval; requires independent and experimental validation,${REPOSITORY_ROOT}/reports/hsv2_genome_wide_exhaustive/genome_wide_candidates_post_human.csv
VST-9cd67af4bd66d50a,VST-c53b11f616dfaf0d,UL46,UL46,770,770,1.0,0.8988181048906164,same_gene_deletion_hypothesis,theoretical cut-to-cut interval; requires independent and experimental validation,${REPOSITORY_ROOT}/reports/hsv2_genome_wide_exhaustive/genome_wide_candidates_post_human.csv
VST-0bf1ec26dd4e63a9,VST-05b99c897b142721,UL52,UL52,2359,2359,1.0,0.8986086786418174,same_gene_deletion_hypothesis,theoretical cut-to-cut interval; requires independent and experimental validation,${REPOSITORY_ROOT}/reports/hsv2_genome_wide_exhaustive/genome_wide_candidates_post_human.csv
VST-0bf1ec26dd4e63a9,VST-415f0e8a9b47ccfd,UL52,UL52,665,665,1.0,0.8986086786418174,same_gene_deletion_hypothesis,theoretical cut-to-cut interval; requires independent and experimental validation,${REPOSITORY_ROOT}/reports/hsv2_genome_wide_exhaustive/genome_wide_candidates_post_human.csv
VST-0bf1ec26dd4e63a9,VST-4a7669fd4a3ceb1e,UL52,UL52,1045,1045,1.0,0.8986086786418174,same_gene_deletion_hypothesis,theoretical cut-to-cut interval; requires independent and experimental validation,${REPOSITORY_ROOT}/reports/hsv2_genome_wide_exhaustive/genome_wide_candidates_post_human.csv
VST-0bf1ec26dd4e63a9,VST-7663146b5e4d027e,UL52,UL52,583,583,1.0,0.8986086786418174,same_gene_deletion_hypothesis,theoretical cut-to-cut interval; requires independent and experimental validation,${REPOSITORY_ROOT}/reports/hsv2_genome_wide_exhaustive/genome_wide_candidates_post_human.csv
VST-1a03de7ffb16fbb6,VST-20516e76f738c908,UL15,UL15,1397,1397,1.0,0.8986086786418174,same_gene_deletion_hypothesis,theoretical cut-to-cut interval; requires independent and experimental validation,${REPOSITORY_ROOT}/reports/hsv2_genome_wide_exhaustive/genome_wide_candidates_post_human.csv
VST-1a03de7ffb16fbb6,VST-6f648ec4222c10e5,UL15,UL15,145,145,1.0,0.8986086786418174,same_gene_deletion_hypothesis,theoretical cut-to-cut interval; requires independent and experimental validation,${REPOSITORY_ROOT}/reports/hsv2_genome_wide_exhaustive/genome_wide_candidates_post_human.csv
VST-1a03de7ffb16fbb6,VST-a0e68a62911f9940,UL15,UL15,1398,1398,1.0,0.8986086786418174,same_gene_deletion_hypothesis,theoretical cut-to-cut interval; requires independent and experimental validation,${REPOSITORY_ROOT}/reports/hsv2_genome_wide_exhaustive/genome_wide_candidates_post_human.csv
VST-2197f2e713f87ca5,VST-05b99c897b142721,UL52,UL52,391,391,1.0,0.8986086786418174,same_gene_deletion_hypothesis,theoretical cut-to-cut interval; requires independent and experimental validation,${REPOSITORY_ROOT}/reports/hsv2_genome_wide_exhaustive/genome_wide_candidates_post_human.csv
VST-2197f2e713f87ca5,VST-415f0e8a9b47ccfd,UL52,UL52,3415,3415,1.0,0.8986086786418174,same_gene_deletion_hypothesis,theoretical cut-to-cut interval; requires independent and experimental validation,${REPOSITORY_ROOT}/reports/hsv2_genome_wide_exhaustive/genome_wide_candidates_post_human.csv
VST-2197f2e713f87ca5,VST-4a7669fd4a3ceb1e,UL52,UL52,1705,1705,1.0,0.8986086786418174,same_gene_deletion_hypothesis,theoretical cut-to-cut interval; requires independent and experimental validation,${REPOSITORY_ROOT}/reports/hsv2_genome_wide_exhaustive/genome_wide_candidates_post_human.csv
VST-2197f2e713f87ca5,VST-7663146b5e4d027e,UL52,UL52,3333,3333,1.0,0.8986086786418174,same_gene_deletion_hypothesis,theoretical cut-to-cut interval; requires independent and experimental validation,${REPOSITORY_ROOT}/reports/hsv2_genome_wide_exhaustive/genome_wide_candidates_post_human.csv
VST-240e20eb666f9c85,VST-37e9317a0f663727,UL30,UL30,1183,1183,1.0,0.8986086786418174,same_gene_deletion_hypothesis,theoretical cut-to-cut interval; requires independent and experimental validation,${REPOSITORY_ROOT}/reports/hsv2_genome_wide_exhaustive/genome_wide_candidates_post_human.csv
VST-240e20eb666f9c85,VST-73876fa22678f917,UL30,UL30,1182,1182,1.0,0.8986086786418174,same_gene_deletion_hypothesis,theoretical cut-to-cut interval; requires independent and experimental validation,${REPOSITORY_ROOT}/reports/hsv2_genome_wide_exhaustive/genome_wide_candidates_post_human.csv
VST-240e20eb666f9c85,VST-d48124c847ae62ae,UL30,UL30,314,314,1.0,0.8986086786418174,same_gene_deletion_hypothesis,theoretical cut-to-cut interval; requires independent and experimental validation,${REPOSITORY_ROOT}/reports/hsv2_genome_wide_exhaustive/genome_wide_candidates_post_human.csv
VST-2b3568cdc187cc3a,VST-1235e74e861a555f,UL10,UL10,85,85,1.0,0.8986086786418174,same_gene_deletion_hypothesis,theoretical cut-to-cut interval; requires independent and experimental validation,${REPOSITORY_ROOT}/reports/hsv2_genome_wide_exhaustive/genome_wide_candidates_post_human.csv
VST-2b3568cdc187cc3a,VST-33cfa6d0982c9513,UL10,UL10,629,629,1.0,0.8986086786418174,same_gene_deletion_hypothesis,theoretical cut-to-cut interval; requires independent and experimental validation,${REPOSITORY_ROOT}/reports/hsv2_genome_wide_exhaustive/genome_wide_candidates_post_human.csv
VST-2b3568cdc187cc3a,VST-4a527ce754156eb0,UL10,UL10,530,530,1.0,0.8986086786418174,same_gene_deletion_hypothesis,theoretical cut-to-cut interval; requires independent and experimental validation,${REPOSITORY_ROOT}/reports/hsv2_genome_wide_exhaustive/genome_wide_candidates_post_human.csv
VST-2b3568cdc187cc3a,VST-ab5e0a7300c5f8fd,UL10,UL10,624,624,1.0,0.8986086786418174,same_gene_deletion_hypothesis,theoretical cut-to-cut interval; requires independent and experimental validation,${REPOSITORY_ROOT}/reports/hsv2_genome_wide_exhaustive/genome_wide_candidates_post_human.csv
VST-39b8e81a7d803f8e,VST-3c43f917dee00628,UL50,UL50,123,123,1.0,0.8986086786418174,same_gene_deletion_hypothesis,theoretical cut-to-cut interval; requires independent and experimental validation,${REPOSITORY_ROOT}/reports/hsv2_genome_wide_exhaustive/genome_wide_candidates_post_human.csv
VST-39b8e81a7d803f8e,VST-702ced0bbfd459fb,UL50,UL50,108,108,1.0,0.8986086786418174,same_gene_deletion_hypothesis,theoretical cut-to-cut interval; requires independent and experimental validation,${REPOSITORY_ROOT}/reports/hsv2_genome_wide_exhaustive/genome_wide_candidates_post_human.csv
VST-39b8e81a7d803f8e,VST-b4d8ba737daaa589,UL50,UL50,109,109,1.0,0.8986086786418174,same_gene_deletion_hypothesis,theoretical cut-to-cut interval; requires independent and experimental validation,${REPOSITORY_ROOT}/reports/hsv2_genome_wide_exhaustive/genome_wide_candidates_post_human.csv
VST-39b8e81a7d803f8e,VST-f689e03c9c66844f,UL50,UL50,124,124,1.0,0.8986086786418174,same_gene_deletion_hypothesis,theoretical cut-to-cut interval; requires independent and experimental validation,${REPOSITORY_ROOT}/reports/hsv2_genome_wide_exhaustive/genome_wide_candidates_post_human.csv
VST-3a05e8146637b989,VST-05b99c897b142721,UL52,UL52,2855,2855,1.0,0.8986086786418174,same_gene_deletion_hypothesis,theoretical cut-to-cut interval; requires independent and experimental validation,${REPOSITORY_ROOT}/reports/hsv2_genome_wide_exhaustive/genome_wide_candidates_post_human.csv
VST-3a05e8146637b989,VST-415f0e8a9b47ccfd,UL52,UL52,169,169,1.0,0.8986086786418174,same_gene_deletion_hypothesis,theoretical cut-to-cut interval; requires independent and experimental validation,${REPOSITORY_ROOT}/reports/hsv2_genome_wide_exhaustive/genome_wide_candidates_post_human.csv
VST-3a05e8146637b989,VST-4a7669fd4a3ceb1e,UL52,UL52,1541,1541,1.0,0.8986086786418174,same_gene_deletion_hypothesis,theoretical cut-to-cut interval; requires independent and experimental validation,${REPOSITORY_ROOT}/reports/hsv2_genome_wide_exhaustive/genome_wide_candidates_post_human.csv
VST-3a05e8146637b989,VST-7663146b5e4d027e,UL52,UL52,87,87,1.0,0.8986086786418174,same_gene_deletion_hypothesis,theoretical cut-to-cut interval; requires independent and experimental validation,${REPOSITORY_ROOT}/reports/hsv2_genome_wide_exhaustive/genome_wide_candidates_post_human.csv
VST-4bf9338dda42cbed,VST-20516e76f738c908,UL15,UL15,2495,2495,1.0,0.8986086786418174,same_gene_deletion_hypothesis,theoretical cut-to-cut interval; requires independent and experimental validation,${REPOSITORY_ROOT}/reports/hsv2_genome_wide_exhaustive/genome_wide_candidates_post_human.csv
VST-4bf9338dda42cbed,VST-6f648ec4222c10e5,UL15,UL15,953,953,1.0,0.8986086786418174,same_gene_deletion_hypothesis,theoretical cut-to-cut interval; requires independent and experimental validation,${REPOSITORY_ROOT}/reports/hsv2_genome_wide_exhaustive/genome_wide_candidates_post_human.csv
VST-4bf9338dda42cbed,VST-a0e68a62911f9940,UL15,UL15,2496,2496,1.0,0.8986086786418174,same_gene_deletion_hypothesis,theoretical cut-to-cut interval; requires independent and experimental validation,${REPOSITORY_ROOT}/reports/hsv2_genome_wide_exhaustive/genome_wide_candidates_post_human.csv
VST-54b5914e21a1a192,VST-20516e76f738c908,UL15,UL15,766,766,1.0,0.8986086786418174,same_gene_deletion_hypothesis,theoretical cut-to-cut interval; requires independent and experimental validation,${REPOSITORY_ROOT}/reports/hsv2_genome_wide_exhaustive/genome_wide_candidates_post_human.csv
VST-54b5914e21a1a192,VST-6f648ec4222c10e5,UL15,UL15,776,776,1.0,0.8986086786418174,same_gene_deletion_hypothesis,theoretical cut-to-cut interval; requires independent and experimental validation,${REPOSITORY_ROOT}/reports/hsv2_genome_wide_exhaustive/genome_wide_candidates_post_human.csv
VST-54b5914e21a1a192,VST-a0e68a62911f9940,UL15,UL15,767,767,1.0,0.8986086786418174,same_gene_deletion_hypothesis,theoretical cut-to-cut interval; requires independent and experimental validation,${REPOSITORY_ROOT}/reports/hsv2_genome_wide_exhaustive/genome_wide_candidates_post_human.csv
VST-56d60db41fb4e4e1,VST-37e9317a0f663727,UL30,UL30,1562,1562,1.0,0.8986086786418174,same_gene_deletion_hypothesis,theoretical cut-to-cut interval; requires independent and experimental validation,${REPOSITORY_ROOT}/reports/hsv2_genome_wide_exhaustive/genome_wide_candidates_post_human.csv
VST-56d60db41fb4e4e1,VST-73876fa22678f917,UL30,UL30,1563,1563,1.0,0.8986086786418174,same_gene_deletion_hypothesis,theoretical cut-to-cut interval; requires independent and experimental validation,${REPOSITORY_ROOT}/reports/hsv2_genome_wide_exhaustive/genome_wide_candidates_post_human.csv
VST-56d60db41fb4e4e1,VST-d48124c847ae62ae,UL30,UL30,2431,2431,1.0,0.8986086786418174,same_gene_deletion_hypothesis,theoretical cut-to-cut interval; requires independent and experimental validation,${REPOSITORY_ROOT}/reports/hsv2_genome_wide_exhaustive/genome_wide_candidates_post_human.csv
VST-5b0c902d0b27748e,VST-282f637f252058e1,UL47,UL47,355,355,1.0,0.8986086786418174,same_gene_deletion_hypothesis,theoretical cut-to-cut interval; requires independent and experimental validation,${REPOSITORY_ROOT}/reports/hsv2_genome_wide_exhaustive/genome_wide_candidates_post_human.csv
VST-5b0c902d0b27748e,VST-282f637f252058e1,UL46,UL46,355,355,1.0,0.8986086786418174,same_gene_deletion_hypothesis,theoretical cut-to-cut interval; requires independent and experimental validation,${REPOSITORY_ROOT}/reports/hsv2_genome_wide_exhaustive/genome_wide_candidates_post_human.csv
VST-5b0c902d0b27748e,VST-64180409fb9d34c6,UL47,UL47,493,493,1.0,0.8986086786418174,same_gene_deletion_hypothesis,theoretical cut-to-cut interval; requires independent and experimental validation,${REPOSITORY_ROOT}/reports/hsv2_genome_wide_exhaustive/genome_wide_candidates_post_human.csv
VST-5b0c902d0b27748e,VST-64180409fb9d34c6,UL46,UL46,493,493,1.0,0.8986086786418174,same_gene_deletion_hypothesis,theoretical cut-to-cut interval; requires independent and experimental validation,${REPOSITORY_ROOT}/reports/hsv2_genome_wide_exhaustive/genome_wide_candidates_post_human.csv
VST-60775d923bdf2965,VST-1aa0d67c1728df8f,UL33,UL33,548,548,1.0,0.8986086786418174,same_gene_deletion_hypothesis,theoretical cut-to-cut interval; requires independent and experimental validation,${REPOSITORY_ROOT}/reports/hsv2_genome_wide_exhaustive/genome_wide_candidates_post_human.csv
VST-60775d923bdf2965,VST-29c7635dd5ccf48b,UL33,UL33,547,547,1.0,0.8986086786418174,same_gene_deletion_hypothesis,theoretical cut-to-cut interval; requires independent and experimental validation,${REPOSITORY_ROOT}/reports/hsv2_genome_wide_exhaustive/genome_wide_candidates_post_human.csv
VST-60775d923bdf2965,VST-3777b42b0a7de238,UL33,UL33,1156,1156,1.0,0.8986086786418174,same_gene_deletion_hypothesis,theoretical cut-to-cut interval; requires independent and experimental validation,${REPOSITORY_ROOT}/reports/hsv2_genome_wide_exhaustive/genome_wide_candidates_post_human.csv
VST-673e398e74fcf10b,VST-282f637f252058e1,UL47,UL47,2039,2039,1.0,0.8986086786418174,same_gene_deletion_hypothesis,theoretical cut-to-cut interval; requires independent and experimental validation,${REPOSITORY_ROOT}/reports/hsv2_genome_wide_exhaustive/genome_wide_candidates_post_human.csv
VST-673e398e74fcf10b,VST-64180409fb9d34c6,UL47,UL47,1191,1191,1.0,0.8986086786418174,same_gene_deletion_hypothesis,theoretical cut-to-cut interval; requires independent and experimental validation,${REPOSITORY_ROOT}/reports/hsv2_genome_wide_exhaustive/genome_wide_candidates_post_human.csv
VST-7a93331d0f1d0d9f,VST-282f637f252058e1,UL47,UL47,3638,3638,1.0,0.8986086786418174,same_gene_deletion_hypothesis,theoretical cut-to-cut interval; requires independent and experimental validation,${REPOSITORY_ROOT}/reports/hsv2_genome_wide_exhaustive/genome_wide_candidates_post_human.csv
VST-7a93331d0f1d0d9f,VST-64180409fb9d34c6,UL47,UL47,2790,2790,1.0,0.8986086786418174,same_gene_deletion_hypothesis,theoretical cut-to-cut interval; requires independent and experimental validation,${REPOSITORY_ROOT}/reports/hsv2_genome_wide_exhaustive/genome_wide_candidates_post_human.csv
VST-7f7b6e25497fc40b,VST-282f637f252058e1,UL47,UL47,42,42,1.0,0.8986086786418174,same_gene_deletion_hypothesis,theoretical cut-to-cut interval; requires independent and experimental validation,${REPOSITORY_ROOT}/reports/hsv2_genome_wide_exhaustive/genome_wide_candidates_post_human.csv
VST-7f7b6e25497fc40b,VST-282f637f252058e1,UL46,UL46,42,42,1.0,0.8986086786418174,same_gene_deletion_hypothesis,theoretical cut-to-cut interval; requires independent and experimental validation,${REPOSITORY_ROOT}/reports/hsv2_genome_wide_exhaustive/genome_wide_candidates_post_human.csv
VST-7f7b6e25497fc40b,VST-64180409fb9d34c6,UL47,UL47,806,806,1.0,0.8986086786418174,same_gene_deletion_hypothesis,theoretical cut-to-cut interval; requires independent and experimental validation,${REPOSITORY_ROOT}/reports/hsv2_genome_wide_exhaustive/genome_wide_candidates_post_human.csv
VST-7f7b6e25497fc40b,VST-64180409fb9d34c6,UL46,UL46,806,806,1.0,0.8986086786418174,same_gene_deletion_hypothesis,theoretical cut-to-cut interval; requires independent and experimental validation,${REPOSITORY_ROOT}/reports/hsv2_genome_wide_exhaustive/genome_wide_candidates_post_human.csv
VST-89884ea3f3df2232,VST-1235e74e861a555f,UL10,UL10,343,343,1.0,0.8986086786418174,same_gene_deletion_hypothesis,theoretical cut-to-cut interval; requires independent and experimental validation,${REPOSITORY_ROOT}/reports/hsv2_genome_wide_exhaustive/genome_wide_candidates_post_human.csv
VST-89884ea3f3df2232,VST-33cfa6d0982c9513,UL10,UL10,1057,1057,1.0,0.8986086786418174,same_gene_deletion_hypothesis,theoretical cut-to-cut interval; requires independent and experimental validation,${REPOSITORY_ROOT}/reports/hsv2_genome_wide_exhaustive/genome_wide_candidates_post_human.csv
VST-89884ea3f3df2232,VST-4a527ce754156eb0,UL10,UL10,958,958,1.0,0.8986086786418174,same_gene_deletion_hypothesis,theoretical cut-to-cut interval; requires independent and experimental validation,${REPOSITORY_ROOT}/reports/hsv2_genome_wide_exhaustive/genome_wide_candidates_post_human.csv
VST-89884ea3f3df2232,VST-ab5e0a7300c5f8fd,UL10,UL10,1052,1052,1.0,0.8986086786418174,same_gene_deletion_hypothesis,theoretical cut-to-cut interval; requires independent and experimental validation,${REPOSITORY_ROOT}/reports/hsv2_genome_wide_exhaustive/genome_wide_candidates_post_human.csv
VST-9d1d422650f0fd0f,VST-282f637f252058e1,UL47,UL47,369,369,1.0,0.8986086786418174,same_gene_deletion_hypothesis,theoretical cut-to-cut interval; requires independent and experimental validation,${REPOSITORY_ROOT}/reports/hsv2_genome_wide_exhaustive/genome_wide_candidates_post_human.csv
VST-9d1d422650f0fd0f,VST-282f637f252058e1,UL46,UL46,369,369,1.0,0.8986086786418174,same_gene_deletion_hypothesis,theoretical cut-to-cut interval; requires independent and experimental validation,${REPOSITORY_ROOT}/reports/hsv2_genome_wide_exhaustive/genome_wide_candidates_post_human.csv
VST-9d1d422650f0fd0f,VST-64180409fb9d34c6,UL47,UL47,479,479,1.0,0.8986086786418174,same_gene_deletion_hypothesis,theoretical cut-to-cut interval; requires independent and experimental validation,${REPOSITORY_ROOT}/reports/hsv2_genome_wide_exhaustive/genome_wide_candidates_post_human.csv
VST-9d1d422650f0fd0f,VST-64180409fb9d34c6,UL46,UL46,479,479,1.0,0.8986086786418174,same_gene_deletion_hypothesis,theoretical cut-to-cut interval; requires independent and experimental validation,${REPOSITORY_ROOT}/reports/hsv2_genome_wide_exhaustive/genome_wide_candidates_post_human.csv
VST-9d3cc3fbfd32544e,VST-37e9317a0f663727,UL30,UL30,344,344,1.0,0.8986086786418174,same_gene_deletion_hypothesis,theoretical cut-to-cut interval; requires independent and experimental validation,${REPOSITORY_ROOT}/reports/hsv2_genome_wide_exhaustive/genome_wide_candidates_post_human.csv
VST-9d3cc3fbfd32544e,VST-73876fa22678f917,UL30,UL30,343,343,1.0,0.8986086786418174,same_gene_deletion_hypothesis,theoretical cut-to-cut interval; requires independent and experimental validation,${REPOSITORY_ROOT}/reports/hsv2_genome_wide_exhaustive/genome_wide_candidates_post_human.csv
VST-9d3cc3fbfd32544e,VST-d48124c847ae62ae,UL30,UL30,525,525,1.0,0.8986086786418174,same_gene_deletion_hypothesis,theoretical cut-to-cut interval; requires independent and experimental validation,${REPOSITORY_ROOT}/reports/hsv2_genome_wide_exhaustive/genome_wide_candidates_post_human.csv
VST-9ed9c9a6c89a5969,VST-37e9317a0f663727,UL30,UL30,2196,2196,1.0,0.8986086786418174,same_gene_deletion_hypothesis,theoretical cut-to-cut interval; requires independent and experimental validation,${REPOSITORY_ROOT}/reports/hsv2_genome_wide_exhaustive/genome_wide_candidates_post_human.csv
VST-9ed9c9a6c89a5969,VST-73876fa22678f917,UL30,UL30,2197,2197,1.0,0.8986086786418174,same_gene_deletion_hypothesis,theoretical cut-to-cut interval; requires independent and experimental validation,${REPOSITORY_ROOT}/reports/hsv2_genome_wide_exhaustive/genome_wide_candidates_post_human.csv
VST-9ed9c9a6c89a5969,VST-d48124c847ae62ae,UL30,UL30,3065,3065,1.0,0.8986086786418174,same_gene_deletion_hypothesis,theoretical cut-to-cut interval; requires independent and experimental validation,${REPOSITORY_ROOT}/reports/hsv2_genome_wide_exhaustive/genome_wide_candidates_post_human.csv
VST-af7933782e7be4af,VST-37e9317a0f663727,UL30,UL30,880,880,1.0,0.8986086786418174,same_gene_deletion_hypothesis,theoretical cut-to-cut interval; requires independent and experimental validation,${REPOSITORY_ROOT}/reports/hsv2_genome_wide_exhaustive/genome_wide_candidates_post_human.csv
VST-af7933782e7be4af,VST-73876fa22678f917,UL30,UL30,879,879,1.0,0.8986086786418174,same_gene_deletion_hypothesis,theoretical cut-to-cut interval; requires independent and experimental validation,${REPOSITORY_ROOT}/reports/hsv2_genome_wide_exhaustive/genome_wide_candidates_post_human.csv
VST-af7933782e7be4af,VST-d48124c847ae62ae,UL30,UL30,11,11,1.0,0.8986086786418174,same_gene_deletion_hypothesis,theoretical cut-to-cut interval; requires independent and experimental validation,${REPOSITORY_ROOT}/reports/hsv2_genome_wide_exhaustive/genome_wide_candidates_post_human.csv
VST-b3c226e1dbf82116,VST-fead3c9086c42153,UL11,UL11,104,104,1.0,0.8986086786418174,same_gene_deletion_hypothesis,theoretical cut-to-cut interval; requires independent and experimental validation,${REPOSITORY_ROOT}/reports/hsv2_genome_wide_exhaustive/genome_wide_candidates_post_human.csv
VST-c9b45f692a7abf52,VST-282f637f252058e1,UL47,UL47,2507,2507,1.0,0.8986086786418174,same_gene_deletion_hypothesis,theoretical cut-to-cut interval; requires independent and experimental validation,${REPOSITORY_ROOT}/reports/hsv2_genome_wide_exhaustive/genome_wide_candidates_post_human.csv
VST-c9b45f692a7abf52,VST-64180409fb9d34c6,UL47,UL47,1659,1659,1.0,0.8986086786418174,same_gene_deletion_hypothesis,theoretical cut-to-cut interval; requires independent and experimental validation,${REPOSITORY_ROOT}/reports/hsv2_genome_wide_exhaustive/genome_wide_candidates_post_human.csv
VST-e16166bf204a5e53,VST-fead3c9086c42153,UL11,UL11,8,8,1.0,0.8986086786418174,same_gene_deletion_hypothesis,theoretical cut-to-cut interval; requires independent and experimental validation,${REPOSITORY_ROOT}/reports/hsv2_genome_wide_exhaustive/genome_wide_candidates_post_human.csv
VST-808abc5d9a92d25b,VST-8a1588fa1aebe584,UL52,UL52,65,65,1.0,0.8985475297227333,same_gene_deletion_hypothesis,theoretical cut-to-cut interval; requires independent and experimental validation,${REPOSITORY_ROOT}/reports/hsv2_genome_wide_exhaustive/genome_wide_candidates_post_human.csv
VST-0bf1ec26dd4e63a9,VST-047c7cccd59bb4f8,UL52,UL52,1080,1080,1.0,0.8984549873212998,same_gene_deletion_hypothesis,theoretical cut-to-cut interval; requires independent and experimental validation,${REPOSITORY_ROOT}/reports/hsv2_genome_wide_exhaustive/genome_wide_candidates_post_human.csv
VST-1a03de7ffb16fbb6,VST-2b2ec41725cf1abb,UL15,UL15,1944,1944,1.0,0.8984549873212998,same_gene_deletion_hypothesis,theoretical cut-to-cut interval; requires independent and experimental validation,${REPOSITORY_ROOT}/reports/hsv2_genome_wide_exhaustive/genome_wide_candidates_post_human.csv
VST-1a03de7ffb16fbb6,VST-a0482af9f2dca640,UL15,UL15,567,567,1.0,0.8984549873212998,same_gene_deletion_hypothesis,theoretical cut-to-cut interval; requires independent and experimental validation,${REPOSITORY_ROOT}/reports/hsv2_genome_wide_exhaustive/genome_wide_candidates_post_human.csv
VST-1a03de7ffb16fbb6,VST-c1e79742f4385cd5,UL15,UL15,352,352,1.0,0.8984549873212998,same_gene_deletion_hypothesis,theoretical cut-to-cut interval; requires independent and experimental validation,${REPOSITORY_ROOT}/reports/hsv2_genome_wide_exhaustive/genome_wide_candidates_post_human.csv
VST-1ab6bcde24624e54,VST-0a56b550e18f154e,UL3,UL3,267,267,1.0,0.8984549873212998,same_gene_deletion_hypothesis,theoretical cut-to-cut interval; requires independent and experimental validation,${REPOSITORY_ROOT}/reports/hsv2_genome_wide_exhaustive/genome_wide_candidates_post_human.csv
VST-2197f2e713f87ca5,VST-047c7cccd59bb4f8,UL52,UL52,1670,1670,1.0,0.8984549873212998,same_gene_deletion_hypothesis,theoretical cut-to-cut interval; requires independent and experimental validation,${REPOSITORY_ROOT}/reports/hsv2_genome_wide_exhaustive/genome_wide_candidates_post_human.csv
VST-240e20eb666f9c85,VST-8e8151383cb1c427,UL30,UL30,2182,2182,1.0,0.8984549873212998,same_gene_deletion_hypothesis,theoretical cut-to-cut interval; requires independent and experimental validation,${REPOSITORY_ROOT}/reports/hsv2_genome_wide_exhaustive/genome_wide_candidates_post_human.csv
VST-240e20eb666f9c85,VST-9b88002aa480c821,UL30,UL30,2471,2471,1.0,0.8984549873212998,same_gene_deletion_hypothesis,theoretical cut-to-cut interval; requires independent and experimental validation,${REPOSITORY_ROOT}/reports/hsv2_genome_wide_exhaustive/genome_wide_candidates_post_human.csv
VST-2b3568cdc187cc3a,VST-969ffa1f37e1ba1a,UL10,UL10,399,399,1.0,0.8984549873212998,same_gene_deletion_hypothesis,theoretical cut-to-cut interval; requires independent and experimental validation,${REPOSITORY_ROOT}/reports/hsv2_genome_wide_exhaustive/genome_wide_candidates_post_human.csv
VST-2b3568cdc187cc3a,VST-ab3524e568a65cfc,UL10,UL10,518,518,1.0,0.8984549873212998,same_gene_deletion_hypothesis,theoretical cut-to-cut interval; requires independent and experimental validation,${REPOSITORY_ROOT}/reports/hsv2_genome_wide_exhaustive/genome_wide_candidates_post_human.csv
VST-39b8e81a7d803f8e,VST-05edd1617c88ef7b,UL50,UL50,902,902,1.0,0.8984549873212998,same_gene_deletion_hypothesis,theoretical cut-to-cut interval; requires independent and experimental validation,${REPOSITORY_ROOT}/reports/hsv2_genome_wide_exhaustive/genome_wide_candidates_post_human.csv
VST-39b8e81a7d803f8e,VST-249d7e4bd2d6e50b,UL50,UL50,276,276,1.0,0.8984549873212998,same_gene_deletion_hypothesis,theoretical cut-to-cut interval; requires independent and experimental validation,${REPOSITORY_ROOT}/reports/hsv2_genome_wide_exhaustive/genome_wide_candidates_post_human.csv
VST-3a05e8146637b989,VST-047c7cccd59bb4f8,UL52,UL52,1576,1576,1.0,0.8984549873212998,same_gene_deletion_hypothesis,theoretical cut-to-cut interval; requires independent and experimental validation,${REPOSITORY_ROOT}/reports/hsv2_genome_wide_exhaustive/genome_wide_candidates_post_human.csv
VST-49e236e977152335,VST-0a56b550e18f154e,UL3,UL3,45,45,1.0,0.8984549873212998,same_gene_deletion_hypothesis,theoretical cut-to-cut interval; requires independent and experimental validation,${REPOSITORY_ROOT}/reports/hsv2_genome_wide_exhaustive/genome_wide_candidates_post_human.csv
VST-4a5cae2eb79cff92,VST-0a56b550e18f154e,UL3,UL3,205,205,1.0,0.8984549873212998,same_gene_deletion_hypothesis,theoretical cut-to-cut interval; requires independent and experimental validation,${REPOSITORY_ROOT}/reports/hsv2_genome_wide_exhaustive/genome_wide_candidates_post_human.csv
VST-4bf9338dda42cbed,VST-2b2ec41725cf1abb,UL15,UL15,3042,3042,1.0,0.8984549873212998,same_gene_deletion_hypothesis,theoretical cut-to-cut interval; requires independent and experimental validation,${REPOSITORY_ROOT}/reports/hsv2_genome_wide_exhaustive/genome_wide_candidates_post_human.csv
VST-4bf9338dda42cbed,VST-a0482af9f2dca640,UL15,UL15,1665,1665,1.0,0.8984549873212998,same_gene_deletion_hypothesis,theoretical cut-to-cut interval; requires independent and experimental validation,${REPOSITORY_ROOT}/reports/hsv2_genome_wide_exhaustive/genome_wide_candidates_post_human.csv
VST-4bf9338dda42cbed,VST-c1e79742f4385cd5,UL15,UL15,746,746,1.0,0.8984549873212998,same_gene_deletion_hypothesis,theoretical cut-to-cut interval; requires independent and experimental validation,${REPOSITORY_ROOT}/reports/hsv2_genome_wide_exhaustive/genome_wide_candidates_post_human.csv
VST-54b5914e21a1a192,VST-2b2ec41725cf1abb,UL15,UL15,1313,1313,1.0,0.8984549873212998,same_gene_deletion_hypothesis,theoretical cut-to-cut interval; requires independent and experimental validation,${REPOSITORY_ROOT}/reports/hsv2_genome_wide_exhaustive/genome_wide_candidates_post_human.csv
VST-54b5914e21a1a192,VST-a0482af9f2dca640,UL15,UL15,64,64,1.0,0.8984549873212998,same_gene_deletion_hypothesis,theoretical cut-to-cut interval; requires independent and experimental validation,${REPOSITORY_ROOT}/reports/hsv2_genome_wide_exhaustive/genome_wide_candidates_post_human.csv
VST-54b5914e21a1a192,VST-c1e79742f4385cd5,UL15,UL15,983,983,1.0,0.8984549873212998,same_gene_deletion_hypothesis,theoretical cut-to-cut interval; requires independent and experimental validation,${REPOSITORY_ROOT}/reports/hsv2_genome_wide_exhaustive/genome_wide_candidates_post_human.csv
VST-56d60db41fb4e4e1,VST-8e8151383cb1c427,UL30,UL30,563,563,1.0,0.8984549873212998,same_gene_deletion_hypothesis,theoretical cut-to-cut interval; requires independent and experimental validation,${REPOSITORY_ROOT}/reports/hsv2_genome_wide_exhaustive/genome_wide_candidates_post_human.csv
VST-56d60db41fb4e4e1,VST-9b88002aa480c821,UL30,UL30,274,274,1.0,0.8984549873212998,same_gene_deletion_hypothesis,theoretical cut-to-cut interval; requires independent and experimental validation,${REPOSITORY_ROOT}/reports/hsv2_genome_wide_exhaustive/genome_wide_candidates_post_human.csv
VST-5b0c902d0b27748e,VST-653941ca0f2028d6,UL46,UL46,474,474,1.0,0.8984549873212998,same_gene_deletion_hypothesis,theoretical cut-to-cut interval; requires independent and experimental validation,${REPOSITORY_ROOT}/reports/hsv2_genome_wide_exhaustive/genome_wide_candidates_post_human.csv
VST-5b0c902d0b27748e,VST-7567f3c32ab9716b,UL46,UL46,1246,1246,1.0,0.8984549873212998,same_gene_deletion_hypothesis,theoretical cut-to-cut interval; requires independent and experimental validation,${REPOSITORY_ROOT}/reports/hsv2_genome_wide_exhaustive/genome_wide_candidates_post_human.csv
VST-5b0c902d0b27748e,VST-c53b11f616dfaf0d,UL46,UL46,769,769,1.0,0.8984549873212998,same_gene_deletion_hypothesis,theoretical cut-to-cut interval; requires independent and experimental validation,${REPOSITORY_ROOT}/reports/hsv2_genome_wide_exhaustive/genome_wide_candidates_post_human.csv
VST-5d9176551b6dbdfd,VST-0a56b550e18f154e,UL3,UL3,206,206,1.0,0.8984549873212998,same_gene_deletion_hypothesis,theoretical cut-to-cut interval; requires independent and experimental validation,${REPOSITORY_ROOT}/reports/hsv2_genome_wide_exhaustive/genome_wide_candidates_post_human.csv
VST-60775d923bdf2965,VST-0711102ad2e7e3a0,UL33,UL33,1540,1540,1.0,0.8984549873212998,same_gene_deletion_hypothesis,theoretical cut-to-cut interval; requires independent and experimental validation,${REPOSITORY_ROOT}/reports/hsv2_genome_wide_exhaustive/genome_wide_candidates_post_human.csv
VST-60775d923bdf2965,VST-7a5a97c25dd01554,UL33,UL33,1541,1541,1.0,0.8984549873212998,same_gene_deletion_hypothesis,theoretical cut-to-cut interval; requires independent and experimental validation,${REPOSITORY_ROOT}/reports/hsv2_genome_wide_exhaustive/genome_wide_candidates_post_human.csv
VST-60775d923bdf2965,VST-eb4e2052c0ebaa3b,UL33,UL33,523,523,1.0,0.8984549873212998,same_gene_deletion_hypothesis,theoretical cut-to-cut interval; requires independent and experimental validation,${REPOSITORY_ROOT}/reports/hsv2_genome_wide_exhaustive/genome_wide_candidates_post_human.csv
VST-7ac03d514962242a,VST-0a56b550e18f154e,UL3,UL3,461,461,1.0,0.8984549873212998,same_gene_deletion_hypothesis,theoretical cut-to-cut interval; requires independent and experimental validation,${REPOSITORY_ROOT}/reports/hsv2_genome_wide_exhaustive/genome_wide_candidates_post_human.csv
VST-7f7b6e25497fc40b,VST-653941ca0f2028d6,UL46,UL46,787,787,1.0,0.8984549873212998,same_gene_deletion_hypothesis,theoretical cut-to-cut interval; requires independent and experimental validation,${REPOSITORY_ROOT}/reports/hsv2_genome_wide_exhaustive/genome_wide_candidates_post_human.csv
VST-7f7b6e25497fc40b,VST-7567f3c32ab9716b,UL46,UL46,1559,1559,1.0,0.8984549873212998,same_gene_deletion_hypothesis,theoretical cut-to-cut interval; requires independent and experimental validation,${REPOSITORY_ROOT}/reports/hsv2_genome_wide_exhaustive/genome_wide_candidates_post_human.csv
VST-7f7b6e25497fc40b,VST-c53b11f616dfaf0d,UL46,UL46,1082,1082,1.0,0.8984549873212998,same_gene_deletion_hypothesis,theoretical cut-to-cut interval; requires independent and experimental validation,${REPOSITORY_ROOT}/reports/hsv2_genome_wide_exhaustive/genome_wide_candidates_post_human.csv
VST-89884ea3f3df2232,VST-969ffa1f37e1ba1a,UL10,UL10,827,827,1.0,0.8984549873212998,same_gene_deletion_hypothesis,theoretical cut-to-cut interval; requires independent and experimental validation,${REPOSITORY_ROOT}/reports/hsv2_genome_wide_exhaustive/genome_wide_candidates_post_human.csv
VST-89884ea3f3df2232,VST-ab3524e568a65cfc,UL10,UL10,946,946,1.0,0.8984549873212998,same_gene_deletion_hypothesis,theoretical cut-to-cut interval; requires independent and experimental validation,${REPOSITORY_ROOT}/reports/hsv2_genome_wide_exhaustive/genome_wide_candidates_post_human.csv
VST-9d1d422650f0fd0f,VST-653941ca0f2028d6,UL46,UL46,460,460,1.0,0.8984549873212998,same_gene_deletion_hypothesis,theoretical cut-to-cut interval; requires independent and experimental validation,${REPOSITORY_ROOT}/reports/hsv2_genome_wide_exhaustive/genome_wide_candidates_post_human.csv
VST-9d1d422650f0fd0f,VST-7567f3c32ab9716b,UL46,UL46,1232,1232,1.0,0.8984549873212998,same_gene_deletion_hypothesis,theoretical cut-to-cut interval; requires independent and experimental validation,${REPOSITORY_ROOT}/reports/hsv2_genome_wide_exhaustive/genome_wide_candidates_post_human.csv
VST-9d1d422650f0fd0f,VST-c53b11f616dfaf0d,UL46,UL46,755,755,1.0,0.8984549873212998,same_gene_deletion_hypothesis,theoretical cut-to-cut interval; requires independent and experimental validation,${REPOSITORY_ROOT}/reports/hsv2_genome_wide_exhaustive/genome_wide_candidates_post_human.csv
VST-9d3cc3fbfd32544e,VST-8e8151383cb1c427,UL30,UL30,1343,1343,1.0,0.8984549873212998,same_gene_deletion_hypothesis,theoretical cut-to-cut interval; requires independent and experimental validation,${REPOSITORY_ROOT}/reports/hsv2_genome_wide_exhaustive/genome_wide_candidates_post_human.csv
VST-9d3cc3fbfd32544e,VST-9b88002aa480c821,UL30,UL30,1632,1632,1.0,0.8984549873212998,same_gene_deletion_hypothesis,theoretical cut-to-cut interval; requires independent and experimental validation,${REPOSITORY_ROOT}/reports/hsv2_genome_wide_exhaustive/genome_wide_candidates_post_human.csv
VST-9ed9c9a6c89a5969,VST-8e8151383cb1c427,UL30,UL30,1197,1197,1.0,0.8984549873212998,same_gene_deletion_hypothesis,theoretical cut-to-cut interval; requires independent and experimental validation,${REPOSITORY_ROOT}/reports/hsv2_genome_wide_exhaustive/genome_wide_candidates_post_human.csv
VST-9ed9c9a6c89a5969,VST-9b88002aa480c821,UL30,UL30,908,908,1.0,0.8984549873212998,same_gene_deletion_hypothesis,theoretical cut-to-cut interval; requires independent and experimental validation,${REPOSITORY_ROOT}/reports/hsv2_genome_wide_exhaustive/genome_wide_candidates_post_human.csv
VST-af7933782e7be4af,VST-8e8151383cb1c427,UL30,UL30,1879,1879,1.0,0.8984549873212998,same_gene_deletion_hypothesis,theoretical cut-to-cut interval; requires independent and experimental validation,${REPOSITORY_ROOT}/reports/hsv2_genome_wide_exhaustive/genome_wide_candidates_post_human.csv
VST-af7933782e7be4af,VST-9b88002aa480c821,UL30,UL30,2168,2168,1.0,0.8984549873212998,same_gene_deletion_hypothesis,theoretical cut-to-cut interval; requires independent and experimental validation,${REPOSITORY_ROOT}/reports/hsv2_genome_wide_exhaustive/genome_wide_candidates_post_human.csv
VST-ba561bf9733fcc67,VST-0a56b550e18f154e,UL3,UL3,223,223,1.0,0.8984549873212998,same_gene_deletion_hypothesis,theoretical cut-to-cut interval; requires independent and experimental validation,${REPOSITORY_ROOT}/reports/hsv2_genome_wide_exhaustive/genome_wide_candidates_post_human.csv
VST-ba5a29a851401a8e,VST-0a56b550e18f154e,UL3,UL3,237,237,1.0,0.8984549873212998,same_gene_deletion_hypothesis,theoretical cut-to-cut interval; requires independent and experimental validation,${REPOSITORY_ROOT}/reports/hsv2_genome_wide_exhaustive/genome_wide_candidates_post_human.csv
VST-12b9f79552b46501,VST-3c43f917dee00628,UL50,UL50,97,97,1.0,0.8982455610725006,same_gene_deletion_hypothesis,theoretical cut-to-cut interval; requires independent and experimental validation,${REPOSITORY_ROOT}/reports/hsv2_genome_wide_exhaustive/genome_wide_candidates_post_human.csv
VST-12b9f79552b46501,VST-702ced0bbfd459fb,UL50,UL50,82,82,1.0,0.8982455610725006,same_gene_deletion_hypothesis,theoretical cut-to-cut interval; requires independent and experimental validation,${REPOSITORY_ROOT}/reports/hsv2_genome_wide_exhaustive/genome_wide_candidates_post_human.csv
VST-12b9f79552b46501,VST-b4d8ba737daaa589,UL50,UL50,83,83,1.0,0.8982455610725006,same_gene_deletion_hypothesis,theoretical cut-to-cut interval; requires independent and experimental validation,${REPOSITORY_ROOT}/reports/hsv2_genome_wide_exhaustive/genome_wide_candidates_post_human.csv
VST-12b9f79552b46501,VST-f689e03c9c66844f,UL50,UL50,98,98,1.0,0.8982455610725006,same_gene_deletion_hypothesis,theoretical cut-to-cut interval; requires independent and experimental validation,${REPOSITORY_ROOT}/reports/hsv2_genome_wide_exhaustive/genome_wide_candidates_post_human.csv
VST-1d1284837f4da8f5,VST-1235e74e861a555f,UL10,UL10,777,777,1.0,0.8982455610725006,same_gene_deletion_hypothesis,theoretical cut-to-cut interval; requires independent and experimental validation,${REPOSITORY_ROOT}/reports/hsv2_genome_wide_exhaustive/genome_wide_candidates_post_human.csv
VST-1d1284837f4da8f5,VST-33cfa6d0982c9513,UL10,UL10,63,63,1.0,0.8982455610725006,same_gene_deletion_hypothesis,theoretical cut-to-cut interval; requires independent and experimental validation,${REPOSITORY_ROOT}/reports/hsv2_genome_wide_exhaustive/genome_wide_candidates_post_human.csv
VST-1d1284837f4da8f5,VST-4a527ce754156eb0,UL10,UL10,162,162,1.0,0.8982455610725006,same_gene_deletion_hypothesis,theoretical cut-to-cut interval; requires independent and experimental validation,${REPOSITORY_ROOT}/reports/hsv2_genome_wide_exhaustive/genome_wide_candidates_post_human.csv
VST-1d1284837f4da8f5,VST-ab5e0a7300c5f8fd,UL10,UL10,68,68,1.0,0.8982455610725006,same_gene_deletion_hypothesis,theoretical cut-to-cut interval; requires independent and experimental validation,${REPOSITORY_ROOT}/reports/hsv2_genome_wide_exhaustive/genome_wide_candidates_post_human.csv
VST-2310b41e9822d690,VST-282f637f252058e1,UL47,UL47,3653,3653,1.0,0.8982455610725006,same_gene_deletion_hypothesis,theoretical cut-to-cut interval; requires independent and experimental validation,${REPOSITORY_ROOT}/reports/hsv2_genome_wide_exhaustive/genome_wide_candidates_post_human.csv
VST-2310b41e9822d690,VST-64180409fb9d34c6,UL47,UL47,2805,2805,1.0,0.8982455610725006,same_gene_deletion_hypothesis,theoretical cut-to-cut interval; requires independent and experimental validation,${REPOSITORY_ROOT}/reports/hsv2_genome_wide_exhaustive/genome_wide_candidates_post_human.csv
VST-600cfa63d24df854,VST-fead3c9086c42153,UL11,UL11,105,105,1.0,0.8982455610725006,same_gene_deletion_hypothesis,theoretical cut-to-cut interval; requires independent and experimental validation,${REPOSITORY_ROOT}/reports/hsv2_genome_wide_exhaustive/genome_wide_candidates_post_human.csv
VST-808abc5d9a92d25b,VST-05b99c897b142721,UL52,UL52,3018,3018,1.0,0.8982455610725006,same_gene_deletion_hypothesis,theoretical cut-to-cut interval; requires independent and experimental validation,${REPOSITORY_ROOT}/reports/hsv2_genome_wide_exhaustive/genome_wide_candidates_post_human.csv
VST-808abc5d9a92d25b,VST-415f0e8a9b47ccfd,UL52,UL52,6,6,1.0,0.8982455610725006,same_gene_deletion_hypothesis,theoretical cut-to-cut interval; requires independent and experimental validation,${REPOSITORY_ROOT}/reports/hsv2_genome_wide_exhaustive/genome_wide_candidates_post_human.csv
VST-808abc5d9a92d25b,VST-4a7669fd4a3ceb1e,UL52,UL52,1704,1704,1.0,0.8982455610725006,same_gene_deletion_hypothesis,theoretical cut-to-cut interval; requires independent and experimental validation,${REPOSITORY_ROOT}/reports/hsv2_genome_wide_exhaustive/genome_wide_candidates_post_human.csv
VST-808abc5d9a92d25b,VST-7663146b5e4d027e,UL52,UL52,76,76,1.0,0.8982455610725006,same_gene_deletion_hypothesis,theoretical cut-to-cut interval; requires independent and experimental validation,${REPOSITORY_ROOT}/reports/hsv2_genome_wide_exhaustive/genome_wide_candidates_post_human.csv
VST-8a1588fa1aebe584,VST-05b99c897b142721,UL52,UL52,3083,3083,1.0,0.8982455610725006,same_gene_deletion_hypothesis,theoretical cut-to-cut interval; requires independent and experimental validation,${REPOSITORY_ROOT}/reports/hsv2_genome_wide_exhaustive/genome_wide_candidates_post_human.csv
VST-8a1588fa1aebe584,VST-415f0e8a9b47ccfd,UL52,UL52,59,59,1.0,0.8982455610725006,same_gene_deletion_hypothesis,theoretical cut-to-cut interval; requires independent and experimental validation,${REPOSITORY_ROOT}/reports/hsv2_genome_wide_exhaustive/genome_wide_candidates_post_human.csv
VST-8a1588fa1aebe584,VST-4a7669fd4a3ceb1e,UL52,UL52,1769,1769,1.0,0.8982455610725006,same_gene_deletion_hypothesis,theoretical cut-to-cut interval; requires independent and experimental validation,${REPOSITORY_ROOT}/reports/hsv2_genome_wide_exhaustive/genome_wide_candidates_post_human.csv
VST-8a1588fa1aebe584,VST-7663146b5e4d027e,UL52,UL52,141,141,1.0,0.8982455610725006,same_gene_deletion_hypothesis,theoretical cut-to-cut interval; requires independent and experimental validation,${REPOSITORY_ROOT}/reports/hsv2_genome_wide_exhaustive/genome_wide_candidates_post_human.csv
VST-b2c199ec1112f217,VST-20516e76f738c908,UL15,UL15,1187,1187,1.0,0.8982455610725006,same_gene_deletion_hypothesis,theoretical cut-to-cut interval; requires independent and experimental validation,${REPOSITORY_ROOT}/reports/hsv2_genome_wide_exhaustive/genome_wide_candidates_post_human.csv
VST-b2c199ec1112f217,VST-6f648ec4222c10e5,UL15,UL15,355,355,1.0,0.8982455610725006,same_gene_deletion_hypothesis,theoretical cut-to-cut interval; requires independent and experimental validation,${REPOSITORY_ROOT}/reports/hsv2_genome_wide_exhaustive/genome_wide_candidates_post_human.csv
VST-b2c199ec1112f217,VST-a0e68a62911f9940,UL15,UL15,1188,1188,1.0,0.8982455610725006,same_gene_deletion_hypothesis,theoretical cut-to-cut interval; requires independent and experimental validation,${REPOSITORY_ROOT}/reports/hsv2_genome_wide_exhaustive/genome_wide_candidates_post_human.csv
VST-2b3568cdc187cc3a,VST-76977c9a0e77a665,UL10,UL10,579,579,1.0,0.898153018671067,same_gene_deletion_hypothesis,theoretical cut-to-cut interval; requires independent and experimental validation,${REPOSITORY_ROOT}/reports/hsv2_genome_wide_exhaustive/genome_wide_candidates_post_human.csv
VST-39b8e81a7d803f8e,VST-7de126e33810507f,UL50,UL50,903,903,1.0,0.898153018671067,same_gene_deletion_hypothesis,theoretical cut-to-cut interval; requires independent and experimental validation,${REPOSITORY_ROOT}/reports/hsv2_genome_wide_exhaustive/genome_wide_candidates_post_human.csv
VST-39b8e81a7d803f8e,VST-82dfe45db6836cf3,UL50,UL50,30,30,1.0,0.898153018671067,same_gene_deletion_hypothesis,theoretical cut-to-cut interval; requires independent and experimental validation,${REPOSITORY_ROOT}/reports/hsv2_genome_wide_exhaustive/genome_wide_candidates_post_human.csv
VST-60775d923bdf2965,VST-1a7fa12b2b0e5555,UL33,UL33,197,197,1.0,0.898153018671067,same_gene_deletion_hypothesis,theoretical cut-to-cut interval; requires independent and experimental validation,${REPOSITORY_ROOT}/reports/hsv2_genome_wide_exhaustive/genome_wide_candidates_post_human.csv
VST-60775d923bdf2965,VST-45dbce4ec075ef9c,UL33,UL33,124,124,1.0,0.898153018671067,same_gene_deletion_hypothesis,theoretical cut-to-cut interval; requires independent and experimental validation,${REPOSITORY_ROOT}/reports/hsv2_genome_wide_exhaustive/genome_wide_candidates_post_human.csv
VST-60775d923bdf2965,VST-7e1b22e5ce36f92e,UL33,UL33,1571,1571,1.0,0.898153018671067,same_gene_deletion_hypothesis,theoretical cut-to-cut interval; requires independent and experimental validation,${REPOSITORY_ROOT}/reports/hsv2_genome_wide_exhaustive/genome_wide_candidates_post_human.csv
VST-89884ea3f3df2232,VST-76977c9a0e77a665,UL10,UL10,1007,1007,1.0,0.898153018671067,same_gene_deletion_hypothesis,theoretical cut-to-cut interval; requires independent and experimental validation,${REPOSITORY_ROOT}/reports/hsv2_genome_wide_exhaustive/genome_wide_candidates_post_human.csv
VST-9cd67af4bd66d50a,VST-373e70d307a3ef2c,UL46,UL46,834,834,1.0,0.898153018671067,same_gene_deletion_hypothesis,theoretical cut-to-cut interval; requires independent and experimental validation,${REPOSITORY_ROOT}/reports/hsv2_genome_wide_exhaustive/genome_wide_candidates_post_human.csv
VST-12b9f79552b46501,VST-05edd1617c88ef7b,UL50,UL50,928,928,1.0,0.898091869751983,same_gene_deletion_hypothesis,theoretical cut-to-cut interval; requires independent and experimental validation,${REPOSITORY_ROOT}/reports/hsv2_genome_wide_exhaustive/genome_wide_candidates_post_human.csv
VST-12b9f79552b46501,VST-249d7e4bd2d6e50b,UL50,UL50,302,302,1.0,0.898091869751983,same_gene_deletion_hypothesis,theoretical cut-to-cut interval; requires independent and experimental validation,${REPOSITORY_ROOT}/reports/hsv2_genome_wide_exhaustive/genome_wide_candidates_post_human.csv
VST-1d1284837f4da8f5,VST-969ffa1f37e1ba1a,UL10,UL10,293,293,1.0,0.898091869751983,same_gene_deletion_hypothesis,theoretical cut-to-cut interval; requires independent and experimental validation,${REPOSITORY_ROOT}/reports/hsv2_genome_wide_exhaustive/genome_wide_candidates_post_human.csv
VST-1d1284837f4da8f5,VST-ab3524e568a65cfc,UL10,UL10,174,174,1.0,0.898091869751983,same_gene_deletion_hypothesis,theoretical cut-to-cut interval; requires independent and experimental validation,${REPOSITORY_ROOT}/reports/hsv2_genome_wide_exhaustive/genome_wide_candidates_post_human.csv
VST-808abc5d9a92d25b,VST-047c7cccd59bb4f8,UL52,UL52,1739,1739,1.0,0.898091869751983,same_gene_deletion_hypothesis,theoretical cut-to-cut interval; requires independent and experimental validation,${REPOSITORY_ROOT}/reports/hsv2_genome_wide_exhaustive/genome_wide_candidates_post_human.csv
VST-8a1588fa1aebe584,VST-047c7cccd59bb4f8,UL52,UL52,1804,1804,1.0,0.898091869751983,same_gene_deletion_hypothesis,theoretical cut-to-cut interval; requires independent and experimental validation,${REPOSITORY_ROOT}/reports/hsv2_genome_wide_exhaustive/genome_wide_candidates_post_human.csv
VST-b2c199ec1112f217,VST-2b2ec41725cf1abb,UL15,UL15,1734,1734,1.0,0.898091869751983,same_gene_deletion_hypothesis,theoretical cut-to-cut interval; requires independent and experimental validation,${REPOSITORY_ROOT}/reports/hsv2_genome_wide_exhaustive/genome_wide_candidates_post_human.csv
VST-b2c199ec1112f217,VST-a0482af9f2dca640,UL15,UL15,357,357,1.0,0.898091869751983,same_gene_deletion_hypothesis,theoretical cut-to-cut interval; requires independent and experimental validation,${REPOSITORY_ROOT}/reports/hsv2_genome_wide_exhaustive/genome_wide_candidates_post_human.csv
VST-b2c199ec1112f217,VST-c1e79742f4385cd5,UL15,UL15,562,562,1.0,0.898091869751983,same_gene_deletion_hypothesis,theoretical cut-to-cut interval; requires independent and experimental validation,${REPOSITORY_ROOT}/reports/hsv2_genome_wide_exhaustive/genome_wide_candidates_post_human.csv
VST-d6724e2760409914,VST-0a56b550e18f154e,UL3,UL3,47,47,1.0,0.898091869751983,same_gene_deletion_hypothesis,theoretical cut-to-cut interval; requires independent and experimental validation,${REPOSITORY_ROOT}/reports/hsv2_genome_wide_exhaustive/genome_wide_candidates_post_human.csv
VST-05b99c897b142721,VST-415f0e8a9b47ccfd,UL52,UL52,3024,3024,1.0,0.897943592422268,same_gene_deletion_hypothesis,theoretical cut-to-cut interval; requires independent and experimental validation,${REPOSITORY_ROOT}/reports/hsv2_genome_wide_exhaustive/genome_wide_candidates_post_human.csv
VST-05b99c897b142721,VST-4a7669fd4a3ceb1e,UL52,UL52,1314,1314,1.0,0.897943592422268,same_gene_deletion_hypothesis,theoretical cut-to-cut interval; requires independent and experimental validation,${REPOSITORY_ROOT}/reports/hsv2_genome_wide_exhaustive/genome_wide_candidates_post_human.csv
VST-05b99c897b142721,VST-7663146b5e4d027e,UL52,UL52,2942,2942,1.0,0.897943592422268,same_gene_deletion_hypothesis,theoretical cut-to-cut interval; requires independent and experimental validation,${REPOSITORY_ROOT}/reports/hsv2_genome_wide_exhaustive/genome_wide_candidates_post_human.csv
VST-1235e74e861a555f,VST-33cfa6d0982c9513,UL10,UL10,714,714,1.0,0.897943592422268,same_gene_deletion_hypothesis,theoretical cut-to-cut interval; requires independent and experimental validation,${REPOSITORY_ROOT}/reports/hsv2_genome_wide_exhaustive/genome_wide_candidates_post_human.csv
VST-1235e74e861a555f,VST-4a527ce754156eb0,UL10,UL10,615,615,1.0,0.897943592422268,same_gene_deletion_hypothesis,theoretical cut-to-cut interval; requires independent and experimental validation,${REPOSITORY_ROOT}/reports/hsv2_genome_wide_exhaustive/genome_wide_candidates_post_human.csv
VST-1235e74e861a555f,VST-ab5e0a7300c5f8fd,UL10,UL10,709,709,1.0,0.897943592422268,same_gene_deletion_hypothesis,theoretical cut-to-cut interval; requires independent and experimental validation,${REPOSITORY_ROOT}/reports/hsv2_genome_wide_exhaustive/genome_wide_candidates_post_human.csv
VST-1aa0d67c1728df8f,VST-29c7635dd5ccf48b,UL33,UL33,1,1,1.0,0.897943592422268,same_gene_deletion_hypothesis,theoretical cut-to-cut interval; requires independent and experimental validation,${REPOSITORY_ROOT}/reports/hsv2_genome_wide_exhaustive/genome_wide_candidates_post_human.csv
VST-1aa0d67c1728df8f,VST-3777b42b0a7de238,UL33,UL33,608,608,1.0,0.897943592422268,same_gene_deletion_hypothesis,theoretical cut-to-cut interval; requires independent and experimental validation,${REPOSITORY_ROOT}/reports/hsv2_genome_wide_exhaustive/genome_wide_candidates_post_human.csv
VST-20516e76f738c908,VST-6f648ec4222c10e5,UL15,UL15,1542,1542,1.0,0.897943592422268,same_gene_deletion_hypothesis,theoretical cut-to-cut interval; requires independent and experimental validation,${REPOSITORY_ROOT}/reports/hsv2_genome_wide_exhaustive/genome_wide_candidates_post_human.csv
VST-20516e76f738c908,VST-a0e68a62911f9940,UL15,UL15,1,1,1.0,0.897943592422268,same_gene_deletion_hypothesis,theoretical cut-to-cut interval; requires independent and experimental validation,${REPOSITORY_ROOT}/reports/hsv2_genome_wide_exhaustive/genome_wide_candidates_post_human.csv
VST-282f637f252058e1,VST-64180409fb9d34c6,UL47,UL47,848,848,1.0,0.897943592422268,same_gene_deletion_hypothesis,theoretical cut-to-cut interval; requires independent and experimental validation,${REPOSITORY_ROOT}/reports/hsv2_genome_wide_exhaustive/genome_wide_candidates_post_human.csv
VST-282f637f252058e1,VST-64180409fb9d34c6,UL46,UL46,848,848,1.0,0.897943592422268,same_gene_deletion_hypothesis,theoretical cut-to-cut interval; requires independent and experimental validation,${REPOSITORY_ROOT}/reports/hsv2_genome_wide_exhaustive/genome_wide_candidates_post_human.csv
VST-29c7635dd5ccf48b,VST-3777b42b0a7de238,UL33,UL33,609,609,1.0,0.897943592422268,same_gene_deletion_hypothesis,theoretical cut-to-cut interval; requires independent and experimental validation,${REPOSITORY_ROOT}/reports/hsv2_genome_wide_exhaustive/genome_wide_candidates_post_human.csv
VST-33cfa6d0982c9513,VST-4a527ce754156eb0,UL10,UL10,99,99,1.0,0.897943592422268,same_gene_deletion_hypothesis,theoretical cut-to-cut interval; requires independent and experimental validation,${REPOSITORY_ROOT}/reports/hsv2_genome_wide_exhaustive/genome_wide_candidates_post_human.csv
VST-33cfa6d0982c9513,VST-ab5e0a7300c5f8fd,UL10,UL10,5,5,1.0,0.897943592422268,same_gene_deletion_hypothesis,theoretical cut-to-cut interval; requires independent and experimental validation,${REPOSITORY_ROOT}/reports/hsv2_genome_wide_exhaustive/genome_wide_candidates_post_human.csv
VST-37e9317a0f663727,VST-73876fa22678f917,UL30,UL30,1,1,1.0,0.897943592422268,same_gene_deletion_hypothesis,theoretical cut-to-cut interval; requires independent and experimental validation,${REPOSITORY_ROOT}/reports/hsv2_genome_wide_exhaustive/genome_wide_candidates_post_human.csv
VST-37e9317a0f663727,VST-d48124c847ae62ae,UL30,UL30,869,869,1.0,0.897943592422268,same_gene_deletion_hypothesis,theoretical cut-to-cut interval; requires independent and experimental validation,${REPOSITORY_ROOT}/reports/hsv2_genome_wide_exhaustive/genome_wide_candidates_post_human.csv
VST-3c43f917dee00628,VST-702ced0bbfd459fb,UL50,UL50,15,15,1.0,0.897943592422268,same_gene_deletion_hypothesis,theoretical cut-to-cut interval; requires independent and experimental validation,${REPOSITORY_ROOT}/reports/hsv2_genome_wide_exhaustive/genome_wide_candidates_post_human.csv
VST-3c43f917dee00628,VST-b4d8ba737daaa589,UL50,UL50,14,14,1.0,0.897943592422268,same_gene_deletion_hypothesis,theoretical cut-to-cut interval; requires independent and experimental validation,${REPOSITORY_ROOT}/reports/hsv2_genome_wide_exhaustive/genome_wide_candidates_post_human.csv
VST-3c43f917dee00628,VST-f689e03c9c66844f,UL50,UL50,1,1,1.0,0.897943592422268,same_gene_deletion_hypothesis,theoretical cut-to-cut interval; requires independent and experimental validation,${REPOSITORY_ROOT}/reports/hsv2_genome_wide_exhaustive/genome_wide_candidates_post_human.csv
VST-415f0e8a9b47ccfd,VST-4a7669fd4a3ceb1e,UL52,UL52,1710,1710,1.0,0.897943592422268,same_gene_deletion_hypothesis,theoretical cut-to-cut interval; requires independent and experimental validation,${REPOSITORY_ROOT}/reports/hsv2_genome_wide_exhaustive/genome_wide_candidates_post_human.csv
VST-415f0e8a9b47ccfd,VST-7663146b5e4d027e,UL52,UL52,82,82,1.0,0.897943592422268,same_gene_deletion_hypothesis,theoretical cut-to-cut interval; requires independent and experimental validation,${REPOSITORY_ROOT}/reports/hsv2_genome_wide_exhaustive/genome_wide_candidates_post_human.csv
VST-4a527ce754156eb0,VST-ab5e0a7300c5f8fd,UL10,UL10,94,94,1.0,0.897943592422268,same_gene_deletion_hypothesis,theoretical cut-to-cut interval; requires independent and experimental validation,${REPOSITORY_ROOT}/reports/hsv2_genome_wide_exhaustive/genome_wide_candidates_post_human.csv
VST-4a7669fd4a3ceb1e,VST-7663146b5e4d027e,UL52,UL52,1628,1628,1.0,0.897943592422268,same_gene_deletion_hypothesis,theoretical cut-to-cut interval; requires independent and experimental validation,${REPOSITORY_ROOT}/reports/hsv2_genome_wide_exhaustive/genome_wide_candidates_post_human.csv
VST-6f648ec4222c10e5,VST-a0e68a62911f9940,UL15,UL15,1543,1543,1.0,0.897943592422268,same_gene_deletion_hypothesis,theoretical cut-to-cut interval; requires independent and experimental validation,${REPOSITORY_ROOT}/reports/hsv2_genome_wide_exhaustive/genome_wide_candidates_post_human.csv
VST-702ced0bbfd459fb,VST-b4d8ba737daaa589,UL50,UL50,1,1,1.0,0.897943592422268,same_gene_deletion_hypothesis,theoretical cut-to-cut interval; requires independent and experimental validation,${REPOSITORY_ROOT}/reports/hsv2_genome_wide_exhaustive/genome_wide_candidates_post_human.csv
VST-702ced0bbfd459fb,VST-f689e03c9c66844f,UL50,UL50,16,16,1.0,0.897943592422268,same_gene_deletion_hypothesis,theoretical cut-to-cut interval; requires independent and experimental validation,${REPOSITORY_ROOT}/reports/hsv2_genome_wide_exhaustive/genome_wide_candidates_post_human.csv
VST-73876fa22678f917,VST-d48124c847ae62ae,UL30,UL30,868,868,1.0,0.897943592422268,same_gene_deletion_hypothesis,theoretical cut-to-cut interval; requires independent and experimental validation,${REPOSITORY_ROOT}/reports/hsv2_genome_wide_exhaustive/genome_wide_candidates_post_human.csv
VST-b4d8ba737daaa589,VST-f689e03c9c66844f,UL50,UL50,15,15,1.0,0.897943592422268,same_gene_deletion_hypothesis,theoretical cut-to-cut interval; requires independent and experimental validation,${REPOSITORY_ROOT}/reports/hsv2_genome_wide_exhaustive/genome_wide_candidates_post_human.csv
VST-05b99c897b142721,VST-047c7cccd59bb4f8,UL52,UL52,1279,1279,1.0,0.8977899011017504,same_gene_deletion_hypothesis,theoretical cut-to-cut interval; requires independent and experimental validation,${REPOSITORY_ROOT}/reports/hsv2_genome_wide_exhaustive/genome_wide_candidates_post_human.csv
VST-1235e74e861a555f,VST-969ffa1f37e1ba1a,UL10,UL10,484,484,1.0,0.8977899011017504,same_gene_deletion_hypothesis,theoretical cut-to-cut interval; requires independent and experimental validation,${REPOSITORY_ROOT}/reports/hsv2_genome_wide_exhaustive/genome_wide_candidates_post_human.csv
VST-1235e74e861a555f,VST-ab3524e568a65cfc,UL10,UL10,603,603,1.0,0.8977899011017504,same_gene_deletion_hypothesis,theoretical cut-to-cut interval; requires independent and experimental validation,${REPOSITORY_ROOT}/reports/hsv2_genome_wide_exhaustive/genome_wide_candidates_post_human.csv
VST-12b9f79552b46501,VST-7de126e33810507f,UL50,UL50,929,929,1.0,0.8977899011017504,same_gene_deletion_hypothesis,theoretical cut-to-cut interval; requires independent and experimental validation,${REPOSITORY_ROOT}/reports/hsv2_genome_wide_exhaustive/genome_wide_candidates_post_human.csv
VST-12b9f79552b46501,VST-82dfe45db6836cf3,UL50,UL50,56,56,1.0,0.8977899011017504,same_gene_deletion_hypothesis,theoretical cut-to-cut interval; requires independent and experimental validation,${REPOSITORY_ROOT}/reports/hsv2_genome_wide_exhaustive/genome_wide_candidates_post_human.csv
VST-1aa0d67c1728df8f,VST-0711102ad2e7e3a0,UL33,UL33,992,992,1.0,0.8977899011017504,same_gene_deletion_hypothesis,theoretical cut-to-cut interval; requires independent and experimental validation,${REPOSITORY_ROOT}/reports/hsv2_genome_wide_exhaustive/genome_wide_candidates_post_human.csv
VST-1aa0d67c1728df8f,VST-7a5a97c25dd01554,UL33,UL33,993,993,1.0,0.8977899011017504,same_gene_deletion_hypothesis,theoretical cut-to-cut interval; requires independent and experimental validation,${REPOSITORY_ROOT}/reports/hsv2_genome_wide_exhaustive/genome_wide_candidates_post_human.csv
VST-1aa0d67c1728df8f,VST-eb4e2052c0ebaa3b,UL33,UL33,25,25,1.0,0.8977899011017504,same_gene_deletion_hypothesis,theoretical cut-to-cut interval; requires independent and experimental validation,${REPOSITORY_ROOT}/reports/hsv2_genome_wide_exhaustive/genome_wide_candidates_post_human.csv
VST-1d1284837f4da8f5,VST-76977c9a0e77a665,UL10,UL10,113,113,1.0,0.8977899011017504,same_gene_deletion_hypothesis,theoretical cut-to-cut interval; requires independent and experimental validation,${REPOSITORY_ROOT}/reports/hsv2_genome_wide_exhaustive/genome_wide_candidates_post_human.csv
VST-20516e76f738c908,VST-2b2ec41725cf1abb,UL15,UL15,547,547,1.0,0.8977899011017504,same_gene_deletion_hypothesis,theoretical cut-to-cut interval; requires independent and experimental validation,${REPOSITORY_ROOT}/reports/hsv2_genome_wide_exhaustive/genome_wide_candidates_post_human.csv
VST-20516e76f738c908,VST-a0482af9f2dca640,UL15,UL15,830,830,1.0,0.8977899011017504,same_gene_deletion_hypothesis,theoretical cut-to-cut interval; requires independent and experimental validation,${REPOSITORY_ROOT}/reports/hsv2_genome_wide_exhaustive/genome_wide_candidates_post_human.csv
VST-20516e76f738c908,VST-c1e79742f4385cd5,UL15,UL15,1749,1749,1.0,0.8977899011017504,same_gene_deletion_hypothesis,theoretical cut-to-cut interval; requires independent and experimental validation,${REPOSITORY_ROOT}/reports/hsv2_genome_wide_exhaustive/genome_wide_candidates_post_human.csv
VST-282f637f252058e1,VST-653941ca0f2028d6,UL46,UL46,829,829,1.0,0.8977899011017504,same_gene_deletion_hypothesis,theoretical cut-to-cut interval; requires independent and experimental validation,${REPOSITORY_ROOT}/reports/hsv2_genome_wide_exhaustive/genome_wide_candidates_post_human.csv
VST-282f637f252058e1,VST-7567f3c32ab9716b,UL46,UL46,1601,1601,1.0,0.8977899011017504,same_gene_deletion_hypothesis,theoretical cut-to-cut interval; requires independent and experimental validation,${REPOSITORY_ROOT}/reports/hsv2_genome_wide_exhaustive/genome_wide_candidates_post_human.csv
VST-282f637f252058e1,VST-c53b11f616dfaf0d,UL46,UL46,1124,1124,1.0,0.8977899011017504,same_gene_deletion_hypothesis,theoretical cut-to-cut interval; requires independent and experimental validation,${REPOSITORY_ROOT}/reports/hsv2_genome_wide_exhaustive/genome_wide_candidates_post_human.csv
VST-29c7635dd5ccf48b,VST-0711102ad2e7e3a0,UL33,UL33,993,993,1.0,0.8977899011017504,same_gene_deletion_hypothesis,theoretical cut-to-cut interval; requires independent and experimental validation,${REPOSITORY_ROOT}/reports/hsv2_genome_wide_exhaustive/genome_wide_candidates_post_human.csv
VST-29c7635dd5ccf48b,VST-7a5a97c25dd01554,UL33,UL33,994,994,1.0,0.8977899011017504,same_gene_deletion_hypothesis,theoretical cut-to-cut interval; requires independent and experimental validation,${REPOSITORY_ROOT}/reports/hsv2_genome_wide_exhaustive/genome_wide_candidates_post_human.csv
VST-29c7635dd5ccf48b,VST-eb4e2052c0ebaa3b,UL33,UL33,24,24,1.0,0.8977899011017504,same_gene_deletion_hypothesis,theoretical cut-to-cut interval; requires independent and experimental validation,${REPOSITORY_ROOT}/reports/hsv2_genome_wide_exhaustive/genome_wide_candidates_post_human.csv
VST-33cfa6d0982c9513,VST-969ffa1f37e1ba1a,UL10,UL10,230,230,1.0,0.8977899011017504,same_gene_deletion_hypothesis,theoretical cut-to-cut interval; requires independent and experimental validation,${REPOSITORY_ROOT}/reports/hsv2_genome_wide_exhaustive/genome_wide_candidates_post_human.csv
VST-33cfa6d0982c9513,VST-ab3524e568a65cfc,UL10,UL10,111,111,1.0,0.8977899011017504,same_gene_deletion_hypothesis,theoretical cut-to-cut interval; requires independent and experimental validation,${REPOSITORY_ROOT}/reports/hsv2_genome_wide_exhaustive/genome_wide_candidates_post_human.csv
VST-3777b42b0a7de238,VST-0711102ad2e7e3a0,UL33,UL33,384,384,1.0,0.8977899011017504,same_gene_deletion_hypothesis,theoretical cut-to-cut interval; requires independent and experimental validation,${REPOSITORY_ROOT}/reports/hsv2_genome_wide_exhaustive/genome_wide_candidates_post_human.csv
VST-3777b42b0a7de238,VST-7a5a97c25dd01554,UL33,UL33,385,385,1.0,0.8977899011017504,same_gene_deletion_hypothesis,theoretical cut-to-cut interval; requires independent and experimental validation,${REPOSITORY_ROOT}/reports/hsv2_genome_wide_exhaustive/genome_wide_candidates_post_human.csv
VST-3777b42b0a7de238,VST-eb4e2052c0ebaa3b,UL33,UL33,633,633,1.0,0.8977899011017504,same_gene_deletion_hypothesis,theoretical cut-to-cut interval; requires independent and experimental validation,${REPOSITORY_ROOT}/reports/hsv2_genome_wide_exhaustive/genome_wide_candidates_post_human.csv
VST-37e9317a0f663727,VST-8e8151383cb1c427,UL30,UL30,999,999,1.0,0.8977899011017504,same_gene_deletion_hypothesis,theoretical cut-to-cut interval; requires independent and experimental validation,${REPOSITORY_ROOT}/reports/hsv2_genome_wide_exhaustive/genome_wide_candidates_post_human.csv
VST-37e9317a0f663727,VST-9b88002aa480c821,UL30,UL30,1288,1288,1.0,0.8977899011017504,same_gene_deletion_hypothesis,theoretical cut-to-cut interval; requires independent and experimental validation,${REPOSITORY_ROOT}/reports/hsv2_genome_wide_exhaustive/genome_wide_candidates_post_human.csv
VST-3c43f917dee00628,VST-05edd1617c88ef7b,UL50,UL50,1025,1025,1.0,0.8977899011017504,same_gene_deletion_hypothesis,theoretical cut-to-cut interval; requires independent and experimental validation,${REPOSITORY_ROOT}/reports/hsv2_genome_wide_exhaustive/genome_wide_candidates_post_human.csv
VST-3c43f917dee00628,VST-249d7e4bd2d6e50b,UL50,UL50,399,399,1.0,0.8977899011017504,same_gene_deletion_hypothesis,theoretical cut-to-cut interval; requires independent and experimental validation,${REPOSITORY_ROOT}/reports/hsv2_genome_wide_exhaustive/genome_wide_candidates_post_human.csv
VST-415f0e8a9b47ccfd,VST-047c7cccd59bb4f8,UL52,UL52,1745,1745,1.0,0.8977899011017504,same_gene_deletion_hypothesis,theoretical cut-to-cut interval; requires independent and experimental validation,${REPOSITORY_ROOT}/reports/hsv2_genome_wide_exhaustive/genome_wide_candidates_post_human.csv
VST-4a527ce754156eb0,VST-969ffa1f37e1ba1a,UL10,UL10,131,131,1.0,0.8977899011017504,same_gene_deletion_hypothesis,theoretical cut-to-cut interval; requires independent and experimental validation,${REPOSITORY_ROOT}/reports/hsv2_genome_wide_exhaustive/genome_wide_candidates_post_human.csv
VST-4a527ce754156eb0,VST-ab3524e568a65cfc,UL10,UL10,12,12,1.0,0.8977899011017504,same_gene_deletion_hypothesis,theoretical cut-to-cut interval; requires independent and experimental validation,${REPOSITORY_ROOT}/reports/hsv2_genome_wide_exhaustive/genome_wide_candidates_post_human.csv
VST-4a7669fd4a3ceb1e,VST-047c7cccd59bb4f8,UL52,UL52,35,35,1.0,0.8977899011017504,same_gene_deletion_hypothesis,theoretical cut-to-cut interval; requires independent and experimental validation,${REPOSITORY_ROOT}/reports/hsv2_genome_wide_exhaustive/genome_wide_candidates_post_human.csv
VST-5b0c902d0b27748e,VST-373e70d307a3ef2c,UL46,UL46,833,833,1.0,0.8977899011017504,same_gene_deletion_hypothesis,theoretical cut-to-cut interval; requires independent and experimental validation,${REPOSITORY_ROOT}/reports/hsv2_genome_wide_exhaustive/genome_wide_candidates_post_human.csv
VST-64180409fb9d34c6,VST-653941ca0f2028d6,UL46,UL46,19,19,1.0,0.8977899011017504,same_gene_deletion_hypothesis,theoretical cut-to-cut interval; requires independent and experimental validation,${REPOSITORY_ROOT}/reports/hsv2_genome_wide_exhaustive/genome_wide_candidates_post_human.csv
VST-64180409fb9d34c6,VST-7567f3c32ab9716b,UL46,UL46,753,753,1.0,0.8977899011017504,same_gene_deletion_hypothesis,theoretical cut-to-cut interval; requires independent and experimental validation,${REPOSITORY_ROOT}/reports/hsv2_genome_wide_exhaustive/genome_wide_candidates_post_human.csv
VST-64180409fb9d34c6,VST-c53b11f616dfaf0d,UL46,UL46,276,276,1.0,0.8977899011017504,same_gene_deletion_hypothesis,theoretical cut-to-cut interval; requires independent and experimental validation,${REPOSITORY_ROOT}/reports/hsv2_genome_wide_exhaustive/genome_wide_candidates_post_human.csv
VST-6f648ec4222c10e5,VST-2b2ec41725cf1abb,UL15,UL15,2089,2089,1.0,0.8977899011017504,same_gene_deletion_hypothesis,theoretical cut-to-cut interval; requires independent and experimental validation,${REPOSITORY_ROOT}/reports/hsv2_genome_wide_exhaustive/genome_wide_candidates_post_human.csv
VST-6f648ec4222c10e5,VST-a0482af9f2dca640,UL15,UL15,712,712,1.0,0.8977899011017504,same_gene_deletion_hypothesis,theoretical cut-to-cut interval; requires independent and experimental validation,${REPOSITORY_ROOT}/reports/hsv2_genome_wide_exhaustive/genome_wide_candidates_post_human.csv
VST-6f648ec4222c10e5,VST-c1e79742f4385cd5,UL15,UL15,207,207,1.0,0.8977899011017504,same_gene_deletion_hypothesis,theoretical cut-to-cut interval; requires independent and experimental validation,${REPOSITORY_ROOT}/reports/hsv2_genome_wide_exhaustive/genome_wide_candidates_post_human.csv
VST-702ced0bbfd459fb,VST-05edd1617c88ef7b,UL50,UL50,1010,1010,1.0,0.8977899011017504,same_gene_deletion_hypothesis,theoretical cut-to-cut interval; requires independent and experimental validation,${REPOSITORY_ROOT}/reports/hsv2_genome_wide_exhaustive/genome_wide_candidates_post_human.csv
VST-702ced0bbfd459fb,VST-249d7e4bd2d6e50b,UL50,UL50,384,384,1.0,0.8977899011017504,same_gene_deletion_hypothesis,theoretical cut-to-cut interval; requires independent and experimental validation,${REPOSITORY_ROOT}/reports/hsv2_genome_wide_exhaustive/genome_wide_candidates_post_human.csv
VST-73876fa22678f917,VST-8e8151383cb1c427,UL30,UL30,1000,1000,1.0,0.8977899011017504,same_gene_deletion_hypothesis,theoretical cut-to-cut interval; requires independent and experimental validation,${REPOSITORY_ROOT}/reports/hsv2_genome_wide_exhaustive/genome_wide_candidates_post_human.csv
VST-73876fa22678f917,VST-9b88002aa480c821,UL30,UL30,1289,1289,1.0,0.8977899011017504,same_gene_deletion_hypothesis,theoretical cut-to-cut interval; requires independent and experimental validation,${REPOSITORY_ROOT}/reports/hsv2_genome_wide_exhaustive/genome_wide_candidates_post_human.csv
VST-7663146b5e4d027e,VST-047c7cccd59bb4f8,UL52,UL52,1663,1663,1.0,0.8977899011017504,same_gene_deletion_hypothesis,theoretical cut-to-cut interval; requires independent and experimental validation,${REPOSITORY_ROOT}/reports/hsv2_genome_wide_exhaustive/genome_wide_candidates_post_human.csv
VST-7f7b6e25497fc40b,VST-373e70d307a3ef2c,UL46,UL46,1146,1146,1.0,0.8977899011017504,same_gene_deletion_hypothesis,theoretical cut-to-cut interval; requires independent and experimental validation,${REPOSITORY_ROOT}/reports/hsv2_genome_wide_exhaustive/genome_wide_candidates_post_human.csv
VST-9d1d422650f0fd0f,VST-373e70d307a3ef2c,UL46,UL46,819,819,1.0,0.8977899011017504,same_gene_deletion_hypothesis,theoretical cut-to-cut interval; requires independent and experimental validation,${REPOSITORY_ROOT}/reports/hsv2_genome_wide_exhaustive/genome_wide_candidates_post_human.csv
VST-a0e68a62911f9940,VST-2b2ec41725cf1abb,UL15,UL15,546,546,1.0,0.8977899011017504,same_gene_deletion_hypothesis,theoretical cut-to-cut interval; requires independent and experimental validation,${REPOSITORY_ROOT}/reports/hsv2_genome_wide_exhaustive/genome_wide_candidates_post_human.csv
VST-a0e68a62911f9940,VST-a0482af9f2dca640,UL15,UL15,831,831,1.0,0.8977899011017504,same_gene_deletion_hypothesis,theoretical cut-to-cut interval; requires independent and experimental validation,${REPOSITORY_ROOT}/reports/hsv2_genome_wide_exhaustive/genome_wide_candidates_post_human.csv
VST-a0e68a62911f9940,VST-c1e79742f4385cd5,UL15,UL15,1750,1750,1.0,0.8977899011017504,same_gene_deletion_hypothesis,theoretical cut-to-cut interval; requires independent and experimental validation,${REPOSITORY_ROOT}/reports/hsv2_genome_wide_exhaustive/genome_wide_candidates_post_human.csv
VST-ab5e0a7300c5f8fd,VST-969ffa1f37e1ba1a,UL10,UL10,225,225,1.0,0.8977899011017504,same_gene_deletion_hypothesis,theoretical cut-to-cut interval; requires independent and experimental validation,${REPOSITORY_ROOT}/reports/hsv2_genome_wide_exhaustive/genome_wide_candidates_post_human.csv
VST-ab5e0a7300c5f8fd,VST-ab3524e568a65cfc,UL10,UL10,106,106,1.0,0.8977899011017504,same_gene_deletion_hypothesis,theoretical cut-to-cut interval; requires independent and experimental validation,${REPOSITORY_ROOT}/reports/hsv2_genome_wide_exhaustive/genome_wide_candidates_post_human.csv
VST-b4d8ba737daaa589,VST-05edd1617c88ef7b,UL50,UL50,1011,1011,1.0,0.8977899011017504,same_gene_deletion_hypothesis,theoretical cut-to-cut interval; requires independent and experimental validation,${REPOSITORY_ROOT}/reports/hsv2_genome_wide_exhaustive/genome_wide_candidates_post_human.csv
VST-b4d8ba737daaa589,VST-249d7e4bd2d6e50b,UL50,UL50,385,385,1.0,0.8977899011017504,same_gene_deletion_hypothesis,theoretical cut-to-cut interval; requires independent and experimental validation,${REPOSITORY_ROOT}/reports/hsv2_genome_wide_exhaustive/genome_wide_candidates_post_human.csv
VST-d48124c847ae62ae,VST-8e8151383cb1c427,UL30,UL30,1868,1868,1.0,0.8977899011017504,same_gene_deletion_hypothesis,theoretical cut-to-cut interval; requires independent and experimental validation,${REPOSITORY_ROOT}/reports/hsv2_genome_wide_exhaustive/genome_wide_candidates_post_human.csv
VST-d48124c847ae62ae,VST-9b88002aa480c821,UL30,UL30,2157,2157,1.0,0.8977899011017504,same_gene_deletion_hypothesis,theoretical cut-to-cut interval; requires independent and experimental validation,${REPOSITORY_ROOT}/reports/hsv2_genome_wide_exhaustive/genome_wide_candidates_post_human.csv
VST-f689e03c9c66844f,VST-05edd1617c88ef7b,UL50,UL50,1026,1026,1.0,0.8977899011017504,same_gene_deletion_hypothesis,theoretical cut-to-cut interval; requires independent and experimental validation,${REPOSITORY_ROOT}/reports/hsv2_genome_wide_exhaustive/genome_wide_candidates_post_human.csv
VST-f689e03c9c66844f,VST-249d7e4bd2d6e50b,UL50,UL50,400,400,1.0,0.8977899011017504,same_gene_deletion_hypothesis,theoretical cut-to-cut interval; requires independent and experimental validation,${REPOSITORY_ROOT}/reports/hsv2_genome_wide_exhaustive/genome_wide_candidates_post_human.csv
VST-05edd1617c88ef7b,VST-249d7e4bd2d6e50b,UL50,UL50,626,626,1.0,0.8976362097812327,same_gene_deletion_hypothesis,theoretical cut-to-cut interval; requires independent and experimental validation,${REPOSITORY_ROOT}/reports/hsv2_genome_wide_exhaustive/genome_wide_candidates_post_human.csv
VST-0711102ad2e7e3a0,VST-7a5a97c25dd01554,UL33,UL33,1,1,1.0,0.8976362097812327,same_gene_deletion_hypothesis,theoretical cut-to-cut interval; requires independent and experimental validation,${REPOSITORY_ROOT}/reports/hsv2_genome_wide_exhaustive/genome_wide_candidates_post_human.csv
VST-0711102ad2e7e3a0,VST-eb4e2052c0ebaa3b,UL33,UL33,1017,1017,1.0,0.8976362097812327,same_gene_deletion_hypothesis,theoretical cut-to-cut interval; requires independent and experimental validation,${REPOSITORY_ROOT}/reports/hsv2_genome_wide_exhaustive/genome_wide_candidates_post_human.csv
VST-2b2ec41725cf1abb,VST-a0482af9f2dca640,UL15,UL15,1377,1377,1.0,0.8976362097812327,same_gene_deletion_hypothesis,theoretical cut-to-cut interval; requires independent and experimental validation,${REPOSITORY_ROOT}/reports/hsv2_genome_wide_exhaustive/genome_wide_candidates_post_human.csv
VST-2b2ec41725cf1abb,VST-c1e79742f4385cd5,UL15,UL15,2296,2296,1.0,0.8976362097812327,same_gene_deletion_hypothesis,theoretical cut-to-cut interval; requires independent and experimental validation,${REPOSITORY_ROOT}/reports/hsv2_genome_wide_exhaustive/genome_wide_candidates_post_human.csv
VST-653941ca0f2028d6,VST-7567f3c32ab9716b,UL46,UL46,772,772,1.0,0.8976362097812327,same_gene_deletion_hypothesis,theoretical cut-to-cut interval; requires independent and experimental validation,${REPOSITORY_ROOT}/reports/hsv2_genome_wide_exhaustive/genome_wide_candidates_post_human.csv
VST-653941ca0f2028d6,VST-c53b11f616dfaf0d,UL46,UL46,295,295,1.0,0.8976362097812327,same_gene_deletion_hypothesis,theoretical cut-to-cut interval; requires independent and experimental validation,${REPOSITORY_ROOT}/reports/hsv2_genome_wide_exhaustive/genome_wide_candidates_post_human.csv
VST-7567f3c32ab9716b,VST-c53b11f616dfaf0d,UL46,UL46,477,477,1.0,0.8976362097812327,same_gene_deletion_hypothesis,theoretical cut-to-cut interval; requires independent and experimental validation,${REPOSITORY_ROOT}/reports/hsv2_genome_wide_exhaustive/genome_wide_candidates_post_human.csv
VST-7a5a97c25dd01554,VST-eb4e2052c0ebaa3b,UL33,UL33,1018,1018,1.0,0.8976362097812327,same_gene_deletion_hypothesis,theoretical cut-to-cut interval; requires independent and experimental validation,${REPOSITORY_ROOT}/reports/hsv2_genome_wide_exhaustive/genome_wide_candidates_post_human.csv
VST-8e8151383cb1c427,VST-9b88002aa480c821,UL30,UL30,289,289,1.0,0.8976362097812327,same_gene_deletion_hypothesis,theoretical cut-to-cut interval; requires independent and experimental validation,${REPOSITORY_ROOT}/reports/hsv2_genome_wide_exhaustive/genome_wide_candidates_post_human.csv
VST-969ffa1f37e1ba1a,VST-ab3524e568a65cfc,UL10,UL10,119,119,1.0,0.8976362097812327,same_gene_deletion_hypothesis,theoretical cut-to-cut interval; requires independent and experimental validation,${REPOSITORY_ROOT}/reports/hsv2_genome_wide_exhaustive/genome_wide_candidates_post_human.csv
VST-a0482af9f2dca640,VST-c1e79742f4385cd5,UL15,UL15,919,919,1.0,0.8976362097812327,same_gene_deletion_hypothesis,theoretical cut-to-cut interval; requires independent and experimental validation,${REPOSITORY_ROOT}/reports/hsv2_genome_wide_exhaustive/genome_wide_candidates_post_human.csv
VST-1235e74e861a555f,VST-76977c9a0e77a665,UL10,UL10,664,664,1.0,0.8974879324515177,same_gene_deletion_hypothesis,theoretical cut-to-cut interval; requires independent and experimental validation,${REPOSITORY_ROOT}/reports/hsv2_genome_wide_exhaustive/genome_wide_candidates_post_human.csv
VST-1aa0d67c1728df8f,VST-1a7fa12b2b0e5555,UL33,UL33,351,351,1.0,0.8974879324515177,same_gene_deletion_hypothesis,theoretical cut-to-cut interval; requires independent and experimental validation,${REPOSITORY_ROOT}/reports/hsv2_genome_wide_exhaustive/genome_wide_candidates_post_human.csv
VST-1aa0d67c1728df8f,VST-45dbce4ec075ef9c,UL33,UL33,672,672,1.0,0.8974879324515177,same_gene_deletion_hypothesis,theoretical cut-to-cut interval; requires independent and experimental validation,${REPOSITORY_ROOT}/reports/hsv2_genome_wide_exhaustive/genome_wide_candidates_post_human.csv
VST-1aa0d67c1728df8f,VST-7e1b22e5ce36f92e,UL33,UL33,1023,1023,1.0,0.8974879324515177,same_gene_deletion_hypothesis,theoretical cut-to-cut interval; requires independent and experimental validation,${REPOSITORY_ROOT}/reports/hsv2_genome_wide_exhaustive/genome_wide_candidates_post_human.csv
VST-29c7635dd5ccf48b,VST-1a7fa12b2b0e5555,UL33,UL33,350,350,1.0,0.8974879324515177,same_gene_deletion_hypothesis,theoretical cut-to-cut interval; requires independent and experimental validation,${REPOSITORY_ROOT}/reports/hsv2_genome_wide_exhaustive/genome_wide_candidates_post_human.csv
VST-29c7635dd5ccf48b,VST-45dbce4ec075ef9c,UL33,UL33,671,671,1.0,0.8974879324515177,same_gene_deletion_hypothesis,theoretical cut-to-cut interval; requires independent and experimental validation,${REPOSITORY_ROOT}/reports/hsv2_genome_wide_exhaustive/genome_wide_candidates_post_human.csv
VST-29c7635dd5ccf48b,VST-7e1b22e5ce36f92e,UL33,UL33,1024,1024,1.0,0.8974879324515177,same_gene_deletion_hypothesis,theoretical cut-to-cut interval; requires independent and experimental validation,${REPOSITORY_ROOT}/reports/hsv2_genome_wide_exhaustive/genome_wide_candidates_post_human.csv
VST-33cfa6d0982c9513,VST-76977c9a0e77a665,UL10,UL10,50,50,1.0,0.8974879324515177,same_gene_deletion_hypothesis,theoretical cut-to-cut interval; requires independent and experimental validation,${REPOSITORY_ROOT}/reports/hsv2_genome_wide_exhaustive/genome_wide_candidates_post_human.csv
VST-3777b42b0a7de238,VST-1a7fa12b2b0e5555,UL33,UL33,959,959,1.0,0.8974879324515177,same_gene_deletion_hypothesis,theoretical cut-to-cut interval; requires independent and experimental validation,${REPOSITORY_ROOT}/reports/hsv2_genome_wide_exhaustive/genome_wide_candidates_post_human.csv
VST-3777b42b0a7de238,VST-45dbce4ec075ef9c,UL33,UL33,1280,1280,1.0,0.8974879324515177,same_gene_deletion_hypothesis,theoretical cut-to-cut interval; requires independent and experimental validation,${REPOSITORY_ROOT}/reports/hsv2_genome_wide_exhaustive/genome_wide_candidates_post_human.csv
VST-3777b42b0a7de238,VST-7e1b22e5ce36f92e,UL33,UL33,415,415,1.0,0.8974879324515177,same_gene_deletion_hypothesis,theoretical cut-to-cut interval; requires independent and experimental validation,${REPOSITORY_ROOT}/reports/hsv2_genome_wide_exhaustive/genome_wide_candidates_post_human.csv
VST-3c43f917dee00628,VST-7de126e33810507f,UL50,UL50,1026,1026,1.0,0.8974879324515177,same_gene_deletion_hypothesis,theoretical cut-to-cut interval; requires independent and experimental validation,${REPOSITORY_ROOT}/reports/hsv2_genome_wide_exhaustive/genome_wide_candidates_post_human.csv
VST-3c43f917dee00628,VST-82dfe45db6836cf3,UL50,UL50,153,153,1.0,0.8974879324515177,same_gene_deletion_hypothesis,theoretical cut-to-cut interval; requires independent and experimental validation,${REPOSITORY_ROOT}/reports/hsv2_genome_wide_exhaustive/genome_wide_candidates_post_human.csv
VST-4a527ce754156eb0,VST-76977c9a0e77a665,UL10,UL10,49,49,1.0,0.8974879324515177,same_gene_deletion_hypothesis,theoretical cut-to-cut interval; requires independent and experimental validation,${REPOSITORY_ROOT}/reports/hsv2_genome_wide_exhaustive/genome_wide_candidates_post_human.csv
VST-702ced0bbfd459fb,VST-7de126e33810507f,UL50,UL50,1011,1011,1.0,0.8974879324515177,same_gene_deletion_hypothesis,theoretical cut-to-cut interval; requires independent and experimental validation,${REPOSITORY_ROOT}/reports/hsv2_genome_wide_exhaustive/genome_wide_candidates_post_human.csv
VST-702ced0bbfd459fb,VST-82dfe45db6836cf3,UL50,UL50,138,138,1.0,0.8974879324515177,same_gene_deletion_hypothesis,theoretical cut-to-cut interval; requires independent and experimental validation,${REPOSITORY_ROOT}/reports/hsv2_genome_wide_exhaustive/genome_wide_candidates_post_human.csv
VST-ab5e0a7300c5f8fd,VST-76977c9a0e77a665,UL10,UL10,45,45,1.0,0.8974879324515177,same_gene_deletion_hypothesis,theoretical cut-to-cut interval; requires independent and experimental validation,${REPOSITORY_ROOT}/reports/hsv2_genome_wide_exhaustive/genome_wide_candidates_post_human.csv
VST-b4d8ba737daaa589,VST-7de126e33810507f,UL50,UL50,1012,1012,1.0,0.8974879324515177,same_gene_deletion_hypothesis,theoretical cut-to-cut interval; requires independent and experimental validation,${REPOSITORY_ROOT}/reports/hsv2_genome_wide_exhaustive/genome_wide_candidates_post_human.csv
VST-b4d8ba737daaa589,VST-82dfe45db6836cf3,UL50,UL50,139,139,1.0,0.8974879324515177,same_gene_deletion_hypothesis,theoretical cut-to-cut interval; requires independent and experimental validation,${REPOSITORY_ROOT}/reports/hsv2_genome_wide_exhaustive/genome_wide_candidates_post_human.csv
VST-f689e03c9c66844f,VST-7de126e33810507f,UL50,UL50,1027,1027,1.0,0.8974879324515177,same_gene_deletion_hypothesis,theoretical cut-to-cut interval; requires independent and experimental validation,${REPOSITORY_ROOT}/reports/hsv2_genome_wide_exhaustive/genome_wide_candidates_post_human.csv
VST-f689e03c9c66844f,VST-82dfe45db6836cf3,UL50,UL50,154,154,1.0,0.8974879324515177,same_gene_deletion_hypothesis,theoretical cut-to-cut interval; requires independent and experimental validation,${REPOSITORY_ROOT}/reports/hsv2_genome_wide_exhaustive/genome_wide_candidates_post_human.csv
VST-05edd1617c88ef7b,VST-7de126e33810507f,UL50,UL50,1,1,1.0,0.897334241131,same_gene_deletion_hypothesis,theoretical cut-to-cut interval; requires independent and experimental validation,${REPOSITORY_ROOT}/reports/hsv2_genome_wide_exhaustive/genome_wide_candidates_post_human.csv
VST-05edd1617c88ef7b,VST-82dfe45db6836cf3,UL50,UL50,872,872,1.0,0.897334241131,same_gene_deletion_hypothesis,theoretical cut-to-cut interval; requires independent and experimental validation,${REPOSITORY_ROOT}/reports/hsv2_genome_wide_exhaustive/genome_wide_candidates_post_human.csv
VST-0711102ad2e7e3a0,VST-1a7fa12b2b0e5555,UL33,UL33,1343,1343,1.0,0.897334241131,same_gene_deletion_hypothesis,theoretical cut-to-cut interval; requires independent and experimental validation,${REPOSITORY_ROOT}/reports/hsv2_genome_wide_exhaustive/genome_wide_candidates_post_human.csv
VST-0711102ad2e7e3a0,VST-45dbce4ec075ef9c,UL33,UL33,1664,1664,1.0,0.897334241131,same_gene_deletion_hypothesis,theoretical cut-to-cut interval; requires independent and experimental validation,${REPOSITORY_ROOT}/reports/hsv2_genome_wide_exhaustive/genome_wide_candidates_post_human.csv
VST-0711102ad2e7e3a0,VST-7e1b22e5ce36f92e,UL33,UL33,31,31,1.0,0.897334241131,same_gene_deletion_hypothesis,theoretical cut-to-cut interval; requires independent and experimental validation,${REPOSITORY_ROOT}/reports/hsv2_genome_wide_exhaustive/genome_wide_candidates_post_human.csv
VST-249d7e4bd2d6e50b,VST-7de126e33810507f,UL50,UL50,627,627,1.0,0.897334241131,same_gene_deletion_hypothesis,theoretical cut-to-cut interval; requires independent and experimental validation,${REPOSITORY_ROOT}/reports/hsv2_genome_wide_exhaustive/genome_wide_candidates_post_human.csv
VST-249d7e4bd2d6e50b,VST-82dfe45db6836cf3,UL50,UL50,246,246,1.0,0.897334241131,same_gene_deletion_hypothesis,theoretical cut-to-cut interval; requires independent and experimental validation,${REPOSITORY_ROOT}/reports/hsv2_genome_wide_exhaustive/genome_wide_candidates_post_human.csv
VST-7a5a97c25dd01554,VST-1a7fa12b2b0e5555,UL33,UL33,1344,1344,1.0,0.897334241131,same_gene_deletion_hypothesis,theoretical cut-to-cut interval; requires independent and experimental validation,${REPOSITORY_ROOT}/reports/hsv2_genome_wide_exhaustive/genome_wide_candidates_post_human.csv
VST-7a5a97c25dd01554,VST-45dbce4ec075ef9c,UL33,UL33,1665,1665,1.0,0.897334241131,same_gene_deletion_hypothesis,theoretical cut-to-cut interval; requires independent and experimental validation,${REPOSITORY_ROOT}/reports/hsv2_genome_wide_exhaustive/genome_wide_candidates_post_human.csv
VST-7a5a97c25dd01554,VST-7e1b22e5ce36f92e,UL33,UL33,30,30,1.0,0.897334241131,same_gene_deletion_hypothesis,theoretical cut-to-cut interval; requires independent and experimental validation,${REPOSITORY_ROOT}/reports/hsv2_genome_wide_exhaustive/genome_wide_candidates_post_human.csv
VST-969ffa1f37e1ba1a,VST-76977c9a0e77a665,UL10,UL10,180,180,1.0,0.897334241131,same_gene_deletion_hypothesis,theoretical cut-to-cut interval; requires independent and experimental validation,${REPOSITORY_ROOT}/reports/hsv2_genome_wide_exhaustive/genome_wide_candidates_post_human.csv
VST-ab3524e568a65cfc,VST-76977c9a0e77a665,UL10,UL10,61,61,1.0,0.897334241131,same_gene_deletion_hypothesis,theoretical cut-to-cut interval; requires independent and experimental validation,${REPOSITORY_ROOT}/reports/hsv2_genome_wide_exhaustive/genome_wide_candidates_post_human.csv
VST-eb4e2052c0ebaa3b,VST-1a7fa12b2b0e5555,UL33,UL33,326,326,1.0,0.897334241131,same_gene_deletion_hypothesis,theoretical cut-to-cut interval; requires independent and experimental validation,${REPOSITORY_ROOT}/reports/hsv2_genome_wide_exhaustive/genome_wide_candidates_post_human.csv
VST-eb4e2052c0ebaa3b,VST-45dbce4ec075ef9c,UL33,UL33,647,647,1.0,0.897334241131,same_gene_deletion_hypothesis,theoretical cut-to-cut interval; requires independent and experimental validation,${REPOSITORY_ROOT}/reports/hsv2_genome_wide_exhaustive/genome_wide_candidates_post_human.csv
VST-eb4e2052c0ebaa3b,VST-7e1b22e5ce36f92e,UL33,UL33,1048,1048,1.0,0.897334241131,same_gene_deletion_hypothesis,theoretical cut-to-cut interval; requires independent and experimental validation,${REPOSITORY_ROOT}/reports/hsv2_genome_wide_exhaustive/genome_wide_candidates_post_human.csv
VST-282f637f252058e1,VST-373e70d307a3ef2c,UL46,UL46,1188,1188,1.0,0.897124814882201,same_gene_deletion_hypothesis,theoretical cut-to-cut interval; requires independent and experimental validation,${REPOSITORY_ROOT}/reports/hsv2_genome_wide_exhaustive/genome_wide_candidates_post_human.csv
VST-64180409fb9d34c6,VST-373e70d307a3ef2c,UL46,UL46,340,340,1.0,0.897124814882201,same_gene_deletion_hypothesis,theoretical cut-to-cut interval; requires independent and experimental validation,${REPOSITORY_ROOT}/reports/hsv2_genome_wide_exhaustive/genome_wide_candidates_post_human.csv
VST-1a7fa12b2b0e5555,VST-45dbce4ec075ef9c,UL33,UL33,321,321,1.0,0.8970322724807672,same_gene_deletion_hypothesis,theoretical cut-to-cut interval; requires independent and experimental validation,${REPOSITORY_ROOT}/reports/hsv2_genome_wide_exhaustive/genome_wide_candidates_post_human.csv
VST-1a7fa12b2b0e5555,VST-7e1b22e5ce36f92e,UL33,UL33,1374,1374,1.0,0.8970322724807672,same_gene_deletion_hypothesis,theoretical cut-to-cut interval; requires independent and experimental validation,${REPOSITORY_ROOT}/reports/hsv2_genome_wide_exhaustive/genome_wide_candidates_post_human.csv
VST-45dbce4ec075ef9c,VST-7e1b22e5ce36f92e,UL33,UL33,1695,1695,1.0,0.8970322724807672,same_gene_deletion_hypothesis,theoretical cut-to-cut interval; requires independent and experimental validation,${REPOSITORY_ROOT}/reports/hsv2_genome_wide_exhaustive/genome_wide_candidates_post_human.csv
VST-7de126e33810507f,VST-82dfe45db6836cf3,UL50,UL50,873,873,1.0,0.8970322724807672,same_gene_deletion_hypothesis,theoretical cut-to-cut interval; requires independent and experimental validation,${REPOSITORY_ROOT}/reports/hsv2_genome_wide_exhaustive/genome_wide_candidates_post_human.csv
VST-653941ca0f2028d6,VST-373e70d307a3ef2c,UL46,UL46,359,359,1.0,0.8969711235616833,same_gene_deletion_hypothesis,theoretical cut-to-cut interval; requires independent and experimental validation,${REPOSITORY_ROOT}/reports/hsv2_genome_wide_exhaustive/genome_wide_candidates_post_human.csv
VST-7567f3c32ab9716b,VST-373e70d307a3ef2c,UL46,UL46,413,413,1.0,0.8969711235616833,same_gene_deletion_hypothesis,theoretical cut-to-cut interval; requires independent and experimental validation,${REPOSITORY_ROOT}/reports/hsv2_genome_wide_exhaustive/genome_wide_candidates_post_human.csv
VST-c53b11f616dfaf0d,VST-373e70d307a3ef2c,UL46,UL46,64,64,1.0,0.8969711235616833,same_gene_deletion_hypothesis,theoretical cut-to-cut interval; requires independent and experimental validation,${REPOSITORY_ROOT}/reports/hsv2_genome_wide_exhaustive/genome_wide_candidates_post_human.csv
VST-b3c226e1dbf82116,VST-7ed0acda3d841594,UL11,UL11,0,0,1.0,0.8967214598864087,same_gene_deletion_hypothesis,theoretical cut-to-cut interval; requires independent and experimental validation,${REPOSITORY_ROOT}/reports/hsv2_genome_wide_exhaustive/genome_wide_candidates_post_human.csv
VST-e16166bf204a5e53,VST-7ed0acda3d841594,UL11,UL11,96,96,1.0,0.8967214598864087,same_gene_deletion_hypothesis,theoretical cut-to-cut interval; requires independent and experimental validation,${REPOSITORY_ROOT}/reports/hsv2_genome_wide_exhaustive/genome_wide_candidates_post_human.csv
VST-600cfa63d24df854,VST-7ed0acda3d841594,UL11,UL11,1,1,1.0,0.8963583423170919,same_gene_deletion_hypothesis,theoretical cut-to-cut interval; requires independent and experimental validation,${REPOSITORY_ROOT}/reports/hsv2_genome_wide_exhaustive/genome_wide_candidates_post_human.csv
VST-b3c226e1dbf82116,VST-1de7216ed97beffe,UL11,UL11,212,212,1.0,0.8961609836167753,same_gene_deletion_hypothesis,theoretical cut-to-cut interval; requires independent and experimental validation,${REPOSITORY_ROOT}/reports/hsv2_genome_wide_exhaustive/genome_wide_candidates_post_human.csv
VST-b3c226e1dbf82116,VST-9fa817f601e7e604,UL11,UL11,226,226,1.0,0.8961609836167753,same_gene_deletion_hypothesis,theoretical cut-to-cut interval; requires independent and experimental validation,${REPOSITORY_ROOT}/reports/hsv2_genome_wide_exhaustive/genome_wide_candidates_post_human.csv
VST-e16166bf204a5e53,VST-1de7216ed97beffe,UL11,UL11,116,116,1.0,0.8961609836167753,same_gene_deletion_hypothesis,theoretical cut-to-cut interval; requires independent and experimental validation,${REPOSITORY_ROOT}/reports/hsv2_genome_wide_exhaustive/genome_wide_candidates_post_human.csv
VST-e16166bf204a5e53,VST-9fa817f601e7e604,UL11,UL11,130,130,1.0,0.8961609836167753,same_gene_deletion_hypothesis,theoretical cut-to-cut interval; requires independent and experimental validation,${REPOSITORY_ROOT}/reports/hsv2_genome_wide_exhaustive/genome_wide_candidates_post_human.csv
VST-fead3c9086c42153,VST-7ed0acda3d841594,UL11,UL11,104,104,1.0,0.8960563736668593,same_gene_deletion_hypothesis,theoretical cut-to-cut interval; requires independent and experimental validation,${REPOSITORY_ROOT}/reports/hsv2_genome_wide_exhaustive/genome_wide_candidates_post_human.csv
VST-600cfa63d24df854,VST-1de7216ed97beffe,UL11,UL11,213,213,1.0,0.8957978660474587,same_gene_deletion_hypothesis,theoretical cut-to-cut interval; requires independent and experimental validation,${REPOSITORY_ROOT}/reports/hsv2_genome_wide_exhaustive/genome_wide_candidates_post_human.csv
VST-600cfa63d24df854,VST-9fa817f601e7e604,UL11,UL11,227,227,1.0,0.8957978660474587,same_gene_deletion_hypothesis,theoretical cut-to-cut interval; requires independent and experimental validation,${REPOSITORY_ROOT}/reports/hsv2_genome_wide_exhaustive/genome_wide_candidates_post_human.csv
VST-fead3c9086c42153,VST-1de7216ed97beffe,UL11,UL11,108,108,1.0,0.8954958973972259,same_gene_deletion_hypothesis,theoretical cut-to-cut interval; requires independent and experimental validation,${REPOSITORY_ROOT}/reports/hsv2_genome_wide_exhaustive/genome_wide_candidates_post_human.csv
VST-fead3c9086c42153,VST-9fa817f601e7e604,UL11,UL11,122,122,1.0,0.8954958973972259,same_gene_deletion_hypothesis,theoretical cut-to-cut interval; requires independent and experimental validation,${REPOSITORY_ROOT}/reports/hsv2_genome_wide_exhaustive/genome_wide_candidates_post_human.csv
VST-7ed0acda3d841594,VST-1de7216ed97beffe,UL11,UL11,212,212,1.0,0.8936086786418174,same_gene_deletion_hypothesis,theoretical cut-to-cut interval; requires independent and experimental validation,${REPOSITORY_ROOT}/reports/hsv2_genome_wide_exhaustive/genome_wide_candidates_post_human.csv
VST-7ed0acda3d841594,VST-9fa817f601e7e604,UL11,UL11,226,226,1.0,0.8936086786418174,same_gene_deletion_hypothesis,theoretical cut-to-cut interval; requires independent and experimental validation,${REPOSITORY_ROOT}/reports/hsv2_genome_wide_exhaustive/genome_wide_candidates_post_human.csv
VST-1de7216ed97beffe,VST-9fa817f601e7e604,UL11,UL11,14,14,1.0,0.8930482023721841,same_gene_deletion_hypothesis,theoretical cut-to-cut interval; requires independent and experimental validation,${REPOSITORY_ROOT}/reports/hsv2_genome_wide_exhaustive/genome_wide_candidates_post_human.csv
VST-b3c226e1dbf82116,VST-03ed4c8cfa516e76,UL11,UL11,187,187,1.0,0.8793897070001927,same_gene_deletion_hypothesis,theoretical cut-to-cut interval; requires independent and experimental validation,${REPOSITORY_ROOT}/reports/hsv2_genome_wide_exhaustive/genome_wide_candidates_post_human.csv
VST-b3c226e1dbf82116,VST-e5013681b230beb4,UL11,UL11,188,188,1.0,0.8793897070001927,same_gene_deletion_hypothesis,theoretical cut-to-cut interval; requires independent and experimental validation,${REPOSITORY_ROOT}/reports/hsv2_genome_wide_exhaustive/genome_wide_candidates_post_human.csv
VST-e16166bf204a5e53,VST-03ed4c8cfa516e76,UL11,UL11,91,91,1.0,0.8793897070001927,same_gene_deletion_hypothesis,theoretical cut-to-cut interval; requires independent and experimental validation,${REPOSITORY_ROOT}/reports/hsv2_genome_wide_exhaustive/genome_wide_candidates_post_human.csv
VST-e16166bf204a5e53,VST-e5013681b230beb4,UL11,UL11,92,92,1.0,0.8793897070001927,same_gene_deletion_hypothesis,theoretical cut-to-cut interval; requires independent and experimental validation,${REPOSITORY_ROOT}/reports/hsv2_genome_wide_exhaustive/genome_wide_candidates_post_human.csv
VST-b3c226e1dbf82116,VST-c4add79c19079290,UL11,UL11,214,214,1.0,0.879131199380792,same_gene_deletion_hypothesis,theoretical cut-to-cut interval; requires independent and experimental validation,${REPOSITORY_ROOT}/reports/hsv2_genome_wide_exhaustive/genome_wide_candidates_post_human.csv
VST-e16166bf204a5e53,VST-c4add79c19079290,UL11,UL11,118,118,1.0,0.879131199380792,same_gene_deletion_hypothesis,theoretical cut-to-cut interval; requires independent and experimental validation,${REPOSITORY_ROOT}/reports/hsv2_genome_wide_exhaustive/genome_wide_candidates_post_human.csv
VST-600cfa63d24df854,VST-03ed4c8cfa516e76,UL11,UL11,188,188,1.0,0.8790265894308761,same_gene_deletion_hypothesis,theoretical cut-to-cut interval; requires independent and experimental validation,${REPOSITORY_ROOT}/reports/hsv2_genome_wide_exhaustive/genome_wide_candidates_post_human.csv
VST-600cfa63d24df854,VST-e5013681b230beb4,UL11,UL11,189,189,1.0,0.8790265894308761,same_gene_deletion_hypothesis,theoretical cut-to-cut interval; requires independent and experimental validation,${REPOSITORY_ROOT}/reports/hsv2_genome_wide_exhaustive/genome_wide_candidates_post_human.csv
VST-600cfa63d24df854,VST-c4add79c19079290,UL11,UL11,215,215,1.0,0.8787680818114754,same_gene_deletion_hypothesis,theoretical cut-to-cut interval; requires independent and experimental validation,${REPOSITORY_ROOT}/reports/hsv2_genome_wide_exhaustive/genome_wide_candidates_post_human.csv
VST-fead3c9086c42153,VST-03ed4c8cfa516e76,UL11,UL11,83,83,1.0,0.8787246207806433,same_gene_deletion_hypothesis,theoretical cut-to-cut interval; requires independent and experimental validation,${REPOSITORY_ROOT}/reports/hsv2_genome_wide_exhaustive/genome_wide_candidates_post_human.csv
VST-fead3c9086c42153,VST-e5013681b230beb4,UL11,UL11,84,84,1.0,0.8787246207806433,same_gene_deletion_hypothesis,theoretical cut-to-cut interval; requires independent and experimental validation,${REPOSITORY_ROOT}/reports/hsv2_genome_wide_exhaustive/genome_wide_candidates_post_human.csv
VST-fead3c9086c42153,VST-c4add79c19079290,UL11,UL11,110,110,1.0,0.8784661131612427,same_gene_deletion_hypothesis,theoretical cut-to-cut interval; requires independent and experimental validation,${REPOSITORY_ROOT}/reports/hsv2_genome_wide_exhaustive/genome_wide_candidates_post_human.csv
VST-7ed0acda3d841594,VST-03ed4c8cfa516e76,UL11,UL11,187,187,1.0,0.8768374020252346,same_gene_deletion_hypothesis,theoretical cut-to-cut interval; requires independent and experimental validation,${REPOSITORY_ROOT}/reports/hsv2_genome_wide_exhaustive/genome_wide_candidates_post_human.csv
VST-7ed0acda3d841594,VST-e5013681b230beb4,UL11,UL11,188,188,1.0,0.8768374020252346,same_gene_deletion_hypothesis,theoretical cut-to-cut interval; requires independent and experimental validation,${REPOSITORY_ROOT}/reports/hsv2_genome_wide_exhaustive/genome_wide_candidates_post_human.csv
VST-7ed0acda3d841594,VST-c4add79c19079290,UL11,UL11,214,214,1.0,0.876578894405834,same_gene_deletion_hypothesis,theoretical cut-to-cut interval; requires independent and experimental validation,${REPOSITORY_ROOT}/reports/hsv2_genome_wide_exhaustive/genome_wide_candidates_post_human.csv
VST-1de7216ed97beffe,VST-03ed4c8cfa516e76,UL11,UL11,25,25,1.0,0.8762769257556013,same_gene_deletion_hypothesis,theoretical cut-to-cut interval; requires independent and experimental validation,${REPOSITORY_ROOT}/reports/hsv2_genome_wide_exhaustive/genome_wide_candidates_post_human.csv
VST-1de7216ed97beffe,VST-e5013681b230beb4,UL11,UL11,24,24,1.0,0.8762769257556013,same_gene_deletion_hypothesis,theoretical cut-to-cut interval; requires independent and experimental validation,${REPOSITORY_ROOT}/reports/hsv2_genome_wide_exhaustive/genome_wide_candidates_post_human.csv
VST-9fa817f601e7e604,VST-03ed4c8cfa516e76,UL11,UL11,39,39,1.0,0.8762769257556013,same_gene_deletion_hypothesis,theoretical cut-to-cut interval; requires independent and experimental validation,${REPOSITORY_ROOT}/reports/hsv2_genome_wide_exhaustive/genome_wide_candidates_post_human.csv
VST-9fa817f601e7e604,VST-e5013681b230beb4,UL11,UL11,38,38,1.0,0.8762769257556013,same_gene_deletion_hypothesis,theoretical cut-to-cut interval; requires independent and experimental validation,${REPOSITORY_ROOT}/reports/hsv2_genome_wide_exhaustive/genome_wide_candidates_post_human.csv
VST-1de7216ed97beffe,VST-c4add79c19079290,UL11,UL11,2,2,1.0,0.8760184181362008,same_gene_deletion_hypothesis,theoretical cut-to-cut interval; requires independent and experimental validation,${REPOSITORY_ROOT}/reports/hsv2_genome_wide_exhaustive/genome_wide_candidates_post_human.csv
VST-9fa817f601e7e604,VST-c4add79c19079290,UL11,UL11,12,12,1.0,0.8760184181362008,same_gene_deletion_hypothesis,theoretical cut-to-cut interval; requires independent and experimental validation,${REPOSITORY_ROOT}/reports/hsv2_genome_wide_exhaustive/genome_wide_candidates_post_human.csv
VST-03ed4c8cfa516e76,VST-e5013681b230beb4,UL11,UL11,1,1,1.0,0.8595056491390186,same_gene_deletion_hypothesis,theoretical cut-to-cut interval; requires independent and experimental validation,${REPOSITORY_ROOT}/reports/hsv2_genome_wide_exhaustive/genome_wide_candidates_post_human.csv
VST-03ed4c8cfa516e76,VST-c4add79c19079290,UL11,UL11,27,27,1.0,0.8592471415196181,same_gene_deletion_hypothesis,theoretical cut-to-cut interval; requires independent and experimental validation,${REPOSITORY_ROOT}/reports/hsv2_genome_wide_exhaustive/genome_wide_candidates_post_human.csv
VST-e5013681b230beb4,VST-c4add79c19079290,UL11,UL11,26,26,1.0,0.8592471415196181,same_gene_deletion_hypothesis,theoretical cut-to-cut interval; requires independent and experimental validation,${REPOSITORY_ROOT}/reports/hsv2_genome_wide_exhaustive/genome_wide_candidates_post_human.csv
